Theodoric	alternativeSpelling	Theoderic, Theudoric, Theuderic, Theuderich, Þjóðríkr, Tjodrik, Dietrich, Ditrik, Dedrick
Shannon	alternativeSpelling	Sionainn, Seanan, Siannon, Shannen, Shanon, Shannan
Terry	alternativeSpelling	Terri, Terrie, Teri
Matthew	alternativeSpelling	Mathew
Ilyas	alternativeSpelling	Elyas, Ilias, İlyas, Elias
Alim	alternativeSpelling	Aleem
Hashim	alternativeSpelling	Hashem, Hachem
Gita	alternativeSpelling	Geeta
Thaddeus	alternativeSpelling	Thaddaeus
Ismail	alternativeSpelling	Esmail
Rashid	alternativeSpelling	Rāshid: Raashid, Rachid, Rashed
Rashid	alternativeSpelling	Rashīd: Rachid, Rasheed
Mustafa	alternativeSpelling	Mostafa, Mostapha, Moustafa, Moustapha, Mustapha, Mustafi
Wendy	alternativeSpelling	Wendi
Hilary	alternativeSpelling	Hillary
Teresa	alternativeSpelling	Theresa, Therese
Kunie	alternativeSpelling	Kunié
Clement	alternativeSpelling	Clément
Mathew	alternativeSpelling	Matthew
Farid	alternativeSpelling	Ferid, Fareed, Faried
Mahmud	alternativeSpelling	Mahmood, Mahmoud, Mahmut, Makhmud, Mehmood, Mehmud, Mohamud,Mahmoed, Mahmmoud
Pedro	alternativeSpelling	Pêro
Ciarán	alternativeSpelling	Ciaran
Casimir	alternativeSpelling	Casimiro
Casimir	alternativeSpelling	Kazimír
Casimir	alternativeSpelling	Kasimir
Casimir	alternativeSpelling	Kažimir
Casimir	alternativeSpelling	Kázmér
Casimir	alternativeSpelling	Казимир
Casimir	alternativeSpelling	Kazimieras
Eimi	alternativeSpelling	εἰμί
Zlatan	alternativeSpelling	Zoltan
Boutros	alternativeSpelling	Botros, Butrus
Mattan	alternativeSpelling	Matan, Matthan
Terri	alternativeSpelling	Terry
Vladimir	alternativeSpelling	Włodzimierz, Volodymyr, Waldemar, Uladzimir, Vladimiro, Bladimir, Wladimir
Cosmas	alternativeSpelling	Kosmas
Mihajlo	alternativeSpelling	Mihailo, Mijailo
Masashi	alternativeSpelling	まさし
Praveen	alternativeSpelling	Pravin, Prabin, Praween,Pravheen
Gwendolyn	alternativeSpelling	Guendolen, Gwendolen, Gwendoline, Gwendolin
Murtaza	alternativeSpelling	Murtada, Mortada, Mortaza, Marteza
Asad	alternativeSpelling	Assad
Dmitry	alternativeSpelling	Dmitri, Dmitrii, Dmitriy
Niccolò	alternativeSpelling	Nicolo, Nicollo
Marius	alternativeSpelling	Marivs
Sambor	alternativeSpelling	Sambir
Shahid	alternativeSpelling	Shaheed
Anaïs	alternativeSpelling	Anaís, Anais, Annais, Anaïse
Kumaraswamy	alternativeSpelling	Coomarasamy
Kumaraswamy	alternativeSpelling	Coomaraswamy
Kumaraswamy	alternativeSpelling	Kumarasamy
Colm	alternativeSpelling	Colum, Colom
Roy	alternativeSpelling	ROI
Alaa	alternativeSpelling	Ala, Alaa
Ja'far	alternativeSpelling	Jaafar, Jaffar, Jafer, Jaffer, Gafar, Gaafar, Cafer, Džafer
Ludvig	alternativeSpelling	Ludwig
Kaito	alternativeSpelling	かいと, 海翔, 海人, 快斗, 凱斗,
Nemanja	alternativeSpelling	Nemanya
Nemanja	alternativeSpelling	Немања
Kōichi	alternativeSpelling	Kōichi
Kōichi	alternativeSpelling	Kouichi
Louis	alternativeSpelling	Louys
Caitlin	alternativeSpelling	see article for variations
Umm Kulthum	alternativeSpelling	Um Kulthum, Om Kolthum, Om Kolsum, Umme Kolsum
Hisham	alternativeSpelling	Hicham
Hisham	alternativeSpelling	Hecham
Susmita	alternativeSpelling	Shushmitha, Sushmita, Sushmitha
Saad	alternativeSpelling	Sa'd, Sad
Ammar	alternativeSpelling	Amar
Musa	alternativeSpelling	Moussa
Amin	alternativeSpelling	Amine, Ameen, Amien
Toshiko	alternativeSpelling	敏子，俊子、淑子、寿子、稔子、年子、歳子
Hotaru	alternativeSpelling	Katakana
Hotaru	alternativeSpelling	Kanji: 蛍
Hakim	alternativeSpelling	Hakeem, Hakiem, Hakime
Hakim	alternativeSpelling	Hakem, Hakam
Dilawar	alternativeSpelling	Delaver, Delavar, Delawar, Dilaver
Muhammad	alternativeSpelling	Moohammed, Mahmad, Mehmed, Mahamed, Mohamad, Mohamed, Mohammad, Mohammed, Muhamad, Muhamed, Muhamet, Muhammed, Muhammet, Mahammud , Mehmet, Mohd, Muh,\
Roderick	alternativeSpelling	Hrœrekr, Rurik, Rorik, Rodrigo, Roderick, Rørik, Rúrik
Kanagasabai	alternativeSpelling	Canagasabai
Kanagasabai	alternativeSpelling	Canagasabey
Kanagasabai	alternativeSpelling	Kanagasaby
Hayate	alternativeSpelling	疾風
Parvati	alternativeSpelling	Parvathi, Parvathy
Joachim	alternativeSpelling	Joakim
Harun	alternativeSpelling	Haroon
Zakariya	alternativeSpelling	Zakaria, Zakariyya, Zekeria etc.
IJsbrand	alternativeSpelling	Ijsbrandt, Ysbrand, Eisbrand, Isbrand
Fathi	alternativeSpelling	Fathy
Loganathan	alternativeSpelling	Loganadan
Göran	alternativeSpelling	Jöran
Akhtar	alternativeSpelling	Akhter
Cindy	alternativeSpelling	Cyndy, Cyndi, Cindi
Trond	alternativeSpelling	Tron, Tronn, Thron, Thrond
Subramaniam	alternativeSpelling	Subrahmanyam
Subramaniam	alternativeSpelling	Subrahmanyan
Subramaniam	alternativeSpelling	Subramania
Subramaniam	alternativeSpelling	Subramanian
Subramaniam	alternativeSpelling	Subramaniya
Subramaniam	alternativeSpelling	Subramanyam
Subramaniam	alternativeSpelling	Subramanyan
Haru	alternativeSpelling	はる
Haru	alternativeSpelling	ハル
Lorraine	alternativeSpelling	Loraine, Lorayne
Joon-ho	alternativeSpelling	Jun-ho
Khalifa	alternativeSpelling	Khalifah, Khaleefa, Khaleefah
Stanley	alternativeSpelling	Stanly, Stanlee
Benoît	alternativeSpelling	Benoist, Benoit
Safiya	alternativeSpelling	Saffiyah, Safia
André	alternativeSpelling	Andre
Ghassan	alternativeSpelling	\
Linnéa	alternativeSpelling	Linnea
Eddie	alternativeSpelling	Eddy
Elliot	alternativeSpelling	Elliott, Eliott, Eliot, Elliot
Molly	alternativeSpelling	Mollie
Andranik	alternativeSpelling	Antranig, Antranik
Lily	alternativeSpelling	Lilly, Lillie
Koen	alternativeSpelling	Coen, Coene
Yael	alternativeSpelling	Iael, Iaël, Jael, Jaël, Yaël, Ιαήλ
Artyom	alternativeSpelling	Artem
Gwendolen	alternativeSpelling	Guendolen, Gwendoline, Gwendolyn, Gwendolin
Casey	alternativeSpelling	Kacey, Kasey, Cacey, Kacie, etc.
Strahinja	alternativeSpelling	Страхиња, Страхинья
Bronisław	alternativeSpelling	Branislav
Qasim	alternativeSpelling	Qāsim: Qaasim,  Casim, Cassim, Kacem, Kasem, Kassem, Kassim, Qasem, Kasim, Qassim, Ghasem, Kassam
Qasim	alternativeSpelling	Qasīm: Kaseem, Kasseem, Qaseem, Kasim,
Elín	alternativeSpelling	Elin
Balasubramaniam	alternativeSpelling	Balasubramanian
Balasubramaniam	alternativeSpelling	Balasubramaniem
Balasubramaniam	alternativeSpelling	Balasubramanyam
Balasubramaniam	alternativeSpelling	Balasubrahmanyam
Miloš	alternativeSpelling	Milosh
Kirara	alternativeSpelling	雲母
Otoha	alternativeSpelling	おとは, オトハ
Nuri	alternativeSpelling	Nori, Nouri, Noori
Dragoljub	alternativeSpelling	Драгољуб
Tawfik	alternativeSpelling	Tawfik, Tawfeeq, and Toufic in the Latin alphabet.
Ze'ev	alternativeSpelling	Zeev, Zev, Zeeb, Zeb
Sheetal	alternativeSpelling	shital
Jayaraj	alternativeSpelling	Jeyaraj
Shauna	alternativeSpelling	Shawna
Shauna	alternativeSpelling	Seana
Yury	alternativeSpelling	Yuri, Youri, Yuriy, Yurij, Iurii, Iouri Juri, Jüri
Velvel	alternativeSpelling	Velvl
Rutger	alternativeSpelling	Rudger
Dobiesław	alternativeSpelling	Dobosław
Hristo	alternativeSpelling	Khristo
Sławomir	alternativeSpelling	Slawomir
Sławomir	alternativeSpelling	Slavomir
Vlastimil	alternativeSpelling	Włościmił
Grete	alternativeSpelling	Grethe
Lubomir	alternativeSpelling	Ljubomir, Lyubomir, Lyubomyr, Любомир, Љубомир, Lubomír, Ľubomír
Thanasis	alternativeSpelling	Thanassis
Abhishek	alternativeSpelling	Abishek
Kaname	alternativeSpelling	要
Kaname	alternativeSpelling	かなめ
Afreen	alternativeSpelling	Aafreen
Nadesan	alternativeSpelling	Natesa
Nadesan	alternativeSpelling	Natesan
Stacy	alternativeSpelling	Staci, Stacie, Steacy or Stacey
Thorsten	alternativeSpelling	Thorstein, Torstein, Torsten
Arumugam	alternativeSpelling	Arumuga
Arumugam	alternativeSpelling	Arumuka
Arumugam	alternativeSpelling	Arumukan
Ganesan	alternativeSpelling	Ganeshan
Ganesan	alternativeSpelling	Kaneshan
Desiree	alternativeSpelling	Desirée
Vishal	alternativeSpelling	Vishaal, Vishaul
Parisa	alternativeSpelling	Pareesa
Solomon	alternativeSpelling	Salomon
Miloslav	alternativeSpelling	Miłosław
Kurumi	alternativeSpelling	胡桃
Clementine	alternativeSpelling	Clementine
Mamdouh	alternativeSpelling	Mamduh, Memduh, Memdouh
Mirabel	alternativeSpelling	Mirabelle, Mirabell
Kale	alternativeSpelling	Kayle, Kail, Cale
Dobromir	alternativeSpelling	Dobromierz
Ata	alternativeSpelling	‘Aṭā, `Ata, 'Ata, Atta, & Ataa in Arabic; Ataa in Fante
Czesław	alternativeSpelling	Česlav, Časlav
Mieczysław	alternativeSpelling	Mečislovas
Ludomir	alternativeSpelling	Ludomír, Ljudomir
Zdravko	alternativeSpelling	Zdrawko
Kvetoslav	alternativeSpelling	Kwiatosław
Predrag	alternativeSpelling	Предраг
Vitomir	alternativeSpelling	Witomir
Godzimir	alternativeSpelling	Godemir
Sobieslaw	alternativeSpelling	Soběslav, Собѧславь
Slavoljub	alternativeSpelling	Slavolub
Branka	alternativeSpelling	Bronka
Bratislav	alternativeSpelling	Братислав
Dobrogost	alternativeSpelling	Dobrohost
Osama	alternativeSpelling	Oussama, Usama, Usamah
Shukri	alternativeSpelling	Shoukri, Shoukry, Choukri
Milivoj	alternativeSpelling	Milivoje
Izzat	alternativeSpelling	Ezzat, Izat
Siniša	alternativeSpelling	Sinisa, Sinisha
Faris	alternativeSpelling	Fares, Farres, Farris
Luboš	alternativeSpelling	Ľuboš, Lubosz, Lubos
Imad	alternativeSpelling	Imaad, Emad, Emaad
Daud	alternativeSpelling	Dawud, Dawood, Daoud, Davud, Davut
Azim	alternativeSpelling	Adhim, Azeem, Adheem
Abdul Masih	alternativeSpelling	Abdul Masih, Abdel Masih, Abdel Messih, Abdemesih, Abdemessih, Abdumesih
Sidqi	alternativeSpelling	Sidki, Sedki, Sidky, Sedqi, Setki,
Jale	alternativeSpelling	Jaleh, Jhale, Zhaleh
Joo-hyun	alternativeSpelling	Ju-hyun, Ju-hyeon
Ataullah	alternativeSpelling	Atallah
Adel	alternativeSpelling	Adell
Adel	alternativeSpelling	Adil
Boulos	alternativeSpelling	Bulus, Bolos
Ibrahim	alternativeSpelling	Ebrahim
Jaelyn	alternativeSpelling	Jaelynn
Amer	alternativeSpelling	Aamir, Aamer, Amir
Stanislav	alternativeSpelling	Stanislaus , Stanislav , Stanislau , Stanislas , Stanislavs , Stanislovas , Stanisław , Estanislau , Estanislao , Szaniszló
Ludmila	alternativeSpelling	Ljudmila
Ludmila	alternativeSpelling	Lyudmila
Ludmila	alternativeSpelling	Ludmiła
Ludmila	alternativeSpelling	Людмила
Ludmila	alternativeSpelling	Људмила
Miroslav	alternativeSpelling	Mirosław
Włodzimierz	alternativeSpelling	Vladimir
Dobromil	alternativeSpelling	Dobromił
Dubravka	alternativeSpelling	Dąbrówka
Rajaratnam	alternativeSpelling	Rajarathnam
Rajaratnam	alternativeSpelling	Rajarathinam
Avetik	alternativeSpelling	Avedik
Avetis	alternativeSpelling	Avedis
Susanna	alternativeSpelling	Susannah, Suzanna, Suzannah, Susana, Suzana
Muslim	alternativeSpelling	Moslem, Müslüm
Manjirō	alternativeSpelling	万次郎, 満次郎
Vaibhav	alternativeSpelling	Vaybhav\nVybav
Miltiades	alternativeSpelling	Miltiadis
Velupillai	alternativeSpelling	Veluppillai
Maarten	alternativeSpelling	Maerten
Ishak	alternativeSpelling	Ishaq, Ishaaq, Ishaak
Anand	alternativeSpelling	Ananda
Jibril	alternativeSpelling	Jibreel, Jibra'il, Gibril
Bilal	alternativeSpelling	Belal, Bilaal
Lita	alternativeSpelling	Leta, Lida and Lata
Arti	alternativeSpelling	Aarti, Arati, Aarthi, Aarathi, Arthie, Aarthie, Arthy, Artee
Louie	alternativeSpelling	Louis
Soslan	alternativeSpelling	Сослaн
Balasingam	alternativeSpelling	Balasingham
Kanagaratnam	alternativeSpelling	Canagaratnam
Nagalingam	alternativeSpelling	Nagalingham
Nadarajah	alternativeSpelling	Nadaraja
Nadarajah	alternativeSpelling	Nataraj
Nadarajah	alternativeSpelling	Nataraja
Nadarajah	alternativeSpelling	Natarajan
Ponnambalam	alternativeSpelling	Ponnampalam
Thambiah	alternativeSpelling	Tambiah
Thambiah	alternativeSpelling	Thambaiyah
Thambiah	alternativeSpelling	Thambiayah
Yusha	alternativeSpelling	Yoosha, Yousha
Hongmin	alternativeSpelling	Hung-min
Nayab	alternativeSpelling	Nayaab, Niayab
Urooj	alternativeSpelling	Arooj, Arouj, Urouj
Otome	alternativeSpelling	乙女
Chelvanayakam	alternativeSpelling	Chelvanayagam
Chelvanayakam	alternativeSpelling	Selvanayagam
Chelvanayakam	alternativeSpelling	Selvanayakam
Talat	alternativeSpelling	Talaat, Tal'at, Talât
Fazel	alternativeSpelling	Fadil, Fadel, Fazil
Algirdas	alternativeSpelling	Elgirdas
Thangadurai	alternativeSpelling	Thangathurai
Bodil	alternativeSpelling	Bothild
Obdulio	alternativeSpelling	Obdúlio
Vishwajeet	alternativeSpelling	Vishwajit, Visvajit, Bishwajit, Biswajit, etc.
Nikolla	alternativeSpelling	Nikollë
Neeraj	alternativeSpelling	Niraj
Gitanjali	alternativeSpelling	Geetanjali
Gitanjali	alternativeSpelling	Geethanjali
Sumaya	alternativeSpelling	Soumaya
Sumaya	alternativeSpelling	Sumayah
Arnout	alternativeSpelling	Arnoud
Adarsh	alternativeSpelling	Aadarsh
Ashwin	alternativeSpelling	Ashvin, Aswin
Hanif	alternativeSpelling	Haneef
