Juha Helppi	firstname	Juha
Patrik Antonius	firstname	Patrik
Tuan Lam	firstname	Tuan
Eric Haber	firstname	Eric
Tommy Angelo	firstname	Tommy
James Akenhead	firstname	James
Joe Cada	firstname	Joe
Ilari Sahamies	firstname	Ilari
Sami Kelopuro	firstname	Sami
Janar Kiivramees	firstname	Janar
Peter Jetten	firstname	Peter
Shaun Deeb	firstname	Shaun
Owen Crowe	firstname	Owen
Ben Lamb	firstname	Ben
Mitch Schock	firstname	Mitch
Chris Moorman	firstname	Chris
Elio Fox	firstname	Elio
Christina Pie	firstname	Christina
Viacheslav Zhukov	firstname	Viacheslav
Poorya Nazari	firstname	Poorya
