Juha Helppi	lastname	Helppi
Patrik Antonius	lastname	Antonius
Tuan Lam	lastname	Lam
Eric Haber	lastname	Haber
Tommy Angelo	lastname	Angelo
James Akenhead	lastname	Akenhead
Joe Cada	lastname	Cada
Ilari Sahamies	lastname	Sahamies
Sami Kelopuro	lastname	Kelopuro
Janar Kiivramees	lastname	Kiivramees
Peter Jetten	lastname	Jetten
Shaun Deeb	lastname	Deeb
Owen Crowe	lastname	Crowe
Ben Lamb	lastname	Lamb
Mitch Schock	lastname	Schock
Chris Moorman	lastname	Moorman
Elio Fox	lastname	Fox
Christina Pie	lastname	Pie
Viacheslav Zhukov	lastname	Zhukov
Poorya Nazari	lastname	Nazari
