Brown University	latinName	Universitas Brunensis
Barnard College	latinName	Barnardi Collegii
Columbia University	latinName	Universitas Columbiae Neo Eboracensis
Dartmouth College	latinName	Collegium Dartmuthensis
Dalhousie University	latinName	Universitas Dalhousiana
University of Gothenburg	latinName	Universitas Gothoburgensis
Grinnell College	latinName	Collegium Grinnellense
Lund University	latinName	Universitas Lundensis or Universitas Gothorum Carolina. Also the older Regia Academia Carolina lundensis, or Academia Carolina conciliatrix.
Princeton University	latinName	Universitas Princetoniensis
Seattle University	latinName	Universitas Seattlensis
University of Michigan	latinName	Universitas Michigania
University of Bergen	latinName	Universitas Bergensis
University of Oslo	latinName	Universitas Osloensis
Uppsala University	latinName	Universitas Regia Ubsaliensis
University of Pennsylvania	latinName	Universitas Pennsylvaniensis
University of Oxford	latinName	Universitas Oxoniensis
University of Rochester	latinName	Universitas Roffensis
University of Sydney	latinName	Universitas Sidneiensis
University of Arizona	latinName	Universitas Arizonensis
Utrecht University	latinName	Universitas Rheno-Traiectina or Universitas Ultraiectina
University of Chicago	latinName	Universitas Chicaginiensis
Wabash College	latinName	Collegii Wabashensis
Yale University	latinName	Universitas Yalensis
Charles University	latinName	Universitas Carolina
Jagiellonian University	latinName	Universitas Iagellonica Cracoviensis
Poznań University of Technology	latinName	Polytechnica Posnaniensis
University of Glasgow	latinName	Universitas Glasguensis
University of Cologne	latinName	Universitatis Coloniensis
Odense University	latinName	Universitas Othiniensis
Mendel University Brno	latinName	Universitas Mendeliana Brunensis
University College London	latinName	Collegium Universitatis Londinensis
University of Vienna	latinName	Universitas Vindobonensis, also called Alma Mater Rudolphina
Washington University in St. Louis	latinName	Universitas Washingtoniana
University of London	latinName	Universitas Londiniensis
University of Bristol	latinName	Universitas Bristolliensis
Boston University	latinName	Universitas Bostoniensis
Xavier University – Ateneo de Cagayan	latinName	Universitas Xaverius Athenaea Cagayanus
University of Caen Normandy	latinName	Universitatis Cadomensis
University of North Carolina	latinName	Universitat Carol Septet
University of Lausanne	latinName	Schola Lausannensis
Rutgers University	latinName	Universitas Rutgersensis
Rutgers University	latinName	Civitatis Novae Caesareae
Tufts University	latinName	Universitas Tuftensis
University of Paris	latinName	Universitas magistrorum et scholarium Parisiensis
Leiden University	latinName	Academia Lugduno-Batava
University of Miami	latinName	Universitas Miamiensis
University of Bonn	latinName	Universitas Fridericia Guilelmia Rhenana
Complutense University of Madrid	latinName	Universitas Complutensis Matritensis
University of Southampton	latinName	Universitas de Sotoniensis
University of Ottawa	latinName	Universitas Kusyushy
University of Puerto Rico	latinName	Universitas Portoricensis
University of Dublin	latinName	Universitas Dubliniensis
National Autonomous University of Mexico	latinName	Universitas Nationalis Autonoma Mexici
University of Notre Dame	latinName	Universitas Dominae Nostrae a Lacu
Monash University	latinName	Universitas Monasiana
Trinity College, Toronto	latinName	Collegium Sacrosanctæ Trinitatis
University of Scranton	latinName	Universitas Scrantonensis
University of Kansas	latinName	Universitas Kansiensis
Dickinson College	latinName	Collegium Dickinsonium
Monmouth College	latinName	Collegii Monmouthiensis
Mount Allison University	latinName	Universitatis Montis Allisoniani
University of Tokyo	latinName	Universitas Tociensis
University of Ljubljana	latinName	Universitas Labacensis
University of Münster	latinName	Universitas Monasteriensis
NUI Galway	latinName	Universitas Hiberniae Nationali apud Galviam
John Carroll University	latinName	Universitas Joannis Carroll
Wellesley College	latinName	Collegium Wellesleianum
College of William & Mary	latinName	Collegium Gulielmi et Mariae in Virginia
DePauw University	latinName	Universitatis Depavensis
University of Copenhagen	latinName	Universitas Hafniensis
University of Göttingen	latinName	Universitas Regiæ Georgiæ Augustæ
University of St Andrews	latinName	Universitas Sancti Andreae apud Scotos
Gallaudet University	latinName	Universitas Gallaudetensis
University of the Philippines	latinName	Universitas Philippinensis
Gonzaga University	latinName	Universitas Gonzagae
La Trobe University	latinName	Universitas La Trobeana ref|As the institution is named after a person and not a geographical location, the correct terminology is La Trobeana and not La Trobensis. For reference see Sandys and his preference for Universitas Yaleana over Universitas Yalensis in John Edwin Sandys, Orationes Et Epistolae Cantabrigienses 1876–1909 (London: Macmillan & Company, limited, 1910), viii, accessed 17 Nov. 2015.|group=Note
University of Queensland	latinName	Universitate Terrae Reginensis
Seoul National University	latinName	Universitas Nationalis Seulensis
Loyola Marymount University	latinName	Universitas Loyolaae Mariamontis
University of New England	latinName	Universitas Nova Anglia
University of Adelaide	latinName	Universitas Adelaidensis
Carleton College	latinName	Collegium Carleton
University of Aberdeen	latinName	Universitas Aberdonensis
Pontifical Gregorian University	latinName	Pontificia Universitas Gregoriana
University of Tartu	latinName	Universitas Tartuensis
College of Saint Benedict and Saint John's University	latinName	Universitas Sancti Joannis Baptistae
Åbo Akademi University	latinName	Academia Aboensis
University of Helsinki	latinName	Universitas Helsingiensis
University of Western Australia	latinName	Universitas Australia Occidentalis
Boston College	latinName	Collegium Bostoniense
Providence College	latinName	Collegii Providentiensis
St. John's University	latinName	Universitatis Sancti Johannis
Villanova University	latinName	Universitas Villanovana
Ludwig Maximilian University of Munich	latinName	Universitas Ludovico-Maximilianea Monacensis
University of Groningen	latinName	Academia Groningana
University of Jyväskylä	latinName	Universitas Jyväskyläensis
University of Tübingen	latinName	Universitas Eberhardina Carolina
University of Bologna	latinName	Universitas Bononiensis
University of Oregon	latinName	Universitas Oregonensis
University of Oulu	latinName	Universitas Ouluensis
Ghent University	latinName	Academia Gandavensis
Bard College	latinName	Collegium Bardiari
National University of Ireland	latinName	Universitas Hiberniae Nationalis
University of Kentucky	latinName	Universitas Kentuckiensis
University of Vermont	latinName	Universitas Viridis Montis
University of Vermont	latinName	University of the Green Mountain
Indiana University Bloomington	latinName	Indianensis Universitatis
Caldwell University	latinName	Sigilum Universitatis Caldwellensis
Miami University	latinName	Universitas Miamiensis
Saint Peter's University	latinName	Universitas Sancti Petri
Collège de France	latinName	Collegium Franciæ Regium
University of Arkansas	latinName	Universitas Arcansia
University of Freiburg	latinName	Alma Mater Alberto-Ludoviciana
University of Ontario Institute of Technology	latinName	Universitas Ontario Instituto Technologiae
University of Delaware	latinName	Sigillum Universitatis Delaveriensis
De Anza College	latinName	De Aja
University of Zurich	latinName	Universitas Turicensis
Emmanuel College	latinName	Collegii Emmanuel Bostoniensis
Free University of Berlin	latinName	Universitas Libera Berolinensis
Queen's University Belfast	latinName	Universitas Reginae Belfastiae
University of Copenhagen Faculty of Science	latinName	Facultatis Naturalis
University of Nebraska–Lincoln	latinName	Universitas Nebraskensis
Vrije Universiteit Amsterdam	latinName	Universitas Libera
University of Nebraska system	latinName	Universitas Nebraskensis
Ateneo de Manila University	latinName	Universitas Athenaea Manilensis
University of South Australia	latinName	Universitas Australia Australis
Leipzig University	latinName	Alma mater Lipsiensis
University of Geneva	latinName	Schola Genevensis
McMaster University	latinName	Universitas Macmastrensis
Rockhurst University	latinName	Universitas Rockhurstensis
University of Newcastle	latinName	Universitas Novocastrium
University of Graz	latinName	Carolo Franciscea Graecensis
University of Indonesia	latinName	Universitas Studiorum Indonesiensis
University of Jena	latinName	Universitas Litterarum Jenensis
University of Melbourne	latinName	Universitas Melburniensis
Université de Sherbrooke	latinName	Universitatis Sherbrookensis
University of Padua	latinName	Universitas Studii Paduani
University of Georgia	latinName	Universitas Georgiae
Aalborg University	latinName	Universitas Alburgensis
Vrije Universiteit Brussel	latinName	Universitas Bruxellensis
Université libre de Bruxelles	latinName	Universitas Bruxellensis
University of Iceland	latinName	Universitas Islandiae
Memorial University of Newfoundland	latinName	Universitatis Memorialis Terræ Novæ
Dublin City University	latinName	Universitas Urbis Dubliniae
Université catholique de Louvain	latinName	Universitas Catholica Lovaniensis
Aarhus University	latinName	Universitas Aarhusiensis
University of Dundee	latinName	Universitas Dundensis
University of Passau	latinName	Universitas Pataviensis
Plymouth University	latinName	Universitas Plymouthensis
University of Basel	latinName	Universitas Basiliensis
Tbilisi State University	latinName	Universitas Tphilisensis
Fordham University	latinName	Universitas Fordhamensis
Wheeling Jesuit University	latinName	Universitas Jesuita Vhelingensis
Santa Clara University	latinName	Universitas Santae Clarae
Maynooth University	latinName	Universitas Hiberniae Nationali apud Manutium
Wrocław Medical University	latinName	Universitas Medicus Vratislaviensis
University of Wrocław	latinName	Universitas Wratislaviensis
University of Pisa	latinName	Universitas Pisana
University of Milan	latinName	Universitas Studiorum Mediolanensis
University of Parma	latinName	Alma Universitas Studiorum Parmensis
University of Florence	latinName	Florentina Studiorum Universitas
University of Turin	latinName	Alma Universitas Taurinensis
University of Siena	latinName	Universitas Senas
University of Puerto Rico at Mayagüez	latinName	Universitatis Portoricensis Mayagüez
Saint Joseph's University	latinName	Universitas Sancti Iosephi
University of Urbino	latinName	Studiorum Universitas Publica Urbinatensis
University of Genoa	latinName	Genuense Athenaeum
College of the Holy Cross	latinName	Collegium Sanctae Crucis
Wrocław University of Science and Technology	latinName	Polytechnica Wratislaviensis
Ca' Foscari University of Venice	latinName	Venetiarum universitas in domo Foscari
Koszalin University of Technology	latinName	Polytechnica Coslinensis
Loyola University New Orleans	latinName	Universitas Loyolaae Neo Aurelianensis
Kabul University	latinName	Universitas Cabulensis
Canisius College	latinName	Collegium Canisii
Ohio University	latinName	Universitas Ohiensis
Middlebury College	latinName	Collegium Medioburiense Viridis Montis
Villa Maria College	latinName	Villae Mariae Buffalensis
King's College	latinName	Collegium Christi Regis
Fairfield University	latinName	Universitas Fairfieldensis
University of Marburg	latinName	Schola Marpvrgensis
Hamilton College	latinName	Collegii Hamiltonensis
Andhra Christian College	latinName	Collegium Andhra Christianus
Southampton Solent University	latinName	Sotoniensis Soluente Universitas
Xavier University	latinName	Universitas Xaveriana
Yeshiva of Far Rockaway	latinName	יְשִׁיבָה דֶרֶךְ אֵיתָן
University of Bamberg	latinName	Universitas Bambergensis
University of Poitiers	latinName	Universitas Pictavium
University of Fribourg	latinName	Universitas Friburgensis
St Patrick's College, Dublin	latinName	Collegii Sti Patricii
Mary Immaculate College	latinName	Collegium Mariae Immaculatae
University of Trier	latinName	S. Almi Studii Treverensis
University of Amsterdam	latinName	Universitas Amstelodami
University of Dallas	latinName	Universitas Dallasensis
University of Kiel	latinName	Academia Holsatorum Chiloniensis
University of Kiel	latinName	sive
University of Kiel	latinName	Christiana Albertina
Vilnius University	latinName	Universitas Vilnensis
Kobe University	latinName	Kobienasis Universitas
Lafayette College	latinName	Collegium Lafayettense
University of Salamanca	latinName	Universitas Studii Salamanticensis
Duquesne University	latinName	Universitas Spiritus Sancti Duquesnensis
University of Lisbon	latinName	Universitas Olisiponensis
University of Latvia	latinName	Universitas Latviensis
Saint Louis University	latinName	Universitas Sancti Ludovici
University of Tasmania	latinName	Universitas Tasmaniensis
University of Tampere	latinName	Universitas Tamperensis
Le Moyne College	latinName	Collegium Le Moyne
University of Greifswald	latinName	Universitas Gryphiswaldensis
All Hallows College	latinName	Collegium Omnium Sanctorum pro Missionibus exteris
Central European University	latinName	Universitas Europae Centralis
Adam Mickiewicz University in Poznań	latinName	Universitas Studiorum
Adam Mickiewicz University in Poznań	latinName	Mickiewicziana Posnaniensis
University of Montpellier	latinName	Universitas Montempestellarium
University of Innsbruck	latinName	Universitas Leopoldino Franciscea, also called Alma Mater Oenipontana
La Salle University	latinName	Universitas La Salliana
Gannon University	latinName	Universitas Gannonensis
University of Copenhagen Faculty of Theology	latinName	Facultatis Theologicæ
University of Copenhagen Faculty of Law	latinName	Facultatis Iuridicæ
University of Copenhagen Faculty of Social Sciences	latinName	Facultatis Socialis
Saint Petersburg State University	latinName	Universitas Petropolitana
South East European University	latinName	Universitas Evropae Orientalis Meridionalis
University of Pavia	latinName	Alma Ticinensis Universitas
University of Rostock	latinName	Universitas Rostochiensis
University of Königsberg	latinName	Universitas Albertina
European Schools	latinName	Schola Europaea
Union Theological Seminary	latinName	Seminarium Theologici Unioniensis Novi Eboraci
Eötvös Loránd University	latinName	Universitas Budapestinensis de Rolando Eötvös nominata
Birkbeck, University of London	latinName	Collegium Birkbeck Londiniense
Pontifical Catholic University of Chile	latinName	Universitas Catholica Chilensis
University of Würzburg	latinName	Universitas Julius-Maximilianae Herbipoli
University of Lyon	latinName	Universitas Lugdunum
University of Turku	latinName	Universitas Aboensis
University of Coimbra	latinName	Universitas Conimbrigensis
National University of Kharkiv	latinName	Universitas Charkoviensis
University of Strasbourg	latinName	Universitas Argentorati
University of Santo Tomas	latinName	Pontificia et Regalis Sancti Thomæ Aquinatis Universitas Manilana
Loyola University Maryland	latinName	Universitas Loyolaae Marylandia
University College Cork	latinName	Universitas Hiberniae Nationali apud Corcagium
Regis University	latinName	Universitas Regisiana
Creighton University	latinName	Universitas Creightoniana
Spring Hill College	latinName	Collegium Fons Collis
University of Detroit Mercy	latinName	Universitas Detroitensis Misericordia
Washington & Jefferson College	latinName	Collegium Washingtoniense et Jeffersoniense
John Paul II Catholic University of Lublin	latinName	Universitas Catholica Lublinensis Ioannis Pauli II
Xiamen University	latinName	Universitas Amoiensis
Sydney Missionary and Bible College	latinName	lux in tenebris lucet
St Patrick's College, Maynooth	latinName	Collegium Sti Patricii Apud Maynooth
Sewanee: The University of the South	latinName	Universitas Meridiana
Muskingum University	latinName	Collegii Muskingumensis
College of New Rochelle	latinName	Collegium Novae Rupellae
University of Guadalajara	latinName	Universitas Guadalaxaræ
Vytautas Magnus University	latinName	Universitas Vytauti Magni
Hamrahlid College	latinName	Aliquam ultrices scelerisque Hamrahlid
Mount St. Mary's University	latinName	Universitas Sanctae Mariae Ad Montes
University of Puerto Rico, Río Piedras Campus	latinName	Universitatis Portoricensis
University of Puerto Rico at Arecibo	latinName	Universitatis Portoricensis
University of Puerto Rico at Utuado	latinName	Universitatis Portoricensis
University of Zagreb	latinName	Universitas Studiorum Zagrabiensis
Medical University of Białystok	latinName	Academia Medica Bialostocensis
Beijing Normal University	latinName	Universitas Normalis Pechinum
Taiyuan University of Technology	latinName	Taiyuan
University of Macau	latinName	Universitas Macaonensis
St. Andrew's School	latinName	Scholae Sancti Andreae
National Chengchi University	latinName	Universitas Nationalis Chengchi
Silliman University	latinName	Universitas Sillimaniensis
Radboud University Nijmegen	latinName	Universitas Radbodiana Noviomagensis
Fu Jen Catholic University	latinName	Universitas Catholica Fu Jen
University of Oviedo	latinName	Universitas Ovetensis
European School of Luxembourg I	latinName	Schola Europaea
Keldysh Institute of Applied Mathematics	latinName	Keldysh Institute of Applied Mathematics
University of Toulouse	latinName	Universitas Tolosatibus
Mount Royal University	latinName	Universitas Montis Regius
Ateneo de Davao University	latinName	Universitas Athenaea Davaensis
University of Białystok	latinName	Universitas Bialostocensis
University of Gdańsk	latinName	Universitas Gedanensis
Centre College	latinName	Collegium Centrum
National University of San Marcos	latinName	Academia S. Marci Vrbis Regvm in Perv
University of Hradec Králové	latinName	Universitas Reginaegradecensis
University of Asia and the Pacific	latinName	Universitas Asiae et Pacificarum
Wagner College	latinName	Collegium Wagnerianum
University of London Institute in Paris	latinName	Universitas Londiniensis
Elmhurst College	latinName	Collegium Elmhurstiense
University of Bern	latinName	Universitas Bernensis
Akureyri Junior College	latinName	Schola Akureyrensis
University of Aveiro	latinName	Universitas Alavariensis
Warsaw School of Economics	latinName	Schola Princeps Scientiarum Œconomicarum et Commercii
Upsala College	latinName	Collegii Upsaliensis
Sapienza University of Rome	latinName	Studium Urbis
Sophia University	latinName	Universitas Sedis Sapientiae
Johannes Kepler University Linz	latinName	Alma Mater Kepleriana
Saint Mary's University of Minnesota	latinName	Universitatis Sanctæ Mariæ
West Virginia Wesleyan College	latinName	Wesleyanum Collegium Virginiae Occidentalis
University of San Agustin	latinName	Universitas Sancti Agustini
Catholic University of Korea	latinName	Universitatis Catholicae Coreae
Chung-Ang University	latinName	Universitas Centralis
Semmelweis University	latinName	Universitas Budapestinensis de Semmelweis nominata
Masaryk University	latinName	Universitas Masarykiana Brunensis
Pine Manor College	latinName	Pineae Manoris Collegii
Georgian Technical University	latinName	GEORGIAE UNIVERSITAS RERUM TECHNICI
University of San Carlos	latinName	Universitatis Sancti Caroli
St. Patrick's, Carlow College	latinName	Collegii Carloviensis
Tomas Bata University in Zlín	latinName	Universitas Thomae Bata Zlinensis
Quezon City Science High School	latinName	Regionalium Scientia Alta Schola
Colegio de San Juan de Letran	latinName	Ecclesiasticus Sancti Iohannis Lateranus Collegium Manilana
Budapest University of Technology and Economics	latinName	Universitas Budapestinensis Scientiarum Technicarum et Oeconomicarum
Erasmus University Rotterdam	latinName	Academia Erasmiana Roterodamensis
Taras Shevchenko National University of Kyiv	latinName	Universitas Kioviensis
St. Xavier's College, Mumbai	latinName	Collegium Sancti Xaverii
National University of Kyiv-Mohyla Academy	latinName	Academia Kiioviensis Mohileana
St. Xavier High School	latinName	''
Kwansei Gakuin University	latinName	Universitas Collegii Kwanseiensis
Kansai University	latinName	Universitas Kansaiensis
University of Miskolc	latinName	Universitas Miskolciensis
Patna University	latinName	Universitas Patna
European School, Bergen	latinName	Schola Europaea Bergensis
University of Hamburg	latinName	Universitas Hamburgensis
Saint Charles Preparatory School	latinName	Collegium Sancti Caroli Borromeo
University of Erlangen-Nuremberg	latinName	Universitas Friderici Alexandriae
University of Silesia in Katowice	latinName	Universitas Silesiensis
St Mary's College, St Andrews	latinName	Collegium Sanctae Mariae
Pontifical North American College	latinName	Pontificium Collegium Civitatum Foederatarum Americae Septemtrionalis
Kentucky State University	latinName	Statum Universitas Kentuckiensis
University of Navarra	latinName	Universitas Studiorum Navarrensis
University of Perugia	latinName	Studium Generale Civitatis Perusii
Institut Catholique de Paris	latinName	Universitas Catholica Parisiensis
University of Trento	latinName	Athesina Studiorum Universitas
University of Modena and Reggio Emilia	latinName	Universitas Studiorum Mutinensis et Regiensis
University of Osnabrück	latinName	Universitas Osnabrugensis
Comenius University	latinName	Universitas Comeniana Bratislavensis
Lyceum of the Philippines University	latinName	Universitas Lycei de Philippinarum
Cheikh Anta Diop University	latinName	Universitas Dakarensis
University of Évora	latinName	Universitatis Eborensis
Palacký University, Olomouc	latinName	Universitatis Palacianae Olomoucencis
University of Rome Tor Vergata	latinName	Turris Virgatae
University of Catania	latinName	Siciliae Studium Generale or \
University of Messina	latinName	Universitas Studiorum Messanae
University of Nantes	latinName	Universitas Naundes
University of Salerno	latinName	Hippocratica Civitas Studium Salerni
Ateneo de Zamboanga University	latinName	Universitas Athenaea Zamboangensis
Cardinal Stefan Wyszyński University in Warsaw	latinName	Universitas Cardinalis Stephani Wyszyński Varsoviae
College of Saint Rose	latinName	Collegii Sanctae Rosae
Central Philippine University	latinName	Universitas Centralis Philippinarum
University of Yangon	latinName	Vniversitatem Yangon
Queen's University of Ireland	latinName	Universitas Reginae Hiberniae
Lviv University	latinName	Universitas Leopoliensis
University of Liège	latinName	Universitas Leodiensis
Miles College	latinName	Sapientia et Pax et Amor Omnibus
Pomeranian Medical University in Szczecin	latinName	Universitas Medica Pomeraniensis Sedinae
Royal College of Physicians of Ireland	latinName	Collegium Regale Medicorum Hibernicum
University of Udine	latinName	Universitas Studiorum Utinensis
University of Ostrava	latinName	Universitas Ostraviensis
University of Pécs	latinName	Universitas Quinqueecclesiensis
Marietta College	latinName	Collegium Mariettensis
Gdańsk Medical University	latinName	Universitas Medica Gedanensis
Bahria University	latinName	Universidad Naval
University of Economics in Katowice	latinName	Universitas Oeconomicae Catoviciensis
University of Mostar	latinName	Universitas Studiorum Mostariensis
Sacred Heart Cathedral Preparatory	latinName	(www.shcp.edu)
University of Natal	latinName	Universitas Nataliensis
Pázmány Péter Catholic University	latinName	Universitas Catholica de Petro Pazmany Nominata
Catholic University of Ireland	latinName	Catholica Universitas Hiberniae
Babeș-Bolyai University	latinName	Universitas Napocensis
University for Foreigners Perugia	latinName	Antiquam exquirite matrem
Kraków University of Economics	latinName	Universitas Oeconomicae Cracoviensia
International University in Geneva	latinName	studium de rebus vertendis
University of Zadar	latinName	Universitas Studiorum Jadertina
Jesuit School of Theology of Santa Clara University	latinName	Schola Jesuita Theologiae de Universitas Santae Clarae
Henry M. Goldman School of Dental Medicine	latinName	Universitas Bostoniensis
University of Debrecen	latinName	Universitas Debreceniensis
Covington Latin School	latinName	Covingtonensis Latina Schola
District University of Bogotá	latinName	Universitas Distritalis Franciscia Joseph Caldas
Ranchi University	latinName	Universitas Ranchiensis
Royal University of Ireland	latinName	Universitas Hiberniae Regium
University of Novi Sad	latinName	Universitas Studiorum Neoplantensis
National and Kapodistrian University of Athens	latinName	Universitas Atheniensis
Saarland University	latinName	Universitas Saraviensis
Catholic University of Eichstätt-Ingolstadt	latinName	Universitas Catholica Eystettensis - Ingolstadii
University of Douai	latinName	Universitas Duacensis
Summit Country Day School	latinName	Academia Dominae Nostrae Cincinnatensis
Paulusheim	latinName	Gymnasium Sancti Pauli Bruchsaliae
Loyola Catholic School	latinName	LCS
College of Mount Saint Vincent	latinName	Collegium ad Sancti Vincentii Montem
Albertus Magnus College	latinName	Collegium Alberti Magni
St Mac Dara's Community College	latinName	St Mac Dara Communitatis Collegii
Pontifical University of the Holy Cross	latinName	Pontificia Universitas Sanctae Crucis
University of Sarajevo	latinName	Universitas Studiorum Saraievoensis
Sanata Dharma University	latinName	Universitas Sanata Dharma
Wroclaw University of Environmental and Life Sciences	latinName	Universitas Rerum Naturalium Wratislaviensis
Saint Louis University	latinName	Universitas Sancti Ludovici
Elms College	latinName	Collegium Dominae Nostrae In Ulmis
Holy Cross School	latinName	(Sanctus Crux crucis Altus Schola)
University of Agriculture	latinName	studio rusticarum Faisalabad
Università degli studi di Bari Aldo Moro	latinName	Universitatis Barensis
University of Yamanashi	latinName	University of Yamanashi
Kore University of Enna	latinName	Studiorum Universitas Hennae
Università Cattolica del Sacro Cuore	latinName	Universitas Catholica Sacri Cordis Jesu
Mediterranea University of Reggio Calabria	latinName	Universitas Studiorum Mediterranea
Technological University of the Philippines	latinName	Technologica Universitas Philippinarum
Tuscia University	latinName	Universitas Studiorum Tusciae
University of Cassino and Southern Lazio	latinName	Universitas Studiorum Casinas
University of Molise	latinName	Universitas Studiorum Molisii
University of Salento	latinName	Universitas Studiorum Lupiaensis
University of Insubria	latinName	Universitas Studiorum Insubriae
University of Camerino	latinName	Camerinum Universitas
University of Cagliari	latinName	Universitas Studiorum Caralitana
Regional Science High School for Region 1	latinName	Regionalium Scientia Alta Schola
Austin Preparatory School	latinName	Schola Praeparatoria Austin
Columbia College	latinName	Collegium Columbus
University of Split	latinName	Universitas Studiorum Spalatensis
University of Rijeka	latinName	Universitas studiorum Fluminensis
University of Dubrovnik	latinName	Universitas Studiorum Ragusina
University of National and World Economy	latinName	Universitas de nationalibus et mundi oeconomia
University of the Faroe Islands	latinName	Academia Færoensis
University of Craiova	latinName	Universitas Craiovensis
University of Galați	latinName	Universitas Galatiensis
University of Cantabria	latinName	Cantabriae Universitas
West University of Timișoara	latinName	Universitas Occidentalis Timisiensis
University of Murcia	latinName	Universitas Studiorum Murciana
Morrin College	latinName	Collegii Morrinensis
Shiraz University of Technology	latinName	Shiraz University of Technology
Dominican School of Philosophy and Theology	latinName	Collegium Sancti Alberti Magni
Talladega College	latinName	Collegium Talladegense
Santa Isabel College Manila	latinName	Colegio de Santa Isabel
Cabrini High School	latinName	S. Franciscus Cabrini Catholic Highschool
Technical University of Cluj-Napoca	latinName	Universitas Technica Napocensis
Rosemont College	latinName	Collegium Rosemontense
Loreto Secondary School, Navan	latinName	Lauretánæ Secundaria Schola, Sancte Michael scriptor
Ukrainian Free University	latinName	Universitas Libera Ukrainensis
St. Henry High School	latinName	Saincti Henrici
Ateneo de Tuguegarao	latinName	Athenaea Tuguegaraoanus
Fuchs Mizrachi School	latinName	E Plurbis Unum
Gymnasium Christianeum	latinName	Christianeum gymnasium academicum altonensis
Grigore T. Popa University of Medicine and Pharmacy	latinName	Universitas Medicinae et Pharmaciae Iassyorum
Catholic Theological Union	latinName	Unio Catholica Theologica
Aleksandër Moisiu University	latinName	Universitas Aleksandër Moisiu
University of Medicine and Pharmacy of Craiova	latinName	Universitas Medicinae et Pharmaciae Craiovensis
University of Łódź	latinName	Universitas Lodziensis
St. John's College, Agra	latinName	Sancti Ioannis collegium
Boston University School of Public Health	latinName	Universitas Bostoniensis
Regional Science High School for Region VI	latinName	Regionalium Scientia Alta Schola
University of Tuzla	latinName	Universitas Studiorum Tuzlaensis
Marianapolis Preparatory School	latinName	Schola Marianapolitana
Penn-Trafford School District	latinName	Warrior
Convent of the Sacred Heart	latinName	Sacratissimi Cordis Conventus
Holy Angel University	latinName	Universitas Sancti Angelis
Illinois Central College	latinName	Cougnation
Saint Joseph University	latinName	Universitas Sanctus Iosephus
Pontifical Urban University	latinName	Pontificia Universitas Urbaniana
City College of New York	latinName	Collegii Urbis Nov Eborac
New York University	latinName	Universitas Neo Eboracensis
Cornell University	latinName	Universitas Cornelliana
McGill University	latinName	Universitas McGill
Université de Montréal	latinName	Universitas Montis Regii
University of Toronto	latinName	Universitas Torontonensis
Central Luzon State University	latinName	Pambansang Pilipinas
PMI Colleges Bohol	latinName	Fortuna Favet Fortibus
Classical Gymnasium in Zagreb	latinName	Gymnasium Classicum Zagrabiense
Fordham University School of Law	latinName	Universitatis Fordhamensis Iuris Schola
Memorial High School	latinName	latin
St. Vincent Ferrer Seminary	latinName	Sancti Vincentii Ferrer Seminarium
Pontificio Collegio Filippino	latinName	Collegium Pontificium Seminarium Sanctae Mariae de Pace et Bona Navigatione
Iuliu Hațieganu University of Medicine and Pharmacy	latinName	Universitas Medicinae et Pharmaciae Napocensis
Trinity University of Asia	latinName	Universitas Trinitatis Asiae
Merion Mercy Academy	latinName	Mater Misericordiae Academy
Matej Bel University	latinName	Universitas Matthiae Belii
Senate of Serampore College	latinName	SERAMPORE SENATUM COLLEGIUM
1 Decembrie 1918 University, Alba Iulia	latinName	Universitas Apulensis
Boston University School of Medicine	latinName	Universitas Bostoniensis
University of Granada	latinName	\
Boston University Medical Campus	latinName	Universitas Bostoniensis
Ton Duc Thang University	latinName	Universitas Ton Duc Thang
Faculty of Information Technology, University Džemal Bijedić of Mostar	latinName	Universitas Studiorum Mostariensis
University of Brunei Darussalam	latinName	Universitas Bruneiensis
Savannah State University	latinName	Lux Et Veritas
University of Prešov	latinName	Universitas Presoviensis
Boston University Science and Engineering Program	latinName	Universitas Bostoniensis
Father Saturnino Urios University	latinName	Pater Saturnino Urios Universitas
University of Economics Varna	latinName	Ikonomicheski universitet - Varna
École Technique Officielle	latinName	Official Technical School
Regional Science High School for Region 2	latinName	Regionalium Scientia Alta Schola
City Vision University	latinName	Urbs Visum Contraho
St. Bernard Preparatory School	latinName	Schola Praeparatoria Sancti Bernardi
University of Warsaw	latinName	Universitas Varsoviensis
St. Patrick-St. Vincent High School	latinName	Espiritu Santos
Pontifical John Paul II Institute for Studies on Marriage and Family	latinName	Pontificium Institutum Joannes Paulus II Studiorum Matrimonii ac Familiae
St. John High School	latinName	Sanctus John Evangelist Altus Schola
Holy Rosary High School	latinName	Sanctus Rosary Altus Schola
Theological College	latinName	Seminarium Sancti Sulpitii
Cambridge Regional College	latinName	cambrridge regione colegio
Colegio Jordán de Sajonia	latinName	Schola Jordanus de Saxonia
Saint Bernard School	latinName	Schola Sancti Bernardi
Federal University of Mato Grosso do Sul	latinName	Universitas Silvestris Meridianus Brasiliensis
Ateneo de Naga University	latinName	Universitas Athenaea Nagensis
Saint Benedict's Preparatory School	latinName	(Collegium Sancti Benedicti)
Fordham College of Liberal Studies, Fordham University	latinName	Collegium  Fordhamense Studiorum Liberalium
Danylo Halytsky Lviv National Medical University	latinName	Universitatis Medicinalis Leopoliensis
Norwegian School of Veterinary Science	latinName	Schola Veterinaria Norvegiae
St. Xavier's High School, Patna	latinName	Academia Sancti Xaverii
Thomasschule zu Leipzig	latinName	Schola Thomana Lipsiensis
Collegio Borromeo	latinName	Almum Collegium Borromaeum
University of Limoges	latinName	Universitas Lemovicinis
John Paul II Institute	latinName	Pontificium Institutum Joannes Paulus II Studiorum Matrimonii ac Familiae Vashintoniae
Kyrgyz Technical University	latinName	Iskhak Razzakov atyndagy Kyrgyz Mamlekettik Tekhnikalyk Universiteti
Juraj Dobrila University of Pula	latinName	Universitas studiorum Polensis Georgii Dobrila
University of La Rochelle	latinName	Universitas Rupellam
University of Perpignan	latinName	Universitas Perpinianum
Cergy-Pontoise University	latinName	Universitas Cergiacum
Nancy 2 University	latinName	Universitas Nanceiensis
Cavite National Science High School	latinName	Regionalium Scientia Alta Schola
Dumaguete Science High School	latinName	Regionalium Scientia Alta Schola
Barstow Community College	latinName	Collegium Barstowea
Kazimierz Wielki University in Bydgoszcz	latinName	Universitas Casimiri Magni
Han Chiang High School	latinName	Schola secundus Han Chiang
NorthPointe Christian Schools	latinName	Aquilonis Punctum Christian Scholis
St. Mary's High School	latinName	(www.saintmaryshighschool.org)
Vasile Goldiș Western University of Arad	latinName	UNIVERSITAS OCCIDENTALIS ARADIENSIS VASILE GOLDIS
University of Trnava	latinName	Universitas Tyrnaviensis
Kharkiv National Medical University	latinName	Universitas medicinalis nationalis Сharkoviensis
Oregon City School District	latinName	Oregon Urbs Schola Plaga
Anthony Wayne Local School District	latinName	Anthony Wayne Urbs Schola Plaga
Maumee City School District	latinName	Maumee Urbs Schola Plaga
Ottawa Hills Local School District	latinName	Ottawa Hills Urbs Schola Plaga
Sylvania City School District	latinName	Sylvania Urbs Schola Plaga
Eastwood Local School District	latinName	Eastwood Urbs Schola Plaga
Otsego Local School District	latinName	Otsego Urbs Schola Plaga
Archbold Area Local School District	latinName	Archbold Urbs Schola Plaga
Evergreen Local School District	latinName	Evergreen Urbs Schola Plaga
Fayette Local School District	latinName	Gorham Fayette Urbs Schola Plaga
Pike-Delta-York Local School District	latinName	Pike-Delta-York Urbs Schola Plaga
Pettisville Local School District	latinName	Pettisville Urbs Schola Plaga
Swanton Local School District	latinName	Swanton Urbs Schola Plaga
Ridgedale Local School District	latinName	Ridgedale Urbs Schola Plaga
Benton-Carroll-Salem Local School District	latinName	Benton-Carroll-Salem Urbs Schola Plaga
Danbury Local School District	latinName	Danbury Urbs Schola Plaga
Genoa Area Local School District	latinName	Genoa Area Urbs Schola Plaga
University of Nariño	latinName	Vniversitas Stvdiorvm Nariñenses
Covenant Christian School	latinName	Testaméntum Christianae Sectae
Mindanao University of Science and Technology	latinName	Mindanao Universitas de Scientiarum et Technology
European University at Saint Petersburg	latinName	Universitas Europaea Petroburgum
Hunan Agricultural University	latinName	Universitas Agriculturae Hunanensis
Southern Leyte State University	latinName	Australis Leyte Civitas University
Opole University	latinName	Universitas Opoliensis
Boston University College of Health and Rehabilitation Sciences	latinName	Universitas Bostoniensis
O&M College	latinName	Universidad O&M
San Carlos Seminary	latinName	Seminarium Sancti Caroli
Northwood Local School District	latinName	Northwood Urbs Schola Plaga
San Pedro College	latinName	Collegium Sancti Petri
Central Colleges of the Philippines	latinName	Centro Colegio de Pilipinas
Šiauliai University	latinName	Universitas Saulensis
Pontifical Irish College	latinName	Pontificum Collegium Hibernorum
Cardonald College	latinName	Colligium Cardonaldis Glasguensis
Aalto University	latinName	Universitas Aalto
Stavanger Cathedral School	latinName	Schola Stavangriensis
Kerala United Theological Seminary	latinName	Uncta Theologica Seminarium Kerala
University of Zielona Góra	latinName	Universitas Viridimontanae
Government Science College	latinName	imperium scientia, collegium
Harvard University	latinName	Universitas Harvardiana
Goa Medical College	latinName	Goa Medical College
Ukrainian Medical Stomatological Academy	latinName	Ukrayinska medychna stomatologichna akademiya
Immaculate Heart of Mary Seminary	latinName	Seminarii Immaculati Cordis Mariæ
Batangas State University	latinName	Universitas Civica Batangas
Nicolaus Copernicus University in Toruń	latinName	Universitas Nicolai Copernici
Jan Kochanowski University	latinName	Universitas Ioannis Cochanovii Kielcensis
Autonomous University of Zacatecas	latinName	Universitas Autonoma Zacatensis
St. John's Regional Seminary	latinName	Regio SeminarumM SanctusS Iohannes
Kazimierz Pułaski University of Technology and Humanities in Radom	latinName	Universitas Technologiae et Humanistica Radomensis Casimirus Pulaski
Military Academy of Modena	latinName	Abdinasir Nur Hashi
Riverdale Academy	latinName	Riverdale Academiae
St. John's Regional Seminary	latinName	REGIO SEMINARIUM SANCTUS IOHANNES
St. Patrick's College, Thurles	latinName	Collegii Sti Patricii
Jan Evangelista Purkyně University in Ústí nad Labem	latinName	Universitas Purkyniana Ustensis
Enverga University	latinName	Universitas  Enverga
Saint Michael College of Caraga	latinName	Collegium Sancti Michaelis Caraga
The Willows Academy	latinName	Academia Salices
Regional Science High School III	latinName	Regionalium Scientia Alta Schola
Naogaon Government College	latinName	Collegium Imperium Naogaon
Donetsk State University of Management	latinName	Donetskiy derzhavniy universitet upravlinna
University of the People	latinName	Universitas Populi
University of Bihać	latinName	Universitas Studiorum Bihigiensis
Silesian University	latinName	Universitas Silesiana Opaviensis
Université Félix Houphouët-Boigny	latinName	Sigilium Universitatis Abidjansis
Keen College	latinName	Keen Collegium
Escuela Nacional de Artes Plásticas %22Rafael Rodríguez Padilla%22	latinName	National Scholam Arts
University of Medicine and Pharmacy of Târgu Mureș	latinName	Universitas Medicinae et Pharmaciae Marisiensis
Universidad Rural	latinName	Universidad Rural de Guatemala
Indiana University	latinName	Indianensis Universitas
University of Edinburgh	latinName	Universitas Academica Edinburgensis
Sacred Heart of Jesus High School	latinName	praedonem religionum somnia
Radio offshore	latinName	Radioitas Offshoresis
Daniel Alcides Carrión National University	latinName	Universitas Carrionensis, also called Alma Mater Carrionina
University of Missouri	latinName	Universitas Missouriensis
Nueva Granada Military University	latinName	Universidad Militar Nueva Granada
Access International Academy Ningbo	latinName	File:AIAN Logo.jpg
A.V.V.M Sri Pushpam College	latinName	ஸ்ரீ புஷ்பம் கல்லூரி
College of Business and Technology	latinName	Erudio, Scientia, Integritas
Požarevac Gymnasium	latinName	Požaravačka gimnazija
Kyiv National Linguistic University	latinName	Universitas nationalis lingwistica Kieviensis
Patchogue-Medford High School	latinName	250
St. Andrew’s College of Arts, Science and Commerce	latinName	San Andrés
Sunchon National University	latinName	Universitas Nationalis Suntion
Iloilo Science and Technology University	latinName	Universitas Technologiae et Scientiarum Iloilensis
Faculty of Theology and Religious Studies, Catholic University of Leuven	latinName	Facultas Sacrae Theologiae Lovaniensis
University of Arts of Albania	latinName	Art Academiae
Óbuda University	latinName	Universitas Budensis
University of Cambridge	latinName	Universitas Cantabrigiensis
Old University of Leuven	latinName	Studium Generale Lovaniense ; Academia Lovaniensis ; Universitas Lovaniensis
Università degli Studi di Napoli %22L'Orientale%22	latinName	Instituti Orientalis Neapolitani
University of Extremadura	latinName	Universitas Extrematurensis
Howard University College of Medicine	latinName	Veritas et Utilitas
Circle of Oak and Mistletoe	latinName	Circulus Quercus et Visco
PMI Colleges	latinName	Fortuna Favet Fortibus
Faculty of Health Sciences and Physical Culture of Kazimierz Pułaski University of Technology and Humanities in Radom	latinName	Facultas Salus Scientia et Ars Athletica
Collège Antoine-Girouard	latinName	Seminarium S. Hyacinihi.
Batangas State University Apolinario R. Apacible School of Fisheries	latinName	Universitas Civica Batangas
Batangas State University Apolinario R. Apacible School of Fisheries	latinName	Apolinario R. Apacible Scholae de Piscariis
Batangas State University Jose P. Laurel Polytechnic College	latinName	Universitas Civica Batangas
Batangas State University Jose P. Laurel Polytechnic College	latinName	Jose P. Laurel Polytechnic Collegium
St. Thomas Seminary	latinName	Sigillum Seminarii Sancti Thomae Hartford
Baltic International Academy	latinName	Academiae Balthicum Internationalis
Holy Spirit College	latinName	Collegium Sancti Spiritus
Pontifical University Antonianum	latinName	Pontificia Universitas Antonianum
University of Szczecin	latinName	Universitas Stetinensis
Faculty of Philology and Pedagogics of Kazimierz Pułaski University of Technology and Humanities in Radom	latinName	Facultas Philologi et Paedagogiae
Epoka University	latinName	Tempus
Comrat State University	latinName	Gagauzian language
Faculty of Materials Science, Technology and Designe of Kazimierz Pułaski University of Technology and Humanities in Radom	latinName	Facultas Materies Scientia, Technologia et Disegno
Ural State Law University	latinName	Ural State Law University
University of Zenica	latinName	Universitas Studiorum Zenicaensis
University Džemal Bijedić of Mostar	latinName	Universitas Studiorum Mostariensis
Katholieke Universiteit Leuven	latinName	Universitas Lovaniensis
Durham University	latinName	Universitas Dunelmensīs
Teachers Faculty, University Džemal Bijedić of Mostar	latinName	Universitas Studiorum Mostariensis
Agromediterranean Faculty, University Džemal Bijedić of Mostar	latinName	Universitas Studiorum Mostariensis
Humanities, University Džemal Bijedić of Mostar	latinName	Universitas Studiorum Mostariensis
Faculty of Business Management, University Džemal Bijedić of Mostar	latinName	Universitas Studiorum Mostariensis
Philippine Military Academy	latinName	Philippine Academiae Militaris
University of Cambodia	latinName	Sakalvityealay Kampuchea
Lay Centre at Foyer Unitas	latinName	Centrum Laicum ad Foyer Unitas
Riga Stradiņš University	latinName	Universitas Rigensis Stradina
Shomal University	latinName	Shomal University Of Amol
Catholic University of Portugal	latinName	Universitas Catholica Lusitana
University of Warmia and Mazury in Olsztyn	latinName	Universitas Varmiensis-Masuriensis in Olsztyn
University of San Francisco	latinName	Universitas Sancti Francisci
Latvia University of Agriculture	latinName	Universitas agriculturae Latviensis
Muhammadiyah University of Surakarta	latinName	Universitas Muhammadiyah Surakarta
Webber Academy	latinName	Webber Academiae
Liceo de Zamboanga	latinName	Humanitas Excellentiam Scientiae
Jagannath Barooah College	latinName	J B College
Jeonju National University of Education	latinName	Universitas  Jeonju Doctrina Publica
Institute of Integrated Management and Technology, Varanasi	latinName	IIMT manipulus Institutis
City University of Pasay	latinName	Urbis Universitas Pasay
Campuses of Arellano University	latinName	Università di Arellano – José Abad Santos città università
Campuses of Arellano University	latinName	Università di Arellano – Plaridel città università
Western Sacred Music Course	latinName	Schola Artis Spiritualis: Musica Sacra
Ural Federal University	latinName	Universitas Uralensis
Regional Science High School for Region IX	latinName	Regionalium Scientia Alta Schola
Saint Thomas Aquinas College	latinName	Sanctus Tomas Aquinas Collegium
Thiruthangal Nadar College	latinName	University of Madras
The Eastern Public School and College Mirpurkhas	latinName	Lorem ipsum dolor sit amet orientales Mirpurkhas
Technological University of the Philippines – Taguig	latinName	Technologica Universitas Philippinarum
Georgian International Academy	latinName	Georgiana Internationalis Academia
Universidad Rafael Belloso Chacín	latinName	Universidad Rafael Belloso Chacín
Martin Luther University of Halle-Wittenberg	latinName	Universitas hallensis
University of South Bohemia in České Budějovice	latinName	Universitas Bohemiae Meridionalis Budovicensis
St. Xavier's College, Nuwara Eliya	latinName	Sancti Xavier Collegii
Al-Ahliyya Amman University	latinName	Al-Ahliyya Amman University
Vishwajyot High School	latinName	A School with a Difference
University of Lorraine	latinName	Universitas Lotharingiae
Dharmaram College	latinName	Pontificium Collegium Civitatum Foederatarum Americae Septemtrionalis
Alma Mater Europaea	latinName	Alma Mater Europaea
Panjab University Swami Sarvanand Giri Regional Centre, Hoshiarpur	latinName	Palus Sarvanand Giri
University of the Gambia	latinName	Universitatis Gambia
Technological University of the Philippines – Cavite	latinName	Ogica Universitas Philippinarum
Technological University of the Philippines – Visayas	latinName	Technologica Universitas Philippinarum
Minerva Schools at KGI	latinName	Universitas Minervae
JECRC University	latinName	FF
El Nasr Boys' School	latinName	British Boys' School
Baa Atoll Education Centre	latinName	(Baa Atholhu Thau'leemee Markazu)
Greenwich University, Karachi	latinName	Labor Omnia Vincit
CAV High School	latinName	Chandulal Anglo Vedic Senior Secondary School
Università degli Studi Niccolò Cusano	latinName	Universitas Nicolaus Cusanus
Taguig City University	latinName	:la:Taguig Urbem Universitas
Faculty of Social Sciences, Charles University in Prague	latinName	Facultas Rerum Socialium
Saint Ferdinand College	latinName	Colegio De San Fernando
Catholic University of Cameroon, Bamenda	latinName	Universitas Catholica Cameruniae
Ramkrishna Sarada Mission Sister Nivedita Girls' School	latinName	Ramakrishna Sarada Missonem Soror Nivedita Puellarum Schola
Saint Paul University Surigao	latinName	Sancte Paule University Surigao
Zaporizhzhya National Technical University	latinName	Zaporizhzhya National Technical University
Kyiv Medical University of UAFM	latinName	Pryvatny vyshchy navchalny zaklad “Kyivsky medychny universytet UANM”
Kyiv National Economic University	latinName	Derzhavnyi vyshchyi navchalnyi zaklad \
Classic Private University	latinName	Klasychnyi pryvatnyi universytet
Lutsk National Technical University	latinName	Lutsk nationalis technicus universitatis
Lviv Academy of Commerce	latinName	Lvivska komertsiyna akademiya
National Pedagogical Dragomanov University	latinName	National paedagogica University nomine nuncupetur, M.P.Dragomanov
Ukrainian National Forestry University	latinName	Silvae Universitas
Odesa National Maritime University	latinName	Odeskyi natsionalnyi morskyi universytet
Odessa National Academy of Food Technologies	latinName	Odessa National Academy of Victus Technologies
Vasyl Stefanyk Ciscarpathian National University	latinName	Vasyl Stefanyk Precarpathian National University
Ternopil Volodymyr Hnatyuk National Pedagogical University	latinName	Universitas Ternopoliensis
Ukrainian Engineering Pedagogics Academy	latinName	UKRAYINSKA INZHENERNO-PEDAGOGICHNA AKADEMIYA
Pontifical Academy for Latin	latinName	Pontificia Academia Latinitatis
Kharkiv State Academy of Culture	latinName	Kharkivska derzhavna academia kultury
Kharkiv State University of Food Technology and Trade	latinName	Kharkivsky derzhavny universytet kharchuvannia i torgivli
Kharkiv College of Textile and Design	latinName	Adfirmet superior educational condita \
Kherson State University	latinName	Khersonsky derzhavny universytet
Kherson National Technical University	latinName	Khersonskyy Natsionalnyy Technichnyy Universytet
Petro Mohyla Black Sea State University	latinName	Chornomorsky derzhavny universytet imeni Petra Mohyly
Kharkiv National Automobile and Highway University	latinName	Kharkiv Nationaly Avtomobilno-Dorozniy Universytet
Kharkiv National Academy of Municipal Economy	latinName	Kharkivska Natsionalna Akademiya Miskogo Gospodarstva
Missouri Photo Workshop	latinName	Missouri Photo Officina
Sainik School, Rewari	latinName	Soldiers School
National Metallurgical Academy of Ukraine	latinName	National  metallurgical  academia    Ucraina
Jodhpur National University	latinName	Jodhpur Populus Universitas
Kreuzschule	latinName	schola crucis
Aarhus University, School of Business and Social Sciences	latinName	Universitas Aarhusiensis
University of Ragusa	latinName	Siciliae Studium Generale or \
Lyceum of the Philippines University-Cavite	latinName	Universitas Lycei de Philippinarum
Lyceum of the Philippines University-Laguna	latinName	Universitas Lycei de Philippinarum
Università degli Studi Pegaso	latinName	Universitas Pegasus
Università Telematica Universitas Mercatorum	latinName	Universitas Mercatorum
St Xaviers College, Jaipur	latinName	Collegium Sancti Xaverii
Ilia State University	latinName	Heliae Universitas Publica
Ohio Soldiers' and Sailors' Orphans' Home	latinName	Woodrow Wilson High School
University of Porto	latinName	Universitas Portucalensis
Pavol Horov Gymnasium	latinName	Gymnasiensis Paulensis Horovensis
University of Lisbon	latinName	Universitas Olisiponensis
Faculty of Science, University of Zagreb	latinName	Facultas Scientiarum Naturalium et Mathematicarum
Port Shepstone Secondary School	latinName	Secundarium Schola Portum Shepstone
Center for Research and Development in Health Sciences	latinName	Centro de Investigación y Desarrollo en Ciencias de la Salud
UIET, Hoshiarpur	latinName	Palus Sarvanand Giri
Boys Town Jerusalem	latinName	Kiryat Noar Yerushalayim
Panducot, Bulacan	latinName	Schola Mariæ Panducotensis
Bulacan State University College of Business Administration	latinName	Collegium Negotiorum Gestionis Universitatis Bulacanensis
University College Dublin	latinName	Universitate Hiberniae Nationali apud Dublinum
Gymnasium Kadaň	latinName	Gymnasium Caadanense
Orenburg State University	latinName	Universitas Publica Orenburgensis
Gusa Regional Science High School	latinName	Regionalium Scientia Alta Schola
ARMM Regional Science High School	latinName	Regionalium Scientia Alta Schola
Bicol Regional Science High School	latinName	Regionalium Scientia Alta Schola
Santa Catalina College	latinName	Beaterio/Colegio de Sta. Catalina de Sena
First Faculty of Medicine, Charles University in Prague	latinName	Facultas Medica Prima Universitatis Caroli
Colegio Máximo de San José	latinName	Collegium Maximum Sancti Ioseph
Amguri College	latinName	Amguri College
Our Lady of Good Counsel	latinName	Universitas Mater Boni Consilii
Gusa Regional Science High School - X	latinName	Regionalium Scientia Alta Schola
University of Cervera	latinName	Academia Cervariensis
Faculty of Law, University of Zagreb	latinName	Universitas Studiorum Zagrabiensis, Facultas Iuridica
Shree Amarsingh Model Higher Secondary School	latinName	Soldier's Board Vocational Training High School
Vivekananda Global University	latinName	FF
Baranagore Ramakrishna Mission Ashrama High School	latinName	Baranagore Ramakrishna Missionem Monasterium Excelsum Schola
KREA Contemporary Expression	latinName	Convent of Betoño
North Lakes Academy	latinName	File:NLA3x3 logo.jpg
Ukrainian Medical Dental Academy	latinName	Ukrayinska medychna stomatologichna akademiya
Eastern Visayas Regional Science High School	latinName	Regionalium Scientia Alta Schola
Alabel National Science High School	latinName	Regionalium Scientia Alta Schola
Bahçelievler Anatolian High School	latinName	Anatolisches Gymnasium Bahcelievler
Our Lady of the Pillar Seminary	latinName	Seminarium Virgen el Pilar
Empresarial University of Costa Rica	latinName	Universidad Empresarial de Costa Rica
Jhanji Hemnath Sarma College	latinName	Jhanji Hemnath Sarma college
Hainan Middle School	latinName	Hainan Zhongxue
Kharkiv Medical Academy of Post-graduate Education	latinName	Derzhavnij zaklad “Pivdennoukrainskij natsionalnyj pedagogichnyj universitet imeni K. D. Ushinskogo”
Majuli College	latinName	Majuli College
Dakshin Gujarat Adivasi Sevamandal	latinName	દશ્રિણ ગુજરાત આદિવાસી પછા્ત સેવામંડળ ગુજરાત
Faculty of Medicine, Košice, Pavol Jozef Šafárik University	latinName	Universitas Šafarikiana Cassoviensis Faculta Medicae
Trinity College, Leuven	latinName	Collegium SS. Trinitatis
PMG Matric. Higher Secondary. School, Othakkalmndapam	latinName	%22A glorious institution investing in students for an excellent sustainable future%22
D A V Public School, Tanda	latinName	D A V
State Higher Vocational School in Tarnow	latinName	Collegium Tarnoviense
Major Seminary of Bogotá	latinName	Seminarium Bogotense
Institute of Mathematical Problems of Biology	latinName	Institute of Mathematical Problems of Biology
St. Xavier's College, Simdega	latinName	Collegium Sancti Xaverii
Odessa State Environmental University	latinName	Odesky derzhavny ekologichny universityet
