U.S. Postal Service Pro Cycling Team	oldname	Sunkyong
U.S. Postal Service Pro Cycling Team	oldname	Subaru-Montgomery
U.S. Postal Service Pro Cycling Team	oldname	Montgomery-Bell
U.S. Postal Service Pro Cycling Team	oldname	U.S. Postal Service
U.S. Postal Service Pro Cycling Team	oldname	U.S. Postal Service-Discovery Channel
U.S. Postal Service Pro Cycling Team	oldname	Discovery Channel
HTC–Highroad	oldname	Team Telekom
HTC–Highroad	oldname	T-Mobile Team
HTC–Highroad	oldname	Team High Road
HTC–Highroad	oldname	Team Columbia
HTC–Highroad	oldname	Team Columbia–High Road
HTC–Highroad	oldname	Team Columbia–HTC
HTC–Highroad	oldname	Team HTC–Columbia
HTC–Highroad	oldname	HTC–Highroad
Astana Pro Team	oldname	Astana Pro Team
Crédit Agricole	oldname	Vétements Z-Peugeot
Crédit Agricole	oldname	Z-Peugeot
Crédit Agricole	oldname	Z-Tomasso
Crédit Agricole	oldname	Z
Crédit Agricole	oldname	GAN
Crédit Agricole	oldname	Crédit Agricole
Tinkoff	oldname	home–Jack & Jones
Tinkoff	oldname	Memory Card–Jack & Jones
Tinkoff	oldname	CSC–Tiscali
Tinkoff	oldname	Team CSC
Tinkoff	oldname	CSC–Saxo Bank
Tinkoff	oldname	Team Saxo Bank
Tinkoff	oldname	Saxo Bank–SunGard
Tinkoff	oldname	Saxo Bank–Tinkoff Bank
Tinkoff	oldname	Saxo–Tinkoff
Tinkoff	oldname	Tinkoff–Saxo
Tinkoff	oldname	Tinkoff
Euskaltel–Euskadi	oldname	Euskadi-Petronor
Euskaltel–Euskadi	oldname	Equipo Euskadi
Euskaltel–Euskadi	oldname	Euskaltel-Euskadi
Movistar Team	oldname	Reynolds
Movistar Team	oldname	Banesto
Movistar Team	oldname	iBanesto.com
Movistar Team	oldname	Illes Balears–Banesto
Movistar Team	oldname	Illes Balears–Caisse d'Epargne
Movistar Team	oldname	Caisse d'Epargne–Illes Balears
Movistar Team	oldname	Caisse d'Epargne
Movistar Team	oldname	Movistar Team
Team Bianchi	oldname	Team Coast
Team Bianchi	oldname	Team Coast-Buffalo
Team Bianchi	oldname	Team Bianchi
Cofidis	oldname	Cofidis
Lotto–Soudal	oldname	Lotto
Lotto–Soudal	oldname	Lotto-Emerxil–Merckx
Lotto–Soudal	oldname	Lotto–Merckx
Lotto–Soudal	oldname	Lotto–Vlaanderen–Jong–Mbk–Merckx
Lotto–Soudal	oldname	Lotto–Superclub
Lotto–Soudal	oldname	Lotto–Mavic–MBK
Lotto–Soudal	oldname	Lotto–Isoglass
Lotto–Soudal	oldname	Lotto–Mobistar–Isoglass
Lotto–Soudal	oldname	Lotto–Mobistar
Lotto–Soudal	oldname	Lotto–Adecco
Lotto–Soudal	oldname	Lotto–Domo
Lotto–Soudal	oldname	Davitamon–Lotto
Lotto–Soudal	oldname	Predictor–Lotto
Lotto–Soudal	oldname	Silence–Lotto
Lotto–Soudal	oldname	Omega Pharma–Lotto
Lotto–Soudal	oldname	Lotto–Belisol
Lotto–Soudal	oldname	Lotto–Soudall
Lotto–Soudal	oldname	Lotto Fix ALL
7-Eleven	oldname	7
7-Eleven	oldname	Motorola
La Vie Claire	oldname	La Vie Claire-Terraillon
La Vie Claire	oldname	La Vie Claire-Radar
La Vie Claire	oldname	Toshiba-La Vie Claire
La Vie Claire	oldname	Toshiba-Look
La Vie Claire	oldname	Toshiba-Kärcher-Look
La Vie Claire	oldname	Toshiba
FDJ	oldname	La Française des Jeux
FDJ	oldname	FDJeux.com
FDJ	oldname	FDJ
FDJ	oldname	FDJ–BigMat
FDJ	oldname	FDJ.fr
Direct Énergie	oldname	Bonjour
Direct Énergie	oldname	Brioches La Boulangère
Direct Énergie	oldname	Bouygues Télécom
Direct Énergie	oldname	Bbox Bouygues Telecom
Direct Énergie	oldname	Team Europcar
Direct Énergie	oldname	Direct Énergie
Team LottoNL–Jumbo	oldname	Kwantum-Decosol
Team LottoNL–Jumbo	oldname	Superconfex-Yoko
Team LottoNL–Jumbo	oldname	Buckler–Colnago
Team LottoNL–Jumbo	oldname	Wordperfect
Team LottoNL–Jumbo	oldname	Novell
Team LottoNL–Jumbo	oldname	Rabobank
Team LottoNL–Jumbo	oldname	Blanco
Team LottoNL–Jumbo	oldname	Belkin
Team LottoNL–Jumbo	oldname	LottoNL–Jumbo
De Nardi	oldname	De Nardi–Pasta Montegrappa
De Nardi	oldname	De Nardi-Colpack
De Nardi	oldname	De Nardi-Piemme Telekom
De Nardi	oldname	Domina Vacanze
Phonak	oldname	Phonak
Fassa Bortolo	oldname	Fassa Bortolo
BankGiroLoterij	oldname	Bankgiroloterij-Batavus
BankGiroLoterij	oldname	Bankgiroloterij
TVM	oldname	TVM-Van Schilt
TVM	oldname	TVM-Ragno
TVM	oldname	TVM
TVM	oldname	TVM-Sanyo
TVM	oldname	TVM-Bison Kit
TVM	oldname	TVM-Polis Direct
TVM	oldname	TVM-Farm Frites
TVM	oldname	Farm Frites
Gerolsteiner	oldname	Schauff Oeschelbronn
Gerolsteiner	oldname	Gerolsteiner
Liquigas	oldname	Liquigas–Bianchi
Liquigas	oldname	Liquigas
Liquigas	oldname	Liquigas–Doimo
Liquigas	oldname	Liquigas–Cannondale
Liquigas	oldname	Cannondale
Saeco	oldname	Saeco Macchine per Caffé
Saeco	oldname	Saeco-Longoni Sport
Saeco	oldname	Saeco Macchine per Caffé-Valli & Vall
Saeco	oldname	Saeco Macchine per Caffé-Cannondale
Saeco	oldname	Saeco
Saeco	oldname	Saeco-AS Juvenes San Marino
Etixx–Quick-Step	oldname	Quick-Step–Davitamon
Etixx–Quick-Step	oldname	Quick-Step–Innergetic
Etixx–Quick-Step	oldname	Quick-Step
Etixx–Quick-Step	oldname	Omega Pharma–Quick-Step
Etixx–Quick-Step	oldname	Etixx–Quick-Step
Mapei	oldname	Mapei
Mapei	oldname	Mapei-Clas
Mapei	oldname	Mapei-GB
Mapei	oldname	Mapei-Bricobi
Mapei	oldname	Mapei-Quick Step
Saunier Duval–Prodir	oldname	Saunier Duval-Prodir
Saunier Duval–Prodir	oldname	Saunier Duval-Scott
Saunier Duval–Prodir	oldname	Scott-American Beef
Saunier Duval–Prodir	oldname	Fuji-Servetto
Saunier Duval–Prodir	oldname	Footon-Servetto-Fuji
Saunier Duval–Prodir	oldname	Geox-TMC
AG2R La Mondiale	oldname	Chazal
AG2R La Mondiale	oldname	Petit Casino
AG2R La Mondiale	oldname	Casino–AG2R Prévoyance
AG2R La Mondiale	oldname	AG2R Prévoyance
AG2R La Mondiale	oldname	AG2R–La Mondiale
Team Milram	oldname	Team Milram
Lampre–Merida	oldname	Lampre–Merida
Lampre–Merida	oldname	Lampre–ISD
Lampre–Merida	oldname	Lampre–Farnese Vini
Lampre–Merida	oldname	Lampre–NGC
Lampre–Merida	oldname	Lampre
Lampre–Merida	oldname	Lampre–Fondital
Lampre–Merida	oldname	Lampre–Caffita
Lampre–Merida	oldname	Lampre–Daikin
Lampre–Merida	oldname	Lampre–Panaria
Lampre–Merida	oldname	Lampre–Polti
Lampre–Merida	oldname	Lampre–Colnago
Lampre–Merida	oldname	Colnago–Lampre
ONCE	oldname	ONCE
ONCE	oldname	ONCE–Deutsche Bank
ONCE	oldname	ONCE–Eroski
ONCE	oldname	Liberty Seguros
ONCE	oldname	Liberty Seguros–Würth
ONCE	oldname	Würth Team
ONCE	oldname	Astana–Würth Team
ONCE	oldname	Astana Team
Agritubel	oldname	Agritubel
Louletano–Hospital de Loulé	oldname	Imoholding-Loulé
Louletano–Hospital de Loulé	oldname	Imoholding-Loulé Jardim Hotel
Louletano–Hospital de Loulé	oldname	Madeinox Bric Loulé
Louletano–Hospital de Loulé	oldname	Centro Ciclismo de Loulé
Louletano–Hospital de Loulé	oldname	CC Loulé-Louletano-Aquashow
Louletano–Hospital de Loulé	oldname	Louletano-Dunas Douradas
Louletano–Hospital de Loulé	oldname	Louletano–Ray Just Energy
Louletano–Hospital de Loulé	oldname	Louletano-Hospital Loulé-Jorbi
Liberty Seguros Continental	oldname	Águias de Alpiarça
Liberty Seguros Continental	oldname	Águias/Clok
Liberty Seguros Continental	oldname	LA Aluminios-AC Malveira
Liberty Seguros Continental	oldname	LA Aluminios-Pecol-Águias de Alpiarça
Liberty Seguros Continental	oldname	LA Aluminios-Pecol-Calbrita
Liberty Seguros Continental	oldname	LA Aluminios-Pecol-Bombarral
Liberty Seguros Continental	oldname	LA Aluminios-Liberty Seguros
Liberty Seguros Continental	oldname	Liberty Seguros
LA Alumínios–Antarte	oldname	W52-Paredes Movel
LA Alumínios–Antarte	oldname	Paredes Movel-W52
LA Alumínios–Antarte	oldname	Paredes Movel-Ecop
LA Alumínios–Antarte	oldname	Paredes Rota dos Móveis-Tintas VIP
LA Alumínios–Antarte	oldname	Paredes Rota dos Móveis-Antares VIP
LA Alumínios–Antarte	oldname	Antarte-Rota dos Móveis
LA Alumínios–Antarte	oldname	Paredes Rota dos Móveis-Beira Tamega
LA Alumínios–Antarte	oldname	Fercase-Rota dos Móveis
LA Alumínios–Antarte	oldname	LA-Rota dos Móveis
LA Alumínios–Antarte	oldname	LA-Antarte
Acqua & Sapone	oldname	Acqua & Sapone-Caffè Mokambo
Acqua & Sapone	oldname	Acqua & Sapone-Adria Mobil
Acqua & Sapone	oldname	Acqua & Sapone
Kelme	oldname	Kelme-Gios
Kelme	oldname	Kelme-Merckx
Kelme	oldname	Kelme
Kelme	oldname	Kelme-Ibexpress
Kelme	oldname	Kelme-Don Cafe
Kelme	oldname	Kelme-Xacobeo
Kelme	oldname	Kelme-Avianca-Gios
Kelme	oldname	Kelme-Sureña
Kelme	oldname	Kelme-Artiach
Kelme	oldname	Kelme-Costa Blanca-Eurosport
Kelme	oldname	Kelme-Costa Blanca
Kelme	oldname	Comunidad Valenciana-Kelme
Kelme	oldname	Comunidad Valenciana-Elche
Kelme	oldname	Comunidad Valenciana
LPR	oldname	LPR-Piacenza
LPR	oldname	Team LPR
LPR	oldname	LPR Brakes-Ballan
LPR	oldname	LPR Brakes-Farnese Vini
Androni Giocattoli–Sidermec	oldname	Gaseosas Glacial–Selle Italia
Androni Giocattoli–Sidermec	oldname	Kross–Selle Italia
Androni Giocattoli–Sidermec	oldname	Selle Italia
Androni Giocattoli–Sidermec	oldname	Aguardiente Néctar–Selle Italia
Androni Giocattoli–Sidermec	oldname	Selle Italia–Pacific
Androni Giocattoli–Sidermec	oldname	Colombia–Selle Italia
Androni Giocattoli–Sidermec	oldname	Selle Italia–Serramenti Diquigiovanni
Androni Giocattoli–Sidermec	oldname	Serramenti PVC Diquigiovanni–Selle Italia
Androni Giocattoli–Sidermec	oldname	Serramenti PVC Diquigiovanni–Androni Giocattoli
Androni Giocattoli–Sidermec	oldname	Androni Giocattoli
Androni Giocattoli–Sidermec	oldname	Androni Giocattoli–Venezuela
Androni Giocattoli–Sidermec	oldname	Androni–Sidermec
Androni Giocattoli–Sidermec	oldname	Androni Giocattoli–Sidermec
Topsport Vlaanderen–Baloise	oldname	Vlaanderen 2002
Topsport Vlaanderen–Baloise	oldname	Vlaanderen–T-Interim
Topsport Vlaanderen–Baloise	oldname	Chocolade Jacques–T-Interim
Topsport Vlaanderen–Baloise	oldname	Chocolade Jacques–Topsport Vlaanderen
Topsport Vlaanderen–Baloise	oldname	Topsport Vlaanderen
Topsport Vlaanderen–Baloise	oldname	Topsport Vlaanderen–Mercator
Topsport Vlaanderen–Baloise	oldname	Topsport Vlaanderen–Baloise
Team Giant–Alpecin	oldname	Shimano–Memory Corp
Team Giant–Alpecin	oldname	Skil Shimano
Team Giant–Alpecin	oldname	Project 1t4i
Team Giant–Alpecin	oldname	Argos–Shimano
Team Giant–Alpecin	oldname	Giant–Shimano
Team Giant–Alpecin	oldname	Team Giant–Alpecin
Wiesenhof–Felt	oldname	Wiesenhof-Leipzig
Wiesenhof–Felt	oldname	Team Wiesenhof
Wiesenhof–Felt	oldname	Wiesenhof-AKUD
Wiesenhof–Felt	oldname	Wiesenhof-Felt
Andalucía	oldname	Andalucía-Paul Versan
Andalucía	oldname	Andalucía-CajaSur
Andalucía	oldname	Andalucía-Caja Granada
Andalucía	oldname	Andalucía
Ceramica Flaminia	oldname	Team Icet
Ceramica Flaminia	oldname	Ceramica Flaminia
Ceramica Flaminia	oldname	Ceramica Flaminia-Bossini Docce
Bardiani–CSF	oldname	Termolan
Bardiani–CSF	oldname	Santini
Bardiani–CSF	oldname	Selca
Bardiani–CSF	oldname	Italbonifica–Navigare
Bardiani–CSF	oldname	Navigare–Blue Storm
Bardiani–CSF	oldname	Scrigno–Blue Storm
Bardiani–CSF	oldname	Scrigno–Gaerne
Bardiani–CSF	oldname	Navigare–Gaerne
Bardiani–CSF	oldname	Ceramica Panaria–Gaerne
Bardiani–CSF	oldname	Ceramiche Panaria–Fiordo
Bardiani–CSF	oldname	Ceramiche Panaria–Margres
Bardiani–CSF	oldname	Ceramica Panaria–Navigare
Bardiani–CSF	oldname	CSF Group–Navigare
Bardiani–CSF	oldname	Colnago–CSF Inox
Bardiani–CSF	oldname	Colnago–CSF Bardiani
Bardiani–CSF	oldname	Bardiani Valvole–CSF Inox
Bardiani–CSF	oldname	Bardiani–CSF
Landbouwkrediet–Colnago	oldname	Saxon
Landbouwkrediet–Colnago	oldname	Saxon-Breitex
Landbouwkrediet–Colnago	oldname	Saxon-Selle Italia
Landbouwkrediet–Colnago	oldname	Tönissteiner-Saxon
Landbouwkrediet–Colnago	oldname	Tönissteiner-Colnago
Landbouwkrediet–Colnago	oldname	Landbouwkrediet-Colnago
Landbouwkrediet–Colnago	oldname	Landbouwkrediet-Tönissteiner
Landbouwkrediet–Colnago	oldname	Landbouwkrediet
Landbouwkrediet–Colnago	oldname	Landbouwkrediet-Euphony
Landbouwkrediet–Colnago	oldname	Crelan-Euphony
Mróz	oldname	Mróz
Mróz	oldname	Mróz-Supradyn Witaminy
Mróz	oldname	Action-NVidia-Mróz
Mróz	oldname	Action-ATI
Mróz	oldname	Intel-Action
Mróz	oldname	Action-Uniqa
Mróz	oldname	Mróz-Action-Uniqa
Mróz	oldname	Mróz Continental Team
Mróz	oldname	Mróz-Active Jet
Mróz	oldname	Team HP-Sferis
Miche–Guerciotti	oldname	Miche
Miche–Guerciotti	oldname	Miche-Silver Cross
Miche–Guerciotti	oldname	Miche-Silver Cross-Selle Italia
Miche–Guerciotti	oldname	Miche-Guerciotti
Rádio Popular–Boavista	oldname	Boavista F.C.
Rádio Popular–Boavista	oldname	Boavista F.C.-Zanussi
Rádio Popular–Boavista	oldname	Boavista-Sportlis
Rádio Popular–Boavista	oldname	Recer-Boavista
Rádio Popular–Boavista	oldname	Boavista
Rádio Popular–Boavista	oldname	Carvalhelhos-Boavista
Rádio Popular–Boavista	oldname	Riberalves-Boavista
Rádio Popular–Boavista	oldname	Madeinox-Boavista
Rádio Popular–Boavista	oldname	Onda
Rádio Popular–Boavista	oldname	Rádio Popular-Onda
Rádio Popular–Boavista	oldname	Radio Popular Boavista
Efapel	oldname	Barbot-Torrié Cafés-Gondomar
Efapel	oldname	Barbot-Torrié Cafés
Efapel	oldname	Barbot-Gaia
Efapel	oldname	Barbot-Pascoal
Efapel	oldname	Barbot-Halcon
Efapel	oldname	Barbot-Siper
Efapel	oldname	Barbot-Efapel
Efapel	oldname	Efapel-Glassdrive
Efapel	oldname	Efapel
Tavira	oldname	Tavira-Stand Custodio
Tavira	oldname	Tavira-Nao Team
Tavira	oldname	Tavira-Stand Custodio-Varzea
Tavira	oldname	Atum Bom Petisco-Tavira
Tavira	oldname	Tavira-Recer
Tavira	oldname	Progecer-Tavira
Tavira	oldname	Gresco-Tavira-Progecer
Tavira	oldname	Gresco-Tavira
Tavira	oldname	Porta da Ravessa-Zurich
Tavira	oldname	Porta da Ravessa-Tavira
Tavira	oldname	Würth-Atum Bom Petisco-Tavira
Tavira	oldname	Duja-Tavira
Tavira	oldname	Palmeiras Resort-Tavira
Tavira	oldname	Palmeiras Resort-Prio
Tavira	oldname	Tavira-Prio
Tavira	oldname	Carmim-Prio
Tavira	oldname	Carmim-Tavira
Tavira	oldname	BIC-Carmim
Tavira	oldname	Tavira
Tavira	oldname	Sporting Clube de Portugal/Tavira
Cannondale–Drapac	oldname	5280
Cannondale–Drapac	oldname	Team TIAA−CREF
Cannondale–Drapac	oldname	Team Slipstream
Cannondale–Drapac	oldname	Team Slipstream−Chipotle
Cannondale–Drapac	oldname	Team Garmin−Chipotle
Cannondale–Drapac	oldname	Team Garmin−Slipstream
Cannondale–Drapac	oldname	Team Garmin−Transitions
Cannondale–Drapac	oldname	Team Garmin−Cervélo
Cannondale–Drapac	oldname	Team Garmin−Barracuda
Cannondale–Drapac	oldname	Garmin−Sharp
Cannondale–Drapac	oldname	Team Cannondale−Garmin
Cannondale–Drapac	oldname	Cannondale Pro Cycling Team
Cannondale–Drapac	oldname	Cannondale–Drapac Pro Cycling Team
Team Cyclingnews.com–Down Under	oldname	Team Down Under
Team Cyclingnews.com–Down Under	oldname	Team cyclingnews.com-Down Under
Team Cyclingnews.com–Down Under	oldname	Team Cyclingnews.com Fondriest
Team Cyclingnews.com–Down Under	oldname	DFL-Cyclingnews–Litespeed
Team Cyclingnews.com–Down Under	oldname	Pedaltech–Cyclingnews–Jako
Xacobeo–Galicia	oldname	Fundación Ciclismo Galego
Xacobeo–Galicia	oldname	Karpin-Galicia
Xacobeo–Galicia	oldname	Xacobeo Galicia
NGC Medical–OTC Industria Porte	oldname	OTC Doors-Lauretana
NGC Medical–OTC Industria Porte	oldname	NGC Medical-OTC Industria Porte
ANC–Halfords	oldname	ANC-Freight-Rover
ANC–Halfords	oldname	ANC-Halfords
CCC–Sprandi–Polkowice	oldname	Mat–Ceresit–CCC
CCC–Sprandi–Polkowice	oldname	CCC–Mat–Ceresit
CCC–Sprandi–Polkowice	oldname	CCC–Polsat
CCC–Sprandi–Polkowice	oldname	Hoop–CCC–Polsat
CCC–Sprandi–Polkowice	oldname	CCC–Polsat–Polkowice
CCC–Sprandi–Polkowice	oldname	CCC–Polkowice
CCC–Sprandi–Polkowice	oldname	CCC–Sprandi–Polkowice
Equipe Nürnberger Versicherung	oldname	Equipe Nürnberger Versicherung
Equipe Nürnberger Versicherung	oldname	Noris Cycling
Garmin–Cervélo	oldname	Univega Pro Cycling Team
Garmin–Cervélo	oldname	Raleigh-Lifeforce-Creation
Garmin–Cervélo	oldname	Cervélo-Lifeforce Pro Cycling Team
Garmin–Cervélo	oldname	Cervélo TestTeam
Garmin–Cervélo	oldname	Garmin-Cervélo
Toyota–United	oldname	Toyota-United
Velocio–SRAM Pro Cycling	oldname	Team T-Mobile
Velocio–SRAM Pro Cycling	oldname	Team T-Mobile Women
Velocio–SRAM Pro Cycling	oldname	Team High Road Women
Velocio–SRAM Pro Cycling	oldname	Team Columbia Women
Velocio–SRAM Pro Cycling	oldname	Team Columbia–High Road Women
Velocio–SRAM Pro Cycling	oldname	Team Columbia–HTC Women
Velocio–SRAM Pro Cycling	oldname	Team HTC–Columbia Women
Velocio–SRAM Pro Cycling	oldname	HTC–Highroad Women
Velocio–SRAM Pro Cycling	oldname	Team Specialized–lululemon
Velocio–SRAM Pro Cycling	oldname	Specialized–lululemon
Velocio–SRAM Pro Cycling	oldname	Velocio–SRAM Pro Cycling
Rabo–Liv Women Cycling Team	oldname	DSB Bank
Rabo–Liv Women Cycling Team	oldname	DSB Bank–Ballast Nedam
Rabo–Liv Women Cycling Team	oldname	DSB–Bank
Rabo–Liv Women Cycling Team	oldname	DSB Bank–LTO
Rabo–Liv Women Cycling Team	oldname	Nederland Bloeit
Rabo–Liv Women Cycling Team	oldname	Stichting Rabo Women Cycling Team
Rabo–Liv Women Cycling Team	oldname	Rabobank Women Cycling Team
Rabo–Liv Women Cycling Team	oldname	Rabobank–Liv Giant
Rabo–Liv Women Cycling Team	oldname	Rabo–Liv Women Cycling Team
Rabo–Liv Women Cycling Team	oldname	Fortitude Pro Cycling
Rietumu–Delfin	oldname	Rietumu Banka-Riga
Rietumu–Delfin	oldname	Rietumu-Delfin
Lotto–Soudal Ladies	oldname	Lotto–Belisol Ladiesteam
Lotto–Soudal Ladies	oldname	Lotto–Honda Team
Lotto–Soudal Ladies	oldname	Lotto Ladies Team
Lotto–Soudal Ladies	oldname	Lotto–Belisol Ladies
Lotto–Soudal Ladies	oldname	Lotto–Soudal Ladies
Riso Scotti–MG Maglificio	oldname	GB-MG Maglificio
Riso Scotti–MG Maglificio	oldname	MG Maglificio-Technogym
Riso Scotti–MG Maglificio	oldname	Riso Scotti-MG Maglificio
Team Lipton	oldname	Team Lipton
Mercatone Uno–Scanavino	oldname	Mercatone Uno-Zucchini
Mercatone Uno–Scanavino	oldname	Mercatone Uno-Medeghini
Mercatone Uno–Scanavino	oldname	Mercatone Uno-Saeco
Mercatone Uno–Scanavino	oldname	Mercatone Uno
Mercatone Uno–Scanavino	oldname	Mercatone Uno-Bianchi
Mercatone Uno–Scanavino	oldname	Mercatone Uno-Albacom
Mercatone Uno–Scanavino	oldname	Mercatone Uno-Stream TV
Mercatone Uno–Scanavino	oldname	Mercatone Uno-Scanavino
Plowman Craven–Madison.co.uk	oldname	Plowman Craven Evans Cycles
Plowman Craven–Madison.co.uk	oldname	Plowman Craven–Madison.co.uk
Plowman Craven–Madison.co.uk	oldname	Madison.co.uk
Team Vorarlberg	oldname	ÖAMTC Volksbank-Colnago
Team Vorarlberg	oldname	Volksbank-Schwinn
Team Vorarlberg	oldname	Volksbank-Ideal
Team Vorarlberg	oldname	Volksbank-Ideal Leingruber
Team Vorarlberg	oldname	Volksbank-Vorarlberg
Team Vorarlberg	oldname	Vorarlberg-Corratec
Team Vorarlberg	oldname	Team Vorarlberg
LeTua Cycling Team	oldname	LeTua Cycling Team
Carrera	oldname	Inoxpran
Carrera	oldname	Carrera-Inoxpran
Carrera	oldname	Carrera Jeans-Vagabond
Carrera	oldname	Carrera Jeans-Tassoni
Peugeot	oldname	Peugeot
Peugeot	oldname	Peugeot–Wolber
Peugeot	oldname	Peugeot–Dunlop
Peugeot	oldname	Peugeot–BP–Dunlop
Peugeot	oldname	Peugeot–BP–Englebert
Peugeot	oldname	Peugeot–BP–Michelin
Peugeot	oldname	Peugeot–Esso–Michelin
Peugeot	oldname	Peugeot–Shell–Michelin
Peugeot	oldname	Peugeot–Shell
Team Flexpoint	oldname	Buitenpoort - Flexpoint Team
Team Flexpoint	oldname	Flexpoint
Festina cycling team	oldname	Lotus-Zahor
Festina cycling team	oldname	Lotus-Festina
Festina cycling team	oldname	Festina-Lotus
Festina cycling team	oldname	Festina
Bianchi cycling team	oldname	Bianchi
Bianchi cycling team	oldname	Bianchi–Pirelli
Bianchi cycling team	oldname	Bianchi–Dei
Bianchi cycling team	oldname	Bianchi–Dunlop
Bianchi cycling team	oldname	Bianchi–Salga
Bianchi cycling team	oldname	Mirandola – Bianchi – Pirelli
Bianchi cycling team	oldname	Bianchi–Ursus
Bianchi cycling team	oldname	Bianchi–Mobylette
Bianchi cycling team	oldname	Bianchi–Campagnolo
Bianchi cycling team	oldname	Bianchi–Faema
Bianchi cycling team	oldname	Bianchi–Piaggio
Bianchi cycling team	oldname	Sammontana–Bianchi
Bianchi cycling team	oldname	Gewiss–Bianchi
Bianchi cycling team	oldname	Bianchi–Freetime
Bianchi cycling team	oldname	Team Bianchi
Renault–Elf–Gitane	oldname	Renault-Gitane
Renault–Elf–Gitane	oldname	Renault-Elf
Gitane–Campagnolo	oldname	Gitane
Gitane–Campagnolo	oldname	Gitane-Frigécrème
Gitane–Campagnolo	oldname	Sonolor-Gitane
Gitane–Campagnolo	oldname	Gitane-Campagnolo
Système U–Gitane	oldname	Système U
Système U–Gitane	oldname	Système U-Gitane
Système U–Gitane	oldname	Super U-Raleigh-Fiat
Skil–Sem	oldname	Skil-Sem-Mavic-Reydel
Skil–Sem	oldname	Skil-Reydel-Sem
La Sportive	oldname	La Sportive
Mercier	oldname	Mercier–Hutchinson
Mercier	oldname	Mercier–BP–Hutchinson
Mercier	oldname	Fagor–Mercier–Hutchinson
Mercier	oldname	Gan–Mercier–Hutchinson
Mercier	oldname	Miko–Mercier–Hutchinson
Mercier	oldname	Miko–Mercier–Vivagel
Mercier	oldname	COOP–Mercier–Mavic
Sem–France Loire	oldname	Puch-Sem-Campagnolo
Sem–France Loire	oldname	Sem-France Loire-Campagnolo
Sem–France Loire	oldname	Sem-France Loire-Reydel
Team Joker Byggtorget	oldname	Maxbo-Bianchi
Team Joker Byggtorget	oldname	Joker-Bianchi
Team Joker Byggtorget	oldname	Joker-Merida
Team Joker Byggtorget	oldname	Team Joker
Team Joker Byggtorget	oldname	Team Joker–Byggtorget
Vitalicio Seguros	oldname	Vitalicio Seguros
Vitalicio Seguros	oldname	Vitalicio Seguros-
Vitalicio Seguros	oldname	Grupo Generali
BMC Racing Team	oldname	BMC Racing Team
Kas	oldname	Kas–Boxing
Kas	oldname	Kas–Royal Asport
Kas	oldname	Kas
Kas	oldname	Kas–Kaskol
Kas	oldname	Kas–Campagnolo
Kas	oldname	Kas–Canal 10
Rock Racing	oldname	Rock Racing
Mitsubishi–Jartazi	oldname	Jartazi Granville Team
Mitsubishi–Jartazi	oldname	Jartazi-7Mobile
Mitsubishi–Jartazi	oldname	Jartazi-Promo Fashion
Mitsubishi–Jartazi	oldname	Mitsubishi-Jartazi
Contentpolis–Ampo	oldname	Grupo Nicolás Mateos-Murcia, Contentpolis-Murcia
Marco Polo Cycling–Donckers Koffie	oldname	Marco Polo Cycling Team
Marco Polo Cycling–Donckers Koffie	oldname	Discovery Channel-Marco Polo Team
Marco Polo Cycling–Donckers Koffie	oldname	Trek-Marco Polo Cycling Team
Marco Polo Cycling–Donckers Koffie	oldname	Marco Polo Cycling-Donckers Koffie
Telenet–Fidea	oldname	Spaarselect
Telenet–Fidea	oldname	Fidea Cycling Team
Telenet–Fidea	oldname	Telenet-Fidea
Beobank–Corendon	oldname	BKCP–Powerplus
Beobank–Corendon	oldname	BKCP–Corendon
Beobank–Corendon	oldname	Beobank–Corendon
Preti Mangimi	oldname	Kio Ene-Tonazzi-DMT
Preti Mangimi	oldname	Preti Mangimi-Prisma Stufe
Whirlpool–Author	oldname	PSK-Unit Expert
Whirlpool–Author	oldname	PSK-Remerx
Whirlpool–Author	oldname	PSK Whirlpool
Whirlpool–Author	oldname	PSK Whirlpool Hradec Králové
Whirlpool–Author	oldname	PSK Whirlpool-Author
Whirlpool–Author	oldname	Whirlpool-Author
Whirlpool–Author	oldname	Bauknecht-Author
Whirlpool–Author	oldname	Whirlpool Author
Team Specialized Designs for Women	oldname	???
Team Specialized Designs for Women	oldname	Team Specialized Designs for Women
Team Specialized Designs for Women	oldname	Specialized Designs for Women
Pezula Racing	oldname	Pezula Racing
Johan Bruyneel Cycling Academy	oldname	Cycling Center
An Post–Chain Reaction	oldname	Sean Kelly ACLVB–M Donnelly
An Post–Chain Reaction	oldname	Murphy & Gunn–Newlyn–M Donnelly–Sean Kelly
An Post–Chain Reaction	oldname	An Post–M Donnelly–Grant Thornton–Sean Kelly
An Post–Chain Reaction	oldname	An Post–Sean Kelly
An Post–Chain Reaction	oldname	An Post–Chain Reaction
Jelly Belly–Maxxis	oldname	Ikon–Lexus
Jelly Belly–Maxxis	oldname	Jelly Belly Cycling Team
Jelly Belly–Maxxis	oldname	Jelly Belly–Carlsbad Clothing Company
Jelly Belly–Maxxis	oldname	Jelly Belly–Aramark
Jelly Belly–Maxxis	oldname	Jelly Belly–Pool Gel
Jelly Belly–Maxxis	oldname	Jelly Belly p/b Kenda
Jelly Belly–Maxxis	oldname	Jelly Belly p/b Maxxis
Bissell	oldname	Advantage Benefits-Endeavour
Bissell	oldname	Priority Health
Bissell	oldname	Priority Health-Bissell
Bissell	oldname	Bissell
Gewiss–Ballan	oldname	Mecair-Ballan
Gewiss–Ballan	oldname	Gewiss-Ballan
Gewiss–Ballan	oldname	Gewiss Playbus
Gewiss–Ballan	oldname	Batik–Del Monte
Forno d'Asolo–Astute	oldname	USC Chirio
Forno d'Asolo–Astute	oldname	USC Chirio Forno d'Asolo
Forno d'Asolo–Astute	oldname	ACS Chirio-Forno d'Asolo
Forno d'Asolo–Astute	oldname	Colavita Forno d'Asolo
Forno d'Asolo–Astute	oldname	Forno d'Asolo Colavita
Forno d'Asolo–Astute	oldname	Chirio Forno d'Asolo
Forno d'Asolo–Astute	oldname	Forno d'Asolo-Astute
Euskadi	oldname	Orbea
Euskadi	oldname	Espumosos-Orbea
Euskadi	oldname	Orbea-OAR
Euskadi	oldname	Orbea-Danena
Euskadi	oldname	Orbea-Gin MG
Euskadi	oldname	Seat-Orbea
Euskadi	oldname	Caja Rural
Euskadi	oldname	Orbea-Alimentos de España
Euskadi	oldname	Orbea-Gin MG-Seat
Euskadi	oldname	Orbea-Etxe-Ondo
Euskadi	oldname	Team Orbea
Euskadi	oldname	Orbea-Oreka SDA
Euskadi	oldname	Euskadi
Cyclingteam Join-S-De Rijke	oldname	Van Vliet-EBH Advocaten
Cyclingteam Join-S-De Rijke	oldname	Van Vliet-EBH Elshof
Cyclingteam Join-S-De Rijke	oldname	Cycling Team De Rijke
Cyclingteam Join-S-De Rijke	oldname	Cycling Team De Rijke-Shanks
Cyclingteam Join-S-De Rijke	oldname	Cyclingteam de Rijke
Index–Alexia Alluminio	oldname	Alexia Alluminio
Index–Alexia Alluminio	oldname	Index-Alexia Alluminio
Tibco–Silicon Valley Bank	oldname	Team Tibco
Tibco–Silicon Valley Bank	oldname	Team TIBCO–To The Top
Tibco–Silicon Valley Bank	oldname	Team TIBCO–SVB
Tibco–Silicon Valley Bank	oldname	Tibco–Silicon Valley Bank
JLT–Condor	oldname	Recycling.co.uk–MG-XPower
JLT–Condor	oldname	Recycling.co.uk–MG-XPower–Litespeed
JLT–Condor	oldname	Recycling.co.uk
JLT–Condor	oldname	Rapha Condor–Recycling.co.uk
JLT–Condor	oldname	Rapha Condor
JLT–Condor	oldname	Rapha Condor–Sharp
JLT–Condor	oldname	Rapha Condor–JLT
JLT–Condor	oldname	JLT–Condor
Team Katusha	oldname	Team Katusha
Team Katusha	oldname	Katusha–Alpecin
Wilier Triestina–Southeast	oldname	ISD–Neri
Wilier Triestina–Southeast	oldname	Farnese Vini–Neri Sottoli
Wilier Triestina–Southeast	oldname	Farnese Vini–Selle Italia
Wilier Triestina–Southeast	oldname	Vini Fantini–Selle Italia
Wilier Triestina–Southeast	oldname	Yellow Fluo
Wilier Triestina–Southeast	oldname	Neri Sottoli
Wilier Triestina–Southeast	oldname	Neri Sottoli-Alé
Wilier Triestina–Southeast	oldname	Southeast Pro Cycling
Wilier Triestina–Southeast	oldname	Southeast–Venezuela
Wilier Triestina–Southeast	oldname	Wilier Triestina–Southeast
RTS–Santic Racing Team	oldname	Giant Asia Racing Team
RTS–Santic Racing Team	oldname	Giant Kenda Cycling Team
RTS–Santic Racing Team	oldname	RTS Racing Team
RTS–Santic Racing Team	oldname	RTS-Santic Racing Team
UnitedHealthcare	oldname	Health Net Cycling Team
UnitedHealthcare	oldname	Health Net presented by Maxxis
UnitedHealthcare	oldname	OUCH presented by Maxxis
UnitedHealthcare	oldname	UnitedHealthcare presented by Maxxis
UnitedHealthcare	oldname	UnitedHealthcare Pro Cycling
Vacansoleil–DCM	oldname	Vacansoleil
Vacansoleil–DCM	oldname	Vacansoleil-DCM
HP BTP–Auber93	oldname	Aubervilliers 93-Peugeot
HP BTP–Auber93	oldname	BigMat-Auber 93
HP BTP–Auber93	oldname	Auber 93
HP BTP–Auber93	oldname	HP BTP–Auber93
Team CoopЯster Hus	oldname	Team Sparebanken Vest
Team CoopЯster Hus	oldname	Sparebanken Vest-Ridley
Team Coop–Øster Hus	oldname	Team Øster Hus-Ridley
Team Coop–Øster Hus	oldname	Team Coop-Øster Hus
Red Sun Cycling Team	oldname	Red Sun Cycling Team
Azad University Giant Team	oldname	Islamic Azad University Cycling Team
Azad University Giant Team	oldname	Azad University Iran
Azad University Giant Team	oldname	Azad University Cross Team
Azad University Giant Team	oldname	Azad University Giant Team
Cantina Tollo	oldname	Cantina Tollo-CoBo
Cantina Tollo	oldname	Cantina Tollo-Carrier
Cantina Tollo	oldname	Cantina Tollo-Alexia Alluminio
Cantina Tollo	oldname	Cantina Tollo
Cantina Tollo	oldname	Cantina Tollo-Acqua e Sapone
Cantina Tollo	oldname	Acqua e Sapone-Cantina Tollo
GT Factory Racing	oldname	Animal Commençal
GT Factory Racing	oldname	GT Factory Racing
GT Factory Racing	oldname	Trek Factory Racing
Alessio–Bianchi	oldname	Ballan
Alessio–Bianchi	oldname	Ballan-Alessio
Alessio–Bianchi	oldname	Alessio
Alessio–Bianchi	oldname	Alessio-Bianchi
Atala	oldname	Atala
Atala	oldname	Atala - Dunlop
Atala	oldname	Atala - Continental
Atala	oldname	Atala - Pirelli
Atala	oldname	Atala - Lygie
Atala	oldname	Atala - Pirelli - Lygie
Atala	oldname	Atala - Ofmega
Atala	oldname	Atala - Campagnolo
Team Sky	oldname	Sky Professional Cycling
Team Sky	oldname	Sky Procycling
Team Sky	oldname	Team Sky
Team Jamis	oldname	Colavita–Sutter Home
Team Jamis	oldname	Jamis–Hagens Berman
Team Jamis	oldname	Team Jamis
Carmiooro NGC	oldname	A Style-Somn
Carmiooro NGC	oldname	CarmioOro-A Style
Carmiooro NGC	oldname	CarmioOro-NGC
Cannondale–Cyclocrossworld.com	oldname	Cyclocrossworld.com/Louis Garneau
Cannondale–Cyclocrossworld.com	oldname	Cannondale/Leer/Cyclocrossworld.com
Cannondale–Cyclocrossworld.com	oldname	Cannondale/Cyclocrossworld.com
Cannondale–Cyclocrossworld.com	oldname	Cannondale prepared by Cyclocrossworld.com
Cannondale–Cyclocrossworld.com	oldname	Cannondale p/b Cyclocrossworld.com
Geumsan Insam Cello	oldname	Geumsan Ginseng Asia
Geumsan Insam Cello	oldname	Geumsan Ginseng-Cello
Geumsan Insam Cello	oldname	Geumsan Insam-Cello
Dimension Data	oldname	MTN
Dimension Data	oldname	Team MTN
Dimension Data	oldname	MTN Cycling
Dimension Data	oldname	MTN–Energade
Dimension Data	oldname	MTN–Qhubeka
Dimension Data	oldname	Team Dimension Data for Qhubeka
Funvic Soul Cycles–Carrefour	oldname	Funvic–Pindamonhangaba
Funvic Soul Cycles–Carrefour	oldname	Funvic Brasilinvest–São José dos Campos
Funvic Soul Cycles–Carrefour	oldname	Carrefour Funvic Soul Cycling Team
Funvic Soul Cycles–Carrefour	oldname	Funvic Soul Cycles–Carrefour
SpiderTech–C10	oldname	Team R.A.C.E. Pro
SpiderTech–C10	oldname	Planet Energy
SpiderTech–C10	oldname	SpiderTech p/b Planet Energy
SpiderTech–C10	oldname	Spidertech p/b C10
Team Novo Nordisk	oldname	Team Type 1
Team Novo Nordisk	oldname	Team Type 1–Sanofi Aventis
Team Novo Nordisk	oldname	Team Type 1–Sanofi
Team Novo Nordisk	oldname	Team Novo Nordisk
Champion System	oldname	CKT TMIT-Champion System
Champion System	oldname	Champion System
Bora–Argon 18	oldname	Team NetApp
Bora–Argon 18	oldname	Team NetApp–Endura
Bora–Argon 18	oldname	Bora–Argon 18
Team Manzana Postobón	oldname	Colombia es Pasión
Team Manzana Postobón	oldname	Colombia es Pasión Team
Team Manzana Postobón	oldname	Colombia es Pasión Coldeportes
Team Manzana Postobón	oldname	Café de Colombia-Colombia es Pasión
Team Manzana Postobón	oldname	Colombia es Pasión-Café de Colombia
Team Manzana Postobón	oldname	4
Team Manzana Postobón	oldname	Team Manzana Postobón
Sojasun	oldname	Besson Chaussures-Sojasun
Sojasun	oldname	Saur-Sojasun
Sojasun	oldname	Sojasun
Endura Racing	oldname	Endura Racing
Gebrüder Weiss–Oberndorfer	oldname	Arbö–KTM–Junkers
Gebrüder Weiss–Oberndorfer	oldname	KTM–Junkers
Gebrüder Weiss–Oberndorfer	oldname	Arbö KTM–Gebrüder Weiss
Gebrüder Weiss–Oberndorfer	oldname	Arbö–Gebrüder Weiss–Oberndorfer
Gebrüder Weiss–Oberndorfer	oldname	Gebrüder Weiss–Oberndorfer
Nippo–Vini Fantini	oldname	Centri della Calzatura–Partizan
Nippo–Vini Fantini	oldname	Centri della Calzatura–Cavaliere
Nippo–Vini Fantini	oldname	D'Angelo & Antenucci–Nippo
Nippo–Vini Fantini	oldname	Team Nippo
Nippo–Vini Fantini	oldname	Team Nippo–De Rosa
Nippo–Vini Fantini	oldname	Vini Fantini–Nippo
Nippo–Vini Fantini	oldname	Nippo–Vini Fantini
ISD–Jorbi	oldname	ISD Sport Donetsk
ISD–Jorbi	oldname	ISD Continental Team
ISD–Jorbi	oldname	ISD-Lampre Continental
ISD–Jorbi	oldname	ISD–Jorbi Continental Team
Team Sparebanken Sør	oldname	Plussbank-Cervélo
Team Sparebanken Sør	oldname	Plussbank BMC
Team Sparebanken Sør	oldname	Team Plussbank
Team Sparebanken Sør	oldname	Team Sparebanken Sør
Adria Mobil	oldname	KRKA-Adria Mobil
Adria Mobil	oldname	Adria Mobil
Wanty–Groupe Gobert	oldname	Willems Verandas Continental Team
Wanty–Groupe Gobert	oldname	Verandas Willems
Wanty–Groupe Gobert	oldname	Veranda's Willems–Accent
Wanty–Groupe Gobert	oldname	Accent.jobs–Willems Verandas
Wanty–Groupe Gobert	oldname	Accent Jobs–Wanty
Wanty–Groupe Gobert	oldname	Wanty–Groupe Gobert
Amore & Vita–Selle SMP	oldname	Polli-Mobiexport
Amore & Vita–Selle SMP	oldname	Amore & Vita–Fanini
Amore & Vita–Selle SMP	oldname	Amore & Vita–Galatron
Amore & Vita–Selle SMP	oldname	Amore & Vita–ForzArcore
Amore & Vita–Selle SMP	oldname	Amore & Vita–Giubileo 2000-Beretta
Amore & Vita–Selle SMP	oldname	Amore & Vita–Beretta
Amore & Vita–Selle SMP	oldname	Amore & Vita–McDonald's
Amore & Vita–Selle SMP	oldname	Amore & Vita–Conard
Amore & Vita–Selle SMP	oldname	Amore & Vita
Amore & Vita–Selle SMP	oldname	Amore & Vita–Selle SMP
Szuper Beton	oldname	De Rosa-Stac Plastic
Szuper Beton	oldname	De Rosa-Ceramica Flaminia
Szuper Beton	oldname	Utensilnord-Named
Szuper Beton	oldname	Utensilnord Ora24.eu
Szuper Beton	oldname	Utensilnord
Fortuneo–Vital Concept	oldname	Bretagne–Jean Floc'h
Fortuneo–Vital Concept	oldname	Bretagne–Armor Lux
Fortuneo–Vital Concept	oldname	Bretagne–Schuller
Fortuneo–Vital Concept	oldname	Bretagne–Séché Environnement
Fortuneo–Vital Concept	oldname	Fortuneo–Vital Concept
Caja Rural–Seguros RGA	oldname	Caja Rural–Orbea
Caja Rural–Seguros RGA	oldname	Kaiku
Caja Rural–Seguros RGA	oldname	Caja Rural
Caja Rural–Seguros RGA	oldname	Caja Rural–Seguros RGA
Avanti IsoWhey Sports	oldname	Praties
Avanti IsoWhey Sports	oldname	Genesys Wealth Advisers
Avanti IsoWhey Sports	oldname	Huon Salmon-Genesys Wealth Advisers
Avanti IsoWhey Sports	oldname	Avanti Racing Team
Avanti IsoWhey Sports	oldname	Avanti IsoWhey Sports
R.A.G.T. Semences	oldname	Jean Delatour
R.A.G.T. Semences	oldname	R.A.G.T. Semences-MG Rover
R.A.G.T. Semences	oldname	R.A.G.T. Semences
Jittery Joe's	oldname	Jittery Joe's
Jittery Joe's	oldname	Jittery Joe's-Kalahari
Jittery Joe's	oldname	Jittery Joe's-Zero Gravity
Differdange–Losch	oldname	Continental Team Differdange
Differdange–Losch	oldname	Differdange–Apiflo Vacances
Differdange–Losch	oldname	Differdange–Magic-SportFood.de
Differdange–Losch	oldname	Differdange–Losch
Trek–Segafredo	oldname	Leopard Trek
Trek–Segafredo	oldname	RadioShack–Nissan
Trek–Segafredo	oldname	RadioShack–Leopard
Trek–Segafredo	oldname	Trek Factory Racing
Trek–Segafredo	oldname	Trek–Segafredo
Giordana Racing Team	oldname	CandiTV-Marshalls Pasta
Giordana Racing Team	oldname	Motorpoint-Marshalls Pasta
Giordana Racing Team	oldname	Motorpoint Pro-Cycling Team
Giordana Racing Team	oldname	Node4 Giordana Pro Cycling Team
Giordana Racing Team	oldname	Giordana Racing Team
Team Raleigh–GAC	oldname	Team Raleigh
Team Raleigh–GAC	oldname	Team Raleigh-GAC
Team IG–Sigma Sport	oldname	Sigma Sport-Specialized
Team IG–Sigma Sport	oldname	Team IG–Sigma Sport
Cyclingteam Jo Piels	oldname	Apac-Eemland Cycling Team
Cyclingteam Jo Piels	oldname	Apac Cycling Team
Cyclingteam Jo Piels	oldname	Trientalis-Apac Team
Cyclingteam Jo Piels	oldname	Cycling Team Jo Piels
Christina Watches–Dana	oldname	Stenca Trading–M1
Christina Watches–Dana	oldname	Christina Watches
Christina Watches–Dana	oldname	Christina Watches–Onfone
Christina Watches–Dana	oldname	Christina Watches–Kuma
Terengganu Cycling Team	oldname	Terengganu Cycling Team
Ventilair–Steria	oldname	Bodysol-Win for Life-Jong Vlaanderen
Ventilair–Steria	oldname	Davitamon-Win for Life-Jong Vlaanderen
Ventilair–Steria	oldname	Davitamon-Lotto-Jong Vlaanderen
Ventilair–Steria	oldname	Jong Vlaanderen-Bauknecht
Ventilair–Steria	oldname	Jong Vlaanderen Cycling Team
Ventilair–Steria	oldname	Bofrost-Steria
Ventilair–Steria	oldname	Ventilair-Steria Cycling Team
Drapac Professional Cycling	oldname	Drapac Development Program
Drapac Professional Cycling	oldname	MG Xpower–BigPond
Drapac Professional Cycling	oldname	Drapac–Porsche
Drapac Professional Cycling	oldname	Drapac–Porsche Development Program
Drapac Professional Cycling	oldname	Drapac–Porsche Cycling
Drapac Professional Cycling	oldname	Drapac Professional Cycling
Drapac Professional Cycling	oldname	Drapac–Pat's Veg
Competitive Cyclist Racing Team	oldname	RealCyclist.com Cycling Team
Competitive Cyclist Racing Team	oldname	Competitive Cyclist Racing Team
Perutnina Ptuj	oldname	KRKA-Telekom Slovenije
Perutnina Ptuj	oldname	Perutnina Ptuj-KRKA-Telekom Slovenije
Perutnina Ptuj	oldname	Perutnina Ptuj
Movistar Team	oldname	Movistar Continental Team
Movistar Team	oldname	Movistar Team América
Movistar Team	oldname	Movistar Team
Riwal Platform Cycling Team	oldname	Concordia-Vesthimmerland
Riwal Platform Cycling Team	oldname	Concordia Forsikring-Himmerland
Riwal Platform Cycling Team	oldname	Concordia Forsikring-Riwal
Riwal Platform Cycling Team	oldname	Riwal Cycling Team
Riwal Platform Cycling Team	oldname	Riwal Platform Cycling Team
Orica–BikeExchange	oldname	GreenEDGE Cycling
Orica–BikeExchange	oldname	Orica–GreenEDGE
Orica–BikeExchange	oldname	Orica–BikeExchange
Cult Energy Pro Cycling	oldname	Cycling Horsens
Cult Energy Pro Cycling	oldname	Glud & Marstrand-Horsens
Cult Energy Pro Cycling	oldname	Glud & Marstrand-LRØ Radgivning
Cult Energy Pro Cycling	oldname	Glud & Marstrand-LRØ
Cult Energy Pro Cycling	oldname	Team Cult Energy
Cult Energy Pro Cycling	oldname	Cult Energy-Vital Water
Cult Energy Pro Cycling	oldname	Cult Energy Pro Cycling
Bank BGŻ	oldname	Servisco
Bank BGŻ	oldname	Servisco-Koop
Bank BGŻ	oldname	DHL-Author
Bank BGŻ	oldname	Bank BGŻ
Colombia	oldname	Colombia-Coldeportes
Colombia	oldname	Colombia
AA Drink-leontien.nl	oldname	AA Drink–leontien.nl
AA Drink-leontien.nl	oldname	Leontien.nl
AA Drink-leontien.nl	oldname	AA-Drink Cycling Team
AA Drink-leontien.nl	oldname	Van Bemmelen–AA Drink
Team Kuota–Lotto	oldname	ComNet-Senges
Team Kuota–Lotto	oldname	Regiostrom-Senges
Team Kuota–Lotto	oldname	Kuota-Senges
Team Kuota–Lotto	oldname	Kuota-Indeland
Team Kuota–Lotto	oldname	Eddy Merckx-Indeland
Team Kuota–Lotto	oldname	Quantec-Indeland
Team Kuota–Lotto	oldname	Team Kuota
AC Sparta Praha	oldname	AC Sparta Praha
Felbermayr–Simplon Wels	oldname	Radclub-Resch & Frisch-EYBL
Felbermayr–Simplon Wels	oldname	Arbö-Resch & Frisch-EYBL
Felbermayr–Simplon Wels	oldname	RC Arbö-Resch & Frisch-Wels
Felbermayr–Simplon Wels	oldname	RC Arbö-Resch & Frisch-Gourmetfein-Wels
Felbermayr–Simplon Wels	oldname	RC Arbö-Wels-Gourmetfein
Felbermayr–Simplon Wels	oldname	RC Arbö-Gourmetfein-Wels
Felbermayr–Simplon Wels	oldname	Gourmetfein-Simplon
Felbermayr–Simplon Wels	oldname	Gourmetfein-Simplon Wels
Felbermayr–Simplon Wels	oldname	Felbermayr-Simplon Wels
Del Tongo	oldname	Del Tongo
Del Tongo	oldname	Del Tongo - Colnago
Del Tongo	oldname	Del Tongo - MG Boys
Zahor Chocolates	oldname	Zahor Chocolates
Zahor Chocolates	oldname	Lotus - Zahor
Malvor–Bottecchia	oldname	Malvor-Bottecchia
Malvor–Bottecchia	oldname	Malvor-Bottecchia-Vaporella
Malvor–Bottecchia	oldname	Paini-Bottecchia
Malvor–Bottecchia	oldname	Malvor-Bottecchia-Sidi
Malvor–Bottecchia	oldname	Malvor-Sidi
Gis Gelati	oldname	Gis Gelati
Gis Gelati	oldname	Gis Gelati - Campagnolo
Gis Gelati	oldname	Gis Gelati - Olmo
Gis Gelati	oldname	Gis Gelati - Tuc Lu
Gis Gelati	oldname	Gis Gelati - Jollyscarpe
Gis Gelati	oldname	GIS - Ecoflam - Jolly
Gis Gelati	oldname	Gis Gelati - Benotto
Gis Gelati	oldname	Gis Gelati - Ballan
Fanini–Maggi Mobili	oldname	Fanini-Maggi Mobili
Fanini–Maggi Mobili	oldname	Fanini-Wührer
Fanini–Maggi Mobili	oldname	Maggi Mobili-Fanini
Fanini–Maggi Mobili	oldname	Murella-Fanini
Fanini–Maggi Mobili	oldname	Remac-Fanini
Fanini–Maggi Mobili	oldname	Pepsi Cola-Alba Cucine-Fanini
Fanini–Maggi Mobili	oldname	Fanini-Seven Up
Fanini–Maggi Mobili	oldname	Amore & Vita-Fanini
Orica–AIS	oldname	GreenEDGE–AIS
Orica–AIS	oldname	Orica–AIS
Torku Şekerspor	oldname	Hemus 1896 Aurora 2000 Berchi
Torku Şekerspor	oldname	Hemus 1896-Berneschi
Torku Şekerspor	oldname	Hemus 1896
Torku Şekerspor	oldname	Hemus 1896-Vivelo
Torku Şekerspor	oldname	Konya–Torku Şekerspor
Torku Şekerspor	oldname	Torku Şekerspor
Sava	oldname	Sava Kranj
Sava	oldname	Sava
EPM–UNE–Área Metropolitana	oldname	5
EPM–UNE–Área Metropolitana	oldname	Orbitel–EPM
EPM–UNE–Área Metropolitana	oldname	UNE–Orbitel
EPM–UNE–Área Metropolitana	oldname	UNE
EPM–UNE–Área Metropolitana	oldname	UNE–EPM
EPM–UNE–Área Metropolitana	oldname	EPM–UNE
EPM–UNE–Área Metropolitana	oldname	EPM–UNE–Área Metropolitana
Team Ibis Cycles	oldname	Specialized-DPD Pakketservice
Team Ibis Cycles	oldname	Team Ibis Cycles
Radenska–Ljubljana	oldname	Rog Ljubljana
Radenska–Ljubljana	oldname	Radenska-Rog
Radenska–Ljubljana	oldname	Radenska-PowerBar
Radenska–Ljubljana	oldname	Radenska-KD Financial Point
Radenska–Ljubljana	oldname	Zheroquadro-Radenska
Radenska–Ljubljana	oldname	Radenska
Radenska–Ljubljana	oldname	Radenska-Ljubljana
Dukla Banská Bystrica	oldname	Dukla Trenčín
Dukla Banská Bystrica	oldname	Dukla Trenčín-Merida
Dukla Banská Bystrica	oldname	Dukla Trenčín-Trek
Dukla Banská Bystrica	oldname	Kemo Dukla Trencin
Dukla Banská Bystrica	oldname	Dukla Banská Bystrica
Vrienden van het Platteland	oldname	Ondernemers van Nature
Vrienden van het Platteland	oldname	Ondernemers van Nature-Vrienden van het Platteland
Vrienden van het Platteland	oldname	Vrienden van het Platteland
Nutrixxion–Abus	oldname	Team Sparkasse
Nutrixxion–Abus	oldname	Team Nutrixxion-Sparkasse
Nutrixxion–Abus	oldname	Nutrixxion-Abus
Delko–Marseille Provence KTM	oldname	VC La Pomme
Delko–Marseille Provence KTM	oldname	VC La Pomme Marseille
Delko–Marseille Provence KTM	oldname	La Pomme Marseille
Delko–Marseille Provence KTM	oldname	Marseille 13–KTM
Delko–Marseille Provence KTM	oldname	Delko–Marseille Provence KTM
Wiggle High5 Pro Cycling	oldname	Wiggle–Honda
Wiggle High5 Pro Cycling	oldname	Wiggle High5 Pro Cycling
Synergy Baku Cycling Project	oldname	Synergy Baku Cycling Project
Aisan Racing Team	oldname	Aisan Racing Team
OCBC Singapore Continental Cycling Team	oldname	OCBC Singapore Continental Cycling Team
KSPO Cycling Team	oldname	KSPO Cycling Team
Wisdom–Hengxiang Cycling Team	oldname	Hengxiang Cycling Team
Wisdom–Hengxiang Cycling Team	oldname	Wisdom–Hengxiang Cycling Team
Team Hitec Products	oldname	Hitec Products UCK
Team Hitec Products	oldname	Hitec Products-Mistral Home
Team Hitec Products	oldname	Hitec Products
Team Liv–Plantur	oldname	Skil–Argos
Team Liv–Plantur	oldname	Skil Koga
Team Liv–Plantur	oldname	Skil 1t4i
Team Liv–Plantur	oldname	Team Skil–Argos
Team Liv–Plantur	oldname	Team Argos–Shimano
Team Liv–Plantur	oldname	Team Giant–Shimano
Team Liv–Plantur	oldname	Team Liv–Plantur
Boels–Dolmans	oldname	Dolmans-Landscaping
Boels–Dolmans	oldname	Dolmans-Boels
Boels–Dolmans	oldname	Boels-Dolmans
Bepink	oldname	BePink
Bepink	oldname	Astana BePink Women Team
Bepink	oldname	BePink–La Classica
Bepink	oldname	Bepink
Pasta Zara–Cogeas	oldname	Acca Due O
Pasta Zara–Cogeas	oldname	Acca Due O-Lorena Camicie
Pasta Zara–Cogeas	oldname	Acca Due O-Pasta Zara-Lorena Camicie
Pasta Zara–Cogeas	oldname	Safi-Pasta Zara Manhattan
Pasta Zara–Cogeas	oldname	Safi – Pasta Zara Titanedi
Pasta Zara–Cogeas	oldname	Safi-Pasta Zara
Pasta Zara–Cogeas	oldname	Diadora – Pasta Zara
Pasta Zara–Cogeas	oldname	Pasta Zara – Cogeas
Estado de México–Faren Kuota	oldname	Faren-Honda Team
Estado de México–Faren Kuota	oldname	Faren-Let's Go Finland
Estado de México–Faren Kuota	oldname	Faren-Kuota
Estado de México–Faren Kuota	oldname	Estado de México-Faren Kuota
Alé–Cipollini–Galassia	oldname	Mcipollini–Giordana
Alé–Cipollini–Galassia	oldname	MCipollini–Giambenini–Gauss
Alé–Cipollini–Galassia	oldname	MCipollini–Giordana
Alé–Cipollini–Galassia	oldname	Alé Cipollini
Alé–Cipollini–Galassia	oldname	Alé–Cipollini–Galassia
Nankang–Dynatek	oldname	Ceramica Flaminia–Fondriest
Nankang–Dynatek	oldname	Nankang–Fondriest
Nankang–Dynatek	oldname	Nankang–Dynatek
Brisaspor	oldname	Lassaspor
Rabobank Development Team	oldname	Rabobank TT3
Rabobank Development Team	oldname	Rabobank Continental
Rabobank Development Team	oldname	Rabobank Continental Team
Rabobank Development Team	oldname	Rabobank Development Team
Flandria	oldname	Flandria–Dr.Mann
Flandria	oldname	Wiel's–Flandria
Flandria	oldname	Flandria–Faema–Clément
Flandria	oldname	Flandria–Faema
Flandria	oldname	Flandria–Romeo
Flandria	oldname	Flandria
Flandria	oldname	Flandria–De Clerck
Flandria	oldname	Flandria–De Clerck–Krüger
Flandria	oldname	Flandria–Mars
Flandria	oldname	Beaulieu–Flandria
Flandria	oldname	Flandria–Carpenter–Shimano
Flandria	oldname	Carpenter–Confortluxe–Flandria
Flandria	oldname	Flandria–Velda–West Vlaams Vleesbedrijf
Flandria	oldname	Flandria–Velda–Latina Assicurazioni
Flandria	oldname	Flandria–Velda–Lano
Flandria	oldname	FlandriaЂa va seul
Team Frøy–Bianchi	oldname	Team Frøy-Trek
Team Frøy–Bianchi	oldname	Team Frøy-Bianchi
Rally Cycling	oldname	Kelly Benefit Strategies–Medifast
Rally Cycling	oldname	Kelly Benefit Strategies
Rally Cycling	oldname	Kelly Benefit Strategies–OptumHealth
Rally Cycling	oldname	Optum p/b Kelly Benefit Strategies
Rally Cycling	oldname	Rally Cycling
Itera–Katusha	oldname	Itera-Katusha
Klein Constantia	oldname	Etixx–IHNed
Klein Constantia	oldname	Etixx
Klein Constantia	oldname	AWT Greenway
Klein Constantia	oldname	Klein Constantia
W52–FC Porto–Porto Canal	oldname	Casactiva–Quinta das Arcas–UCS
W52–FC Porto–Porto Canal	oldname	Casactiva–Quinta das Arcas–Madeilongo–UCS
W52–FC Porto–Porto Canal	oldname	Casactiva–Quinta das Arcas–Aluvia
W52–FC Porto–Porto Canal	oldname	Aluvia–Valongo
W52–FC Porto–Porto Canal	oldname	Pauperval–Estanhos Dom António–Valongo
W52–FC Porto–Porto Canal	oldname	OFM/Valongo
W52–FC Porto–Porto Canal	oldname	OFM–Quinta da Lixa–Goldentimes
W52–FC Porto–Porto Canal	oldname	W52–Quinta da Lixa
W52–FC Porto–Porto Canal	oldname	W52–FC Porto–Porto Canal
Sengers Ladies Cycling Team	oldname	Sengers Ladies Cycling Team
Leopard Pro Cycling	oldname	Leopard-Trek Continental Team
Leopard Pro Cycling	oldname	Leopard Development Team
Leopard Pro Cycling	oldname	Leopard Pro Cycling
UnitedHealthcare Women's Team	oldname	UnitedHealthcare Pro Cycling Women’s Team
RusVelo Women's Team	oldname	RusVelo Women's Team
Cervélo–Bigla Pro Cycling	oldname	Team Bigla
Cervélo–Bigla Pro Cycling	oldname	Bigla Cycling Team
Cervélo–Bigla Pro Cycling	oldname	Cervélo–Bigla Pro Cycling
Bizkaia–Durango	oldname	Bizkaia–Panda Software–Durango
Bizkaia–Durango	oldname	Bizkaia–Durango
Lointek Team	oldname	Lointek
S.C. Michela Fanini Rox	oldname	SC Michela Fanini Record Rox
S.C. Michela Fanini Rox	oldname	S.C. Michela Fanini Rox
Top Girls Fassa Bortolo	oldname	Top Girls Fassa Bortolo Hausbrandt Caffé
Top Girls Fassa Bortolo	oldname	Top Girls Fassa Bortolo Raxy Line
Top Girls Fassa Bortolo	oldname	Gruppo Sportivo Top Girls-Fassa Bortolo-Raxy Line
Top Girls Fassa Bortolo	oldname	Top Girls-Fassa Bortolo
Top Girls Fassa Bortolo	oldname	Fassa Bortolo-Servetto
Top Girls Fassa Bortolo	oldname	Top Girls Fassa Bortolo
Parkhotel Valkenburg Continental Team	oldname	Parkhotel Valkenburg Cycling Team
Parkhotel Valkenburg Continental Team	oldname	Parkhotel Valkenburg Continental Team
Poitou–Charentes.Futuroscope.86	oldname	Vienne Futuroscope
Poitou–Charentes.Futuroscope.86	oldname	Poitou–Charentes.Futurscope.86
Aromitalia Vaiano	oldname	Vaiano Solaristech
Aromitalia Vaiano	oldname	Vaiano Tepso
Aromitalia Vaiano	oldname	Vaiano Fondriest
Aromitalia Vaiano	oldname	Aromitalia Vaiano
China Chongming–Liv–Champion System Pro Cycling	oldname	Giant Pro Cycling
China Chongming–Liv–Champion System Pro Cycling	oldname	China Chongming–Giant Pro Cycling
China Chongming–Liv–Champion System Pro Cycling	oldname	China Chongming–Giant–Champion System Pro Cycling
Topsport Vlaanderen–Pro-Duo	oldname	Vlaanderen–T Interim Ladies Team
Topsport Vlaanderen–Pro-Duo	oldname	Vlaanderen–T Interim Univega Ladies Team
Topsport Vlaanderen–Pro-Duo	oldname	Vlaanderen–Capri Sonne–T Interim
Topsport Vlaanderen–Pro-Duo	oldname	Topsport Vlaanderen–Thompson Ladies Team
Topsport Vlaanderen–Pro-Duo	oldname	Topsport Vlaanderen–Ridley Team
Topsport Vlaanderen–Pro-Duo	oldname	Topsport Vlaanderen–Ridley
Topsport Vlaanderen–Pro-Duo	oldname	Topsport Vlaanderen–Bioracer
Topsport Vlaanderen–Pro-Duo	oldname	Topsport Vlaanderen–Pro-Duo
TWENTY16–Ridebiker	oldname	ProMan Hit Squad
TWENTY16–Ridebiker	oldname	Twenty12
TWENTY16–Ridebiker	oldname	Exergy Twenty12
TWENTY16–Ridebiker	oldname	Exergy Twenty16
TWENTY16–Ridebiker	oldname	Twenty16
TWENTY16–Ridebiker	oldname	Twenty16 presented by Sho-Air
TWENTY16–Ridebiker	oldname	TWENTY16–Ridebiker
Rally Cycling Women	oldname	Optum Pro Cycling
Rally Cycling Women	oldname	Optum p/b Kelly Benefit Strategies
Rally Cycling Women	oldname	Optum p/b KBS
Refin–Mobilvetta	oldname	Refin-Cantina Tollo
Refin–Mobilvetta	oldname	Refin-Mobilvetta
Servetto Footon	oldname	Servetto Footon
BTC City Ljubljana	oldname	BTC City Ljubljana
Firefighters Upsala CK	oldname	Firefighters Upsala CK
Lensworld.eu–Zannata	oldname	Team Futurumshop.nl–Polaris
Lensworld.eu–Zannata	oldname	Futurumshop.nl–Zannata
Lensworld.eu–Zannata	oldname	Lensworld.eu–Zannata
Kolss BDC Team	oldname	Kolss Cycling Team
Kolss BDC Team	oldname	Kolss BDC Team
Astana City	oldname	Continental Team Astana
Astana City	oldname	Seven Rivers Cycling Team
Astana City	oldname	Astana City
Team SmartStop	oldname	Mountain Khakis
Team SmartStop	oldname	Mountain Khakis Ep-No
Team SmartStop	oldname	Mountain Khakis-Jittery Joe's
Team SmartStop	oldname	SmartStop-Mountain Khakis
Team SmartStop	oldname	SmartStop
Saturn Cycling Team	oldname	Saturn Cycling Team
San Luis Somos Todos	oldname	San Luis Somos Todos
Holowesko Citadel Racing Team	oldname	Hincapie Sportswear Development Team
Holowesko Citadel Racing Team	oldname	Holowesko-Citadel Racing Team
Holowesko Citadel Racing Team	oldname	p/b Hincapie Sportswear
Groupement Sportif des Pétroliers d'Algérie	oldname	Groupement Sportif Pétrolier Algérie
Groupement Sportif des Pétroliers d'Algérie	oldname	Groupement Sportif des Pétroliers d´Algérie
5-Hour Energy	oldname	Kenda-Spinergy
5-Hour Energy	oldname	Kenda-Gear Grinder
5-Hour Energy	oldname	Kenda-5 Hour Energy
5-Hour Energy	oldname	5
Team Budget Forklifts	oldname	Ord Minnett-Triple Play
Team Budget Forklifts	oldname	Team Budget Forklifts
Matrix Powertag	oldname	Matrix
Matrix Powertag	oldname	Matrix Powertag
Axeon–Hagens Berman	oldname	Trek Livestrong
Axeon–Hagens Berman	oldname	Trek Livestrong U23
Axeon–Hagens Berman	oldname	Bontrager Livestrong
Axeon–Hagens Berman	oldname	Bontrager
Axeon–Hagens Berman	oldname	Bissell Development Team
Axeon–Hagens Berman	oldname	Axeon Cycling Team
Axeon–Hagens Berman	oldname	Axeon Hagens Berman
SP Tableware	oldname	SP. Tableware-Gatsoulis Bikes
SP Tableware	oldname	SP Tableware
SP Tableware	oldname	SP Tableware Cycling Team
Aurum Hotels	oldname	Cantina Tollo-Co.Bo.
Aurum Hotels	oldname	Cantina Tollo-Carrier-Starplast
Aurum Hotels	oldname	Cantina Tollo-Alexia Alluminio
Aurum Hotels	oldname	Cantina Tollo-Regain
Aurum Hotels	oldname	Cantina Tollo-Acqua & Sapone
Aurum Hotels	oldname	Acqua & Sapone-Cantina Tollo
Aurum Hotels	oldname	Domina Vacanze-Elitron
Aurum Hotels	oldname	Domina Vacanze
Aurum Hotels	oldname	Naturino-Sapore di Mare
Aurum Hotels	oldname	Aurum Hotels
Champion System–Stan's NoTubes	oldname	Champion System–Stan's NoTubes
Roubaix–Lille Métropole	oldname	Roubaix-Lille Métropole
Singha Infinite Cycling Team	oldname	Singha Infinite Cycling Team
Marlux–Napoleon Games	oldname	Sunweb–Projob
Marlux–Napoleon Games	oldname	Sunweb–Revor
Marlux–Napoleon Games	oldname	Sunweb–Napoleon Games
Marlux–Napoleon Games	oldname	Marlux–Napoleon Games
Skydive Dubai Pro Cycling Team–Al Ahli Club	oldname	Skydive Dubai Pro Cycling Team
Skydive Dubai Pro Cycling Team–Al Ahli Club	oldname	Skydive Dubai Pro Cycling Team–Al Ahli Club
Astana Women's Team	oldname	Astana–Acca Due O
Astana Women's Team	oldname	Astana Women's Team
GSD Gestion–Kallisto	oldname	ESGL 93-GSD Gestion
GSD Gestion–Kallisto	oldname	Team GSD Gestion
GSD Gestion–Kallisto	oldname	GSD Gestion-Kallisto
Team Pratomagno Women	oldname	Team Pratomagno Women
Inpa–Bianchi	oldname	Team Inpa Bianchi Giusfredi
WIGGINS	oldname	WIGGINS
BZK Emakumeen Bira	oldname	BZK Emakumeen Bira
Feminine Cycling Team	oldname	Feminine Cycling Team
Matrix Fitness Pro Cycling	oldname	Matrix Fitness-Prendas
Matrix Fitness Pro Cycling	oldname	Matrix Fitness Racing Academy
Matrix Fitness Pro Cycling	oldname	Matrix Fitness-Vulpine
Matrix Fitness Pro Cycling	oldname	Matrix Fitness Pro Cycling
Squadra Scappatella	oldname	Squadra Scappatella
Cramo Go:green	oldname	Alriksson Go:Green
Cramo Go:green	oldname	Cramo Go:green
UniSA–Australia	oldname	Team UniSA-Australia
Weber Shimano Ladies Power	oldname	Itau Shimano Ladies Power Team
Xirayas de San Luis–OPW	oldname	Xirayas de San Luis
Xirayas de San Luis–OPW	oldname	Xirayas de San Luis–OPW
Tabriz Petrochemical CCN Team	oldname	Tabriz Petrochemical Team
Tabriz Petrochemical CCN Team	oldname	Tabriz Petrochemical CCN Team
Vitalogic Astrokalb Radunion Nö	oldname	No Radunion Vitalogic
Vitalogic Astrokalb Radunion Nö	oldname	Vitalogic Astrokalb Radunion Nö
7 Eleven–Sava RBP	oldname	7
b Happy Tooth Dental	oldname	BMW p/b Happy Tooth Dental
b The Happy Tooth	oldname	Pepper Palace p/b The Happy Tooth
ONE Pro Cycling	oldname	ONE Pro Cycling
Roompot–Oranje Peloton	oldname	Team Roompot
Roompot–Oranje Peloton	oldname	Roompot–Oranje Peloton
Vélo Club Sovac	oldname	Velo Club Sovac Algerie
Vélo Club Sovac	oldname	Velo Club Sovac
Search2retain–Health.com.au Cycling Team	oldname	Search2retain-Health.com.au Cycling Team
African Wildlife Safaris Cycling Team	oldname	African Wildlife Safaris Cycling Team
State of Matter MAAP Racing	oldname	Charter Mason–Giant Racing Team
State of Matter MAAP Racing	oldname	State of Matter MAAP Racing
b Champion System	oldname	CCT p/b Champion System
Satalyst Verve Racing Team	oldname	Navitas–Satalyst Racing Team
Satalyst Verve Racing Team	oldname	Satalyst Verve Racing Team
b Scody	oldname	Data#3-Symantec Racing Team p/b Scody
IRT Racing	oldname	IRT Racing
Lupus Racing Team	oldname	Lupus Racing Team
Team Illuminate	oldname	Airgas Cycling
Team Illuminate	oldname	Airgas-Safeway Cycling Team
Team Illuminate	oldname	Team Illuminate
Astellas Cycling Team	oldname	Astellas Oncology
Astellas Cycling Team	oldname	Astellas Cycling Team
Pishgaman–Giant Team	oldname	Pishgaman Yazd
Pishgaman–Giant Team	oldname	Pishgaman-Giant Team
Black Inc Cycling Team	oldname	CCN Cycling Team
Black Inc Cycling Team	oldname	Black Inc Cycling Team
Tirol Cycling Team	oldname	Tyrol-Team Radland Tirol
Tirol Cycling Team	oldname	Tyrol Team
Tirol Cycling Team	oldname	Tirol Cycling Team
Los Matanceros	oldname	Buenos Aires Provincia
Sindicato de Empleados Publicos de San Juan	oldname	Sindicato de Empleados Publicos de San Juan
Orgullo Antioqueño	oldname	Gobernación de Antioquia-Indeportes Antioquia
Orgullo Antioqueño	oldname	Aguardiente Antioqueño-Lotería de Medellín-IDEA
Orgullo Antioqueño	oldname	Orgullo Antioqueño
InCycle–Cannondale	oldname	InCyclevPredator Components
InCycle–Cannondale	oldname	InCycle–Cannondale
Start–Vaxes Cycling Team	oldname	Start Cycling Team–Atacama Flowery Desert
Start–Vaxes Cycling Team	oldname	Start–Trigon Cycling Team
Start–Vaxes Cycling Team	oldname	Start–Massi Cycling Team
Start–Vaxes Cycling Team	oldname	Start–Vaxes Cycling Team
Team Ecuador	oldname	Team Ecuador
Inteja–MMR Dominican Cycling Team	oldname	Inteja–MMR Dominican Cycling Team
Massi–Kuwait Cycling Project	oldname	Kuwait Cycling Project
Massi–Kuwait Cycling Project	oldname	Massi–Kuwait Cycling Project
Garneau–Québecor	oldname	Team Quebecor Garneau
Garneau–Québecor	oldname	Garneau–Québecor
Silber Pro Cycling Team	oldname	Medique p/b Silber Investments
Silber Pro Cycling Team	oldname	Silber Pro Cycling Team
H&R Block Pro Cycling	oldname	H&R Block
H&R Block Pro Cycling	oldname	H&R Block Pro Cycling
Tuşnad Cycling Team	oldname	Tuşnad Cycling Team
Lokosphinx	oldname	Lokosphinx
HKSI Pro Cycling Team	oldname	HKSI Pro Cycling Team
Pegasus Continental Cycling Team	oldname	Pegasus Continental Cycling Team
Sepahan Pro Team	oldname	Sepahan Pro Team
Tabriz Shahrdari Team	oldname	Tabriz Shahrdari Ranking
Tabriz Shahrdari Team	oldname	Tabriz Shahrdari Team
China Hainan Sports Lottery–Yindongli	oldname	China Hainan Yindongli Cycling Team
China Hainan Sports Lottery–Yindongli	oldname	China Hainan HNB Yindonli Cycling Team
China Hainan Sports Lottery–Yindongli	oldname	China Yindonli-Wildto Cycling Team
China Hainan Sports Lottery–Yindongli	oldname	Wildto Cycling Team
Qinghai Tianyoude–BH Cycling Team	oldname	Qinghai Tianyoude Cycling Team
Qinghai Tianyoude–BH Cycling Team	oldname	Qinghai Tianyoude-BH Cycling Team
Giant–Champion System Pro Cycling	oldname	MAX Success Sports
Giant–Champion System Pro Cycling	oldname	Giant-Champion System Pro Cycling
Ningxia Sports Lottery–Focus Cycling Team	oldname	Ningxia Sports Lottery Cycling Team
Ningxia Sports Lottery–Focus Cycling Team	oldname	Ningxia Sports Lottery-Focus Cycling Team
Shimano Racing Team	oldname	Shimano Racing Team
Action Cycling Team	oldname	Action Cycling Team
Attaque Team Gusto	oldname	Team Gusto
Attaque Team Gusto	oldname	Attaque Team Gusto
National Sport Council of Malaysia Cycling Team	oldname	NSC Cycling Team
Vino 4ever SKO	oldname	Vino 4ever
Vino 4ever SKO	oldname	Vino 4ever SKO
Team Lvshan Landscape	oldname	China Huasen Cycling Team
Team Lvshan Landscape	oldname	Team Lvshan Landscape
Jilun Shakeland Cycling Team	oldname	China Wuxi Jilun Cycling Team
Jilun Shakeland Cycling Team	oldname	China Jilun Cycling Team
Jilun Shakeland Cycling Team	oldname	Jilun Shakeland Cycling Team
China Continental Team of Gansu Bank	oldname	Gan Su Sports Lottery Cycling Team
China Continental Team of Gansu Bank	oldname	China Continental Team of Gansu Bank
Korail Cycling Team	oldname	Korail Cycling Team
Seoul Cycling Team	oldname	Seoul Cycling Team
Nasu Blasen	oldname	Nasu Blasen
Utsunomiya Blitzen	oldname	Blitzen Utsunomiya Pro Racing
Utsunomiya Blitzen	oldname	Utsunomiya Blitzen
Gunma–Grifin Racing Team	oldname	Gunma-Grifin Racing Team
Kinan Cycling Team	oldname	Kinan Cycling Team
Verandas Willems	oldname	Verandas Willems
Wallonie Bruxelles–Group Protect	oldname	Wallonie Bruxelles–Crédit Agricole
Wallonie Bruxelles–Group Protect	oldname	Wallonie–Bruxelles
Wallonie Bruxelles–Group Protect	oldname	Wallonie Bruxelles–Group Protect
Stradalli–Bike Aid	oldname	Bike Aid-Ride for Help
Stradalli–Bike Aid	oldname	Bike Aid
Stradalli–Bike Aid	oldname	Stradalli–Bike Aid
Team3M	oldname	Team 3M
Meridiana–Kamen	oldname	Meridiana–Kalev Chocolate Team
Meridiana–Kamen	oldname	Team Meridiana– Kamen
Meridiana–Kamen	oldname	Meridiana– Kamen
Team Dukla Praha	oldname	ASC Dukla Praha
Team Dukla Praha	oldname	Team Dukla Praha
D'Amico–Bottecchia	oldname	Area Zero Pro Team
D'Amico–Bottecchia	oldname	d'Amico-Bottecchia
Unieuro–Wilier	oldname	MG Kvis-Wilier
Unieuro–Wilier	oldname	Unieuro Wilier Trevigiani
Norda–MG.Kvis Vega	oldname	Vega–Hotsand
Norda–MG.Kvis Vega	oldname	MG.Kvis Vega
Norda–MG.Kvis Vega	oldname	Norda–MG.Kvis Vega
Cibel–Cebon	oldname	PWC Jan Snel
Cibel–Cebon	oldname	PWC Aliplast
Cibel–Cebon	oldname	Aliplast
Cibel–Cebon	oldname	Cibel-Aliplast
Cibel–Cebon	oldname	Cibel
Cibel–Cebon	oldname	Cibel-Cebon
WSA–Greenlife	oldname	WSA Viperbike
WSA–Greenlife	oldname	WSA
WSA–Greenlife	oldname	Hrinkow Advarics Cycleangteam
Team Hrinkow Advarics Cycleang	oldname	Hrinkow Advarics Cycleangteam
Amplatz–BMC	oldname	RSC Amplatz
Amplatz–BMC	oldname	Amplatz–BMC
Team Idea 2010 ASD	oldname	Team Idea
Team Idea 2010 ASD	oldname	Team Idea 2010 ASD
Team Virtu Pro–Veloconcept	oldname	Team Trefor
Team Virtu Pro–Veloconcept	oldname	Team Trefor-Blue Water
Team Virtu Pro–Veloconcept	oldname	Team Virtu Pro–Veloconcept
Stölting Service Group	oldname	Test Team Raiko-Argon 18
Stölting Service Group	oldname	Team Raiko-Stölting
Stölting Service Group	oldname	Team Stölting
Stölting Service Group	oldname	Stölting Service Group
LKT Team Brandenburg	oldname	LKT Team Brandenburg
Color Code–Arden'Beef	oldname	Idemasport–Biowanze
Color Code–Arden'Beef	oldname	Color Code–Biowanze
Color Code–Arden'Beef	oldname	Color Code–Aquality Protect
Color Code–Arden'Beef	oldname	Color Code–Arden'Beef
ERA–Circus	oldname	Corendon–Kwadro
ERA–Circus	oldname	Era–MurProtec
Superano Ham–Isorex	oldname	Colba-Superano Ham
Superano Ham–Isorex	oldname	Colba-Mercury-Dourphonie
Superano Ham–Isorex	oldname	Superano Ham-Isorex
Veranclassic–Ago	oldname	Doltcini Flanders
Veranclassic–Ago	oldname	Veranclassic–Doltcini
Veranclassic–Ago	oldname	Veranclassic–Ekoi
Veranclassic–Ago	oldname	Veranclassic–Ago
T.Palm–Pôle Continental Wallon	oldname	Lotto-Bodysol-Pôle Continental Wallon
T.Palm–Pôle Continental Wallon	oldname	T.Palm-Pôle Continental Wallon
Crelan–Vastgoedservice	oldname	Vastgoedservice–Golden Palace
Crelan–Vastgoedservice	oldname	Crelan–Vastgoedservice
Verva ActiveJet	oldname	ActiveJet Team
Verva ActiveJet	oldname	Verva ActiveJet
Team Tre Berg–Bianchi	oldname	Team Tre Berg-Bianchi
Minsk Cycling Club	oldname	Team Minsk
Minsk Cycling Club	oldname	Minsk Cycling Club
Euskadi Basque Country–Murias	oldname	Murias Taldea
Euskadi Basque Country–Murias	oldname	Euskadi Basque Country–Murias
SKC TUFO Prostějov	oldname	SKC TUFO Prostějov
Kyiv Capital Racing	oldname	Kyiv Capital Racing
Team Roth	oldname	Marchiol Emisfero
Team Roth	oldname	Roth–Skoda
Team Roth	oldname	Team Roth
Team Almeborg–Bornholm	oldname	Team Almeborg-Bornholm
Team ColoQuick–Cult	oldname	Team Designa Kokken
Team ColoQuick–Cult	oldname	Team Designa Køkken-Blue Water
Team ColoQuick–Cult	oldname	Team Designa Køkken-Knudsgaard
Team ColoQuick–Cult	oldname	ColoQuick
Team ColoQuick–Cult	oldname	Team ColoQuick–Cult
CK Banská Bystrica	oldname	Cycling Academy Team
Cycling Academy Team	oldname	Cycling Academy Team
Domin Sport	oldname	Las Vegas Power Energy Drink
Domin Sport	oldname	Mexller
Domin Sport	oldname	Domin Sport
Wibatech–Fuji	oldname	Wibatech-LMGK Ziemia Brzeska
Wibatech–Fuji	oldname	Team Wibatech-Brzeg
Wibatech–Fuji	oldname	Wibatech Fuji Zory
Wibatech–Fuji	oldname	Wibatech-Fuji
Team Ringeriks–Kraft	oldname	Team Ringeriks-Kraft
Team Ringeriks–Kraft	oldname	Team Ringeriks-Kraft Look
Team FixIT.no	oldname	Team Fixit.no
Mercury Cycling Team	oldname	Miller Lite
Mercury Cycling Team	oldname	Nutra Fig
Mercury Cycling Team	oldname	Nutra Fig-Colorado Cyclist
Mercury Cycling Team	oldname	Comptel Data Systems-Colorado Cyclist
Mercury Cycling Team	oldname	Mercury
Mercury Cycling Team	oldname	Mercury-Mannheim Auctions
Mercury Cycling Team	oldname	Mercury-Viatel
Metec–TKH Continental Cyclingteam	oldname	Metec Continental Cyclingteam
Metec–TKH Continental Cyclingteam	oldname	Metec-TKH Continental Cyclingteam
Metec–TKH Continental Cyclingteam	oldname	Metec-TKH Continental Cyclingteam p/b Mantel
BabyDump Cycling Team	oldname	Baby-Dump
BabyDump Cycling Team	oldname	Baby-Dump Cycling Team
SEG Racing Academy	oldname	SEG Racing
Team Heizomat	oldname	Team Mapei Heizomat
Team Heizomat	oldname	Team Heizomat Mapei
Team Heizomat	oldname	Team Heizomat
Rad-Net Rose Team	oldname	Rad-Net Rose Team
MLP Team Bergstrasse	oldname	Team Bergstrasse jenatec
MLP Team Bergstrasse	oldname	MLP Team Bergstrasse
Christina Jewelry Pro Cycling	oldname	Team Stuttgart
Christina Jewelry Pro Cycling	oldname	Christina Jewelry Pro Cycling
Dare Gobik	oldname	Keith Mobel–Partisan
Dare Gobik	oldname	Dare Gobik
Cube Action Team	oldname	Cube Action Team
Fly V Australia	oldname	Fly V Australia
Fly V Australia	oldname	V Australia
Team Jayco–AIS	oldname	Southaustralia.com-AIS
Team Jayco–AIS	oldname	Team AIS
Team Jayco–AIS	oldname	Team Jayco-Skins
Team Jayco–AIS	oldname	Jayco-AIS
Team Jayco–AIS	oldname	Team Jayco-AIS
Team Colpack	oldname	U.C. Bergamasca 1902 De Nardi Colpack
Team Colpack	oldname	De Nardi–Bergamasca
Team Colpack	oldname	Team Colpack
Beijing Innova Cycling Team	oldname	China 361° Cycling Team
Beijing Innova Cycling Team	oldname	Beijing Innova Cycling Team
Holy Brother Cycling Team	oldname	Holy Brother Cycling Team
China Cooperation Development Cycling Team	oldname	China Cooperation Development Cycling Team
Ciervo Nara Merida Cycling Team	oldname	Ciervo Nara Merida Cycling Team
C Project	oldname	Cannondale Spacezeropoint
C Project	oldname	C Project
X23–Saroni Factory Team	oldname	X23 - Saroni Factory Team
Bohemia Cycling Track Team	oldname	Bohemia Cycling Track Team
Cafés Baqué	oldname	Labarca-2-Café Baqué
Cafés Baqué	oldname	Cafés Baqué
Cylance Pro Cycling	oldname	Cylance Pro Cycling
Canyon–SRAM	oldname	Canyon–SRAM
Team Konica Minolta–Bizhub	oldname	Team Konica Minolta
Team Konica Minolta–Bizhub	oldname	Team Konica Minolta-Bizhub
Lares–Waowdeals	oldname	Lares-Waowdeals
Team Soigneur	oldname	Team Soigneur
Elevate Cycling	oldname	Elevate Cycling
GW–Shimano	oldname	GW-Shimano
Sindicato Empleados Públicos of San Juan	oldname	Sindicato Empleados Públicos of San Juan
Canels Specialized	oldname	Canels Turbo
Canels Specialized	oldname	Canels Specialized
Team Giant Scatto	oldname	Team Giant Scatto
Boyacá Raza de Campeones	oldname	Raza de Campeones Loteria da Boyaca
Boyacá Raza de Campeones	oldname	Boyacá Raza de Campeones
Pedal Heaven Race Team	oldname	Pedal Heaven RT
Pedal Heaven Race Team	oldname	Pedal Heaven Colbornes RT
Pedal Heaven Race Team	oldname	Pedal Heaven
Al Marakeb Cycling Team	oldname	Al Marakeb Cycling Team
Team BMS BIRN	oldname	Team BMS BIRN
Podium Ambition Pro Cycling	oldname	Breast Cancer Care Cycling Team
Podium Ambition Pro Cycling	oldname	Madison–Boot Out Breast Cancer Care
Podium Ambition Pro Cycling	oldname	Pearl Izumi–Boot out Breast Cancer
Podium Ambition Pro Cycling	oldname	Podium Ambition Pro Cycling p/b Club La Santa
b Henley & Partners	oldname	Team Sauerland NRW p/b Henley & Partners
Strongman–Campagnolo–Wilier	oldname	Strongman–Campagnolo
CK Příbram Fany Gastro	oldname	CK Příbram Fany Gastro
Hysport Look	oldname	Hysport Look
St. George NRS Cycling Team	oldname	St. George NRS Cycling Team
Team Bliz–Merida	oldname	Team Bliz-Merida
Sharjah Team	oldname	Sharjah Team
Kőbánya Cycling Team	oldname	Kőbánya Cycling Team
Kenyan Riders Downunder	oldname	Kenyan Riders Downunder
Hagens Berman–Supermint	oldname	Hagens Berman–Supermint
Visit Dallas DNA Pro Cycling	oldname	Visit Dallas Cycling
Visit Dallas DNA Pro Cycling	oldname	Visit Dallas DNA Pro Cycling
Drops Cycling Team	oldname	Drops Cycling Team
Al Nasr Pro Cycling Team–Dubai	oldname	Nasr-Dubai Pro Cycling Team
Dimension Data for Qhubeka	oldname	Dimension Data Continental Team
KrolStonE Continental Team	oldname	KrolStonE Continental Team
Aero Cycling Team	oldname	Aero Cycling Team
Staki–Baltik Vairas	oldname	Staki–Baltik Vairas
Parkhotel Valkenburg Continental Team	oldname	Parkhotel Valkenburg CT
Legnano cycling team	oldname	Legnano
Legnano cycling team	oldname	Legnano-Pirelli
Legnano cycling team	oldname	Legnano-Torpedo
Legnano cycling team	oldname	Legnano-Hutchinson
Legnano cycling team	oldname	Legnano-Clément
Legnano cycling team	oldname	Legnano-Wolsit
ZG Mobili	oldname	ZG Mobili-Bottecchia
ZG Mobili	oldname	ZG Mobili-Selle Italia
ZG Mobili	oldname	ZG Mobili
ZG Mobili	oldname	Roslotto-ZG Mobili
Team Soigneur-Copenhagen Pro Cycling	oldname	Team Soigneur-FBL
Team Soigneur-Copenhagen Pro Cycling	oldname	Team Soigneur-Copenhagen Pro Cycling
Team Colpack-Astro	oldname	Team Colpack
Team Colpack-Astro	oldname	Team Colpack-Astro
Asics–CGA	oldname	Asics–CGA
Liquigas–Pata	oldname	Brescialat-Refin
Liquigas–Pata	oldname	Brescialat-Fago
Liquigas–Pata	oldname	Brescialat-Verynet
Liquigas–Pata	oldname	Brescialat-Oyster
Liquigas–Pata	oldname	Liquigas-Brescialat
Liquigas–Pata	oldname	Liquigas
Liquigas–Pata	oldname	Liquigas–Pata
Tenax	oldname	Tenax
Tenax	oldname	Tenax-Garda Calze
Tenax	oldname	Tenax-Nobili Rubinetterie
Tenax	oldname	Tenax Salmilano
Tenax	oldname	Tenax-Menikini
Bic cycling team	oldname	Bic-Hutchinson
Bic cycling team	oldname	Bic
Ed' System ZVVZ	oldname	ZVVZ-DLD
Ed' System ZVVZ	oldname	Wüstenrot-ZVVZ
Ed' System ZVVZ	oldname	Ed' System ZVVZ
Bianchi	oldname	Colavita–Fine Cooking
Bianchi	oldname	Colavita/Bianchi
Mutuelle de Seine-et-Marne	oldname	Mutuelle de Seine-et-Marne
Televizier	oldname	Televizier
Televizier	oldname	Televizier–Batavus
Moscow	oldname	Moscow
Vivo Team Grupo Oresy	oldname	Team Vivo
Vivo Team Grupo Oresy	oldname	Vivo Team Grupo Oresy
Moscow Stars	oldname	Omnibike Dynamo Moscow
Moscow Stars	oldname	Moscow Stars
BDC Marcpol	oldname	BDC Team
BDC Marcpol	oldname	BDC–Marcpol Team
BDC Marcpol	oldname	BDC Marcpol
BMC Development Team	oldname	BMC Development Team
Bahrain–Merida Pro Cycling Team	oldname	Bahrain–Merida
Team NSP–Ghost	oldname	Team NSP
Team NSP–Ghost	oldname	Team NSP–Ghost
Capec	oldname	Capec
Katyusha Continental Team	oldname	Katyusha
Katyusha Continental Team	oldname	Katyusha Continental Team
Russian Helicopters	oldname	Helicopters
Russian Helicopters	oldname	Russian Helicopters
Premier	oldname	Premier
Teka	oldname	Teka
Aqua Blue Sport	oldname	Aqua Blue Sport
Team Aqua Blue Sport	oldname	Team Aqua Blue Sport
