Marius Toma	playername	Marius Toma
Albert Talipeau	playername	Alby Talipeau
Gabriel Sava	playername	Gabriel Sava
Wayne Reittie	playername	Wayne Reittie
Craig Hall	playername	Craig Hall
Tim Spears	playername	Tim Spears
Jan Simulambo	playername	Jani Simulambo
Hayes Lauder	playername	Hayes Lauder
Justin Doyle	playername	Justin Doyle
Aleksandar Ranđelović	playername	Aleksandar Ranđelović
Alex Walker	playername	Alex Walker
Jon Magrin	playername	Jon Magrin
Jayden Nikorima	playername	Jayden Nikorima
Willie Kunda	playername	Willie Kunda
Aaron Hamilton	playername	Aaron Hamilton
Joseph Keyes	playername	Joe Keyes
Eddie Battye	playername	Eddie Battye
Andy Ackers	playername	Andy Ackers
Jack Bussey	playername	Jack Bussey
Matt Davis	playername	Matt Davis
Lou Goodwin	playername	Lou Goodwin
Col Bentley	playername	Col Bentley
Terry Geary	playername	Terry Geary
Alex Rowe	playername	Alex Rowe
Makahesi Makatoa	playername	Makahesi Makatoa
Uiti Baker	playername	Uiti Baker
Latu Fifita	playername	Latu Fifita
Gary Hetherington	playername	Gary Hetherington
Mitch Cahalane	playername	Mitch Cahalane
Rhys Jacks	playername	Rhys Jacks
Ryan Verlinden	playername	Ryan Verlinden
Stanton Albert	playername	Stanton Albert
Tyla Hepi	playername	Tyla Hepi
Maurice Kennedy	playername	Maurice Kennedy
James Brown	playername	James Brown
Rhys Lenarduzzi	playername	Rhys Lenarduzzi
Daniel Abou Sleiman	playername	Daniel Abou Sleiman
Zac Olejarnik	playername	Zac Olejarnik
Jody Gall	playername	Jody Gall
Chris Saab	playername	Chris Saab
Steve Azzi	playername	Steve Azzi
Nick Kassis	playername	Nick Kassis
Danny Barakat	playername	Danny Barakat
Charlie Farah	playername	Charlie Farah
Sam Hallas	playername	Sam Hallas
Will Oakes	playername	Will Oakes
Robbie Mulhern	playername	Robbie Mulhern
Joe Cator	playername	Joe Cator
Kieran Moran	playername	Kieran Moran
Joe Wardill	playername	Joe Wardill
Regan Grace	playername	Regan Grace
Jake Spedding	playername	Jake Spedding
Morgan Knowles	playername	Morgan Knowles
Calvin Wellington	playername	Calvin Wellington
Conor Fitzsimmons	playername	Conor Fitzsimmons
Sitiveni Moceidreke	playername	Sitiveni Moceidreke
Eric Newbigging	playername	Eric Newbigging
Tyler Dickinson	playername	Tyler Dickinson
Liam Johnson	playername	Liam Johnson
Will Jubb	playername	Will Jubb
Mikey Wood	playername	Mikey Wood
Jacob Wardle	playername	Jacob Wardle
Darnell McIntosh	playername	Darnell McIntosh
Cameron Smith	playername	Cameron Smith
Matt Sarsfield	playername	Matt Sarsfield
Matt Haggarty	playername	Matt Haggarty
Sean Kenny	playername	Sean Kenny
Matty Gee	playername	Matty Gee
Brad Moules	playername	Brad Moules
James Batchelor	playername	James Batchelor
Judah Mazive	playername	Judah Mazive
Frazer Morris	playername	Frazer Morris
Morgan Smith	playername	Morgan Smith
Dave Thompson	playername	Dave Thompson
Ed Chamberlain	playername	Ed Chamberlain
Jack Higginson	playername	Jack Higginson
Jack Wells	playername	Jack Wells
Nick Gregson	playername	Nick Gregson
Jake Shorrocks	playername	Jake Shorrocks
Joe Bretherton	playername	Joe Bretherton
Luke Waterworth	playername	Luke Waterworth
Kyle Shelford	playername	Kyle Shelford
Macauley Davies	playername	Macauley Davies
Thibaut Margalet	playername	Thibaut Margalet
Ugo Perez	playername	Ugo Perez
Hamilton Hughes	playername	Hamilton Hughes
Jordan Dezaria	playername	Jordan Dezaria
Puna Rasaubale	playername	Puna Rasaubale
Damien Mostyn	playername	Damien Mostyn
Adham El Zabedieh	playername	Adham El Zabedieh
David Bayssari	playername	David Bayssari
Craig Simon	playername	Craig Simon
Inoke Tapa'atoutai	playername	Inoke Tapa'atoutai
Leo Epifania	playername	Leo Epifania
Ken Bourke	playername	Ken Bourke
Bruce Clark	playername	Bruce Clark
Oliver Gordon	playername	Oliver Gordon
Anthony Farah	playername	Anthony Farah
Wallace Tangiiti	playername	Wallace Tangiiti
Eze Harper	playername	Eze Harper
Neil Jukes	playername	Neil Jukes
Ben Reynolds	playername	Ben Reynolds
Toby Everett	playername	Toby Everett
Ben Pointer	playername	Ben Pointer
Ben Gray	playername	Ben Gray
Sadiq Adebiyi	playername	Sadiq Adebiyi
Callum Bustin	playername	Callum Bustin
Lewis Bienek	playername	Lewis Bienek
Kameron Pearce-Paul	playername	Kameron Pearce-Paul
Bran Douglas	playername	Bran Douglas
Shaun Squires	playername	Shaun Squires
Paul Séguier	playername	Paul Seguier
Alistair Leak	playername	Alistair Leak
Abbas Miski	playername	Abbas Miski
Brad Day	playername	Brad Day
Adam Gledhill	playername	Adam Gledhill
Kryan Johnson	playername	Kryan Johnson
Josh Rickett	playername	Josh Rickett
Ryan Hepworth	playername	Ryan Hepworth
Jim Bentley	playername	Jim Bentley
Tom Lillycrop	playername	Tom Lillycrop
Liam Kirk	playername	Liam Kirk
Scott Turner	playername	Scott Turner
Will Milner	playername	Will Milner
Jack Ormondroyd	playername	Jack Ormondroyd
Sam Day	playername	Sam Day
Luke Cooper	playername	Luke Cooper
Brad Tagg	playername	Brad Tagg
Jack Coventry	playername	Jack Coventry
Liam Blockley	playername	Liam Blockley
Danny Evans	playername	Danny Evans
Connor Farrer	playername	Connor Farrer
Aaron Brown	playername	Aaron Brown
James Delaney	playername	Jim Delaney
Brad Delaney	playername	Brad Delaney
Paul Delaney	playername	Paul Delaney
Courtney Davies	playername	Courtney Davies
James Glover	playername	James Glover
Jack Teanby	playername	Jack Teanby
Joel Farrell	playername	Joel Farrell
Sam Scott	playername	Sam Scott
Pat Walker	playername	Pat Walker
James Harrison	playername	James Harrison
Callum Casey	playername	Callum Casey
Brian Fok	playername	Brian Fok
James Woodburn-Hall	playername	James Woodburn-Hall
Donald Kudangirana	playername	Donald Kudangirana
Jason Muranka	playername	Jason Muranka
Zach Johnson	playername	Zach Johnson
Ryan Wright	playername	Ryan Wright
Sam Dunn	playername	Sam Dunn
Will Forsyth	playername	Will Forsyth
Ben Heaton	playername	Ben Heaton
Ryan Maneely	playername	Ryan Maneely
Miles Greenwood	playername	Miles Greenwood
Gavin Bennion	playername	Gavin Bennion
Jake Eccleston	playername	Jake Eccleston
Gareth Potts	playername	Gareth Potts
Ed Barber	playername	Ed Barber
Joe Martin	playername	Joe Martin
Gareth Gill	playername	Gareth Gill
Chester Butler	playername	Chester Butler
Elliot Morris	playername	Elliot Morris
Brandon Moore	playername	Brandon Moore
Casey Dunne	playername	Casey Dunne
Will Hope	playername	Will Hope
Michael Ward	playername	Mick Ward
Cliff Nye	playername	Cliff Nye
Mark Daoud	playername	Mark Daoud
Wayne Chahoud	playername	Wayne Chahoud
Happy Malama	playername	Happy Malama
Richard Lepori	playername	Richard Lepori
Jack Holmes	playername	Jack Holmes
Jamel Chisholm	playername	Jamel Chisholm
Sam Gee	playername	Sam Gee
Phil Joy	playername	Phil Joy
Danny Langtree	playername	Danny Langtree
Liam Thompson	playername	Liam Thompson
Adam Files	playername	Adam Files
Lewis Palfrey	playername	Lewis Palfrey
Cory Aston	playername	Cory Aston
Kenny Hughes	playername	Kenny Hughes
Steve Thorpe	playername	Steve Thorpe
Duane Straugheir	playername	Duane Straugheir
Jack Blagbrough	playername	Jack Blagbrough
Dave Hewitt	playername	Dave Hewitt
Greg Burns	playername	Greg Burns
Ryan Millar	playername	Ryan Millar
Ben White	playername	Ben White
Tony Maurel	playername	Tony Maurel
Clément Boyer	playername	Clement Boyer
Samy Masselot	playername	Samy Masselot
Sam Brooks	playername	Sam Brooks
Jefri Kurniawan	playername	Jefri Kurniawan
Mourad Kriouache	playername	Mourad Kriouche
Marcello Montoya	playername	Marcelo Montoya
Henry Raiwalui	playername	Henry Raiwalui
Chris Atkin	playername	Chris Atkin
James Duckworth	playername	James Duckworth
David Andjelić	playername	Dave Andjelic
Josh Jordan-Roberts	playername	Josh Jordan-Roberts
Ryan Ince	playername	Ryan Ince
Jordan Johnstone	playername	Jordan Johnstone
