BBC World News	replacedNames	BBC World Service Television (  )
BBC World News	replacedNames	BBC World (  )
Fox Sports Networks	replacedNames	SportsChannel America
Fox Sports Networks	replacedNames	Prime Network
MSNBC	replacedNames	America's Talking
ITV	replacedNames	Anglia Television, Border Television, Carlton Television, Central Independent Television, Channel Television, Granada Television, HTV, LWT, Meridian Broadcasting, Tyne Tees Television, Westcountry Television and Yorkshire Television
Lifetime	replacedNames	Daytime
Lifetime	replacedNames	Cable Health Network/Lifetime Medical Television
Lifetime	replacedNames	Sony Spin
CNBC	replacedNames	Financial News Network
CNBC Asia	replacedNames	Asia Business News
Comedy Central	replacedNames	The Comedy Channel
Comedy Central	replacedNames	Ha!
MTV3	replacedNames	Kolmoskanava
BBC Four	replacedNames	BBC Knowledge
BBC Prime	replacedNames	BBC World Service Television
Sky Cinema	replacedNames	The Power Station on the BSB service
BBC UKTV	replacedNames	BBC HD
BBC Three	replacedNames	BBC Choice
CBeebies	replacedNames	CBBC On Choice
CPAC	replacedNames	CBC Parliamentary Television Network
Alpha TV	replacedNames	Skai TV
Alpha TV	replacedNames	A-Sky
G4	replacedNames	TechTV
Fox8	replacedNames	Oh!
Arte	replacedNames	La Cinq
Arte	replacedNames	La Sept
Logo TV	replacedNames	VH1 MegaHits
Eden	replacedNames	UK Horizons
Blighty	replacedNames	UK Horizons
Yesterday	replacedNames	Play UK
ITV3	replacedNames	Plus
MTVU	replacedNames	VH1 Uno
Travel Channel	replacedNames	Home Theater Network
Youtoo America	replacedNames	America One
M6	replacedNames	TV6
VH1 MegaHits	replacedNames	MTV Hits Brazil
The Movie Network	replacedNames	Movie Central
Current TV	replacedNames	Newsworld International
Jetix	replacedNames	Fox Kids
BBC World Service Television	replacedNames	BBC TV Europe
9Live	replacedNames	Tm3
Fuse	replacedNames	NuvoTV
ITV4	replacedNames	ITV News Channel
ABC2	replacedNames	ABC Kids channel
ABC2	replacedNames	Fly TV
Celestial Movies	replacedNames	TeleAsia
Channel NewsAsia	replacedNames	Mediacorp
Playhouse Disney	replacedNames	Jetix Play
MSG	replacedNames	Empire Sports Network
Sony Spin	replacedNames	Animax
Tiny Pop	replacedNames	Pop Plus
Toonami	replacedNames	CNX
FamilyNet	replacedNames	Rural TV
Cloo	replacedNames	Trio
NTV	replacedNames	Channel 9
ERT1	replacedNames	Hellenic Broadcasting Corporation
Star Sports	replacedNames	Prime Sports
BTV	replacedNames	Efir 2
Teledeporte	replacedNames	Screensport 1984–1993
ATN Bangla	replacedNames	Efir 2
Bid Plus	replacedNames	Screenshop
Cartoon Network Too	replacedNames	Cartoon Network +1
MTV2 Pop	replacedNames	VH1 Germany
Kanal 4	replacedNames	TV Danmark 2
The CW Plus	replacedNames	The WB 100+ Station Group
TV6	replacedNames	ZTV
Fox Sports 1	replacedNames	Speed
SportsChannel Los Angeles	replacedNames	Z Channel
Movies4Men	replacedNames	Bid Shopping
MTV Flux	replacedNames	VH2
MTV Flux	replacedNames	XXXX
Crime & Investigation Network	replacedNames	TechTV
MTV Hits	replacedNames	MTV Extra
MTV Adria	replacedNames	MTV Europe
Fox Sports West and Prime Ticket	replacedNames	SportsChannel Los Angeles
Cartoonito	replacedNames	Toonami
Viasat Sport N	replacedNames	Viasat Sport 1
Animax Eastern Europe	replacedNames	A+
Disney Junior	replacedNames	Playhouse Disney + / Disney Junior +
Disney Junior	replacedNames	ABC1
Disney Junior	replacedNames	Disney Junior HD
Disney Junior	replacedNames	Disney Cinemagic HD
Discovery Kids	replacedNames	Carlton Kids
MTV Norway	replacedNames	MTV Nordic
Box Upfront	replacedNames	Q TV
TVS	replacedNames	TV-6
TVS	replacedNames	NTV Plus Sport
Channel 854	replacedNames	iSports TV
Fox Sports Southeast	replacedNames	Turner South
Movies4Men 2	replacedNames	Sit-up Ltd
C More Tennis	replacedNames	Canal+ Sport 2
MTV Sweden	replacedNames	MTV Nordic
Discovery Turbo	replacedNames	Discovery Wings
Discovery Turbo	replacedNames	Discovery Kids
NOVE	replacedNames	DeeJay TV
Kanal 9	replacedNames	ONE Television
ZTV Norway	replacedNames	Viasat Plus
DMAX	replacedNames	XXP
Spectrum Sports	replacedNames	Empire Sports Network, Time Warner Cable SportsChannel
Rockworld TV	replacedNames	Musicians Channel
MediaCorp Central	replacedNames	Singapore Broadcasting Corporation Twelfth Frequency/Channel 12
MediaCorp Central	replacedNames	Television Corporation of Singapore Twelfth Frequency/Channel 12
MediaCorp Central	replacedNames	Singapore Television Twelve Twelfth Frequency/Channel 12
MediaCorp Central	replacedNames	Singapore Television Twelve Premiere 12
La Sept	replacedNames	by ARTE
Inter	replacedNames	Channel One
TV3+	replacedNames	TV6 Denmark
TV3+	replacedNames	ZTV Denmark
Viasat Golf	replacedNames	Viasat Sport 24
Nat Geo Wild	replacedNames	Adventure One
Nat Geo Wild	replacedNames	Fox Reality Channel
Nickelodeon	replacedNames	Kindernet
Jim	replacedNames	Nelonen Plus
Kutonen	replacedNames	TV Viisi
Kutonen	replacedNames	The Voice TV
Fox Sports Wisconsin	replacedNames	Fox Sports North
JML Direct TV	replacedNames	EeZee tv
JML Direct TV	replacedNames	iBuy, iBuy2
JML Direct TV	replacedNames	Vector 24/7, Shop Vector +
JML Direct TV	replacedNames	TV Warehouse, TV Warehouse 2
Bliss	replacedNames	The Amp
Channel One	replacedNames	Ftn
Comedy Central Germany	replacedNames	Viva
Viasat 4	replacedNames	ZTV Norway
Starz TV	replacedNames	BuzMuzik
The Movie Network Encore	replacedNames	Encore Avenue
RTL 8	replacedNames	Talpa
RTL 8	replacedNames	Tien
Comcast SportsNet Philadelphia	replacedNames	PRISM
Comcast SportsNet Philadelphia	replacedNames	SportsChannel Philadelphia
Ziggo Sport Totaal	replacedNames	SuperSport
Ziggo Sport Totaal	replacedNames	Canal+
National Indigenous Television	replacedNames	Indigenous Community Television
YLE Extra	replacedNames	YLE24
MTV Poland	replacedNames	Atomic TV
Ten HD	replacedNames	Network Ten
7HD	replacedNames	7
ESPN+	replacedNames	BBC
9HD	replacedNames	Nine Network
MTV Israel	replacedNames	MTV Europe
NME TV	replacedNames	MinX
DMAX	replacedNames	Original Black Entertainment TV
Oprah Winfrey Network	replacedNames	Discovery Health Channel
4Music	replacedNames	The Hits
VH1 Denmark	replacedNames	VH1 Europe
Fox Sports Kansas City	replacedNames	Fox Sports Midwest
Kix	replacedNames	Pop
Boomerang	replacedNames	Cartoonito
Film1	replacedNames	Filmnet
Film1	replacedNames	Canal+
Filmnet	replacedNames	Canal+( )
Filmnet	replacedNames	Nova Cinema( )
LaSiete	replacedNames	Telecinco Sport
Nickelodeon	replacedNames	Nickelodeon Scandinavia
Fox Channel	replacedNames	Premiere Serie
Showcase TV	replacedNames	AnimeCentral
CBBC	replacedNames	CBBC on Choice
True Entertainment	replacedNames	Showcase TV
S Origin	replacedNames	Sci Fi Channel
HBO Canada	replacedNames	The Movie Network
HBO Canada	replacedNames	Movie Central
MTV Netherlands	replacedNames	MTV Europe in the Netherlands
Rock On TV	replacedNames	Performance MainStreet
Viasat Motor	replacedNames	Viasat Sport 3
One	replacedNames	Ten HD
ABC HD	replacedNames	ABN
Astro Awani	replacedNames	Astro News
Astro Awani	replacedNames	Bloomberg RIA News
Viasat Fotboll	replacedNames	Viasat Sport 2
Factoría de Ficción	replacedNames	Telecinco Estrellas
6'eren	replacedNames	SBS Net
Teletoon+	replacedNames	Minimax
Discovery Shed	replacedNames	Discovery Real Time
Muzik Aktif	replacedNames	TVi
Really	replacedNames	UKTV Gardens
EeZee tv	replacedNames	JML Direct TV
9Go!	replacedNames	Nine Guide
Rural TV	replacedNames	2700.0
Simply Movies	replacedNames	The Baby Channel
Wedding TV Asia	replacedNames	Wedding TV
TruTV	replacedNames	Retro
Sikh Channel	replacedNames	Brit Hits
DIY Network	replacedNames	Fine Living
Super3	replacedNames	K3
Viasat Series	replacedNames	Travel Channel
Nickelodeon	replacedNames	Nickelodeon Scandinavia
Astro Citra	replacedNames	Astro Kirana
Viasat Sport	replacedNames	Viasat Sport 1
Viasat Sport	replacedNames	Viasat Sport 2
Viasat Sport	replacedNames	Viasat Sport 3
Viva Cinema	replacedNames	Viva TV
TLC	replacedNames	Discovery Travel & Living Europe
WIN HD	replacedNames	WIN Television
Discovery Channel	replacedNames	Discovery Channel
Investigation Discovery Europe	replacedNames	Discovery Travel & Living Europe
Investigation Discovery Europe	replacedNames	nTalk
Investigation Discovery Europe	replacedNames	TVN Lingua
Nickelodeon	replacedNames	Discovery Kids
CBS Drama	replacedNames	UK: Zone Romantica
CBS Drama	replacedNames	Central & Eastern Europe: Zone Romantica
CBS Drama	replacedNames	Poland: Club TV
Cooking Channel	replacedNames	Fine Living Network
Viva	replacedNames	TMF
Myx TV	replacedNames	myx
BeTV	replacedNames	AXN Beyond
CBS Action	replacedNames	UK & Ireland: Zone Thriller
CBS Action	replacedNames	Poland: Zone Romantica
Kindernet	replacedNames	TMF Nederland
Disney Channel	replacedNames	Das Vierte
Disney Cinemagic	replacedNames	Toon Disney
CNNgo	replacedNames	CNN Pipeline
MTV Hits	replacedNames	MTV Hits
True Sport	replacedNames	SuperSport
True Sport	replacedNames	UBC SuperSport
Greatest Hits TV	replacedNames	Rockworld TV
Comedy Central Family	replacedNames	VH1 Poland
VH1 Poland	replacedNames	MTV Classic Poland
Nick Hits	replacedNames	NickToons
ABC News 24	replacedNames	ABC HD
Disney Junior	replacedNames	As a network: Soapnet
Disney Junior	replacedNames	As a Disney Channel morning block: Playhouse Disney
Rai 5	replacedNames	Rai Extra
Rocks & Co	replacedNames	JML Direct TV
TGGC Outlet	replacedNames	Travel Deals Direct
Jewellery Maker	replacedNames	Thomas Cook
Fox Sports Indiana	replacedNames	Fox Sports Midwest
Fox Sports Indiana	replacedNames	Fox Sports Kansas City
7mate	replacedNames	7
Disney Junior	replacedNames	Playhouse Disney
Eleven	replacedNames	One SD
Direct Star	replacedNames	Virgin 17
Sangat TV	replacedNames	JML Direct TV
Ummah Channel	replacedNames	9
Viceland	replacedNames	H2
Viceland	replacedNames	The Biography Channel
TLC	replacedNames	Discovery Travel & Living Europe
Chilled TV	replacedNames	Information TV
Disney Channel	replacedNames	Disney Channel
MTV Music	replacedNames	MTV Shows
Nova Sport	replacedNames	MM
Comedy Central	replacedNames	The Box Comedy
Discovery Life	replacedNames	Discovery Health Channel
Discovery Life	replacedNames	FitTV
Carousel	replacedNames	Bibigon and TeleNyanya
LifeStyle Home	replacedNames	HOW TO Channel
FXX	replacedNames	Fox Soccer
Nickelodeon	replacedNames	Nickelodeon
Sony Channel	replacedNames	Film 24
Sony Channel	replacedNames	Open Access
MTV Music	replacedNames	MTV Plus
Animax	replacedNames	Locomotion
TLC Norway	replacedNames	Discovery Travel & Living Europe
C More Emotion	replacedNames	Canal+ Drama
C More Series	replacedNames	Canal+ Series
ABC Spark	replacedNames	Dusk
Al Jazeera Balkans	replacedNames	NTV 99
VOX	replacedNames	The Voice TV Norway
Sundance Channel	replacedNames	Film1 Festival
Film1 Spotlight	replacedNames	Film1 Premiere
Cartoon Network	replacedNames	Teletoon Retro
Astro Bella	replacedNames	B4U
4seven	replacedNames	More4 +2
Disney XD India	replacedNames	Toon Disney
Disney XD India	replacedNames	Jetix
BuzMuzik	replacedNames	Chart Show TV
Dajto	replacedNames	TV Fooor
MTV Hits Latin America	replacedNames	NickMusic
CBS Reality	replacedNames	Zone Reality
Viva TV	replacedNames	Vintage Television
Viva TV	replacedNames	Viva Cinema
Canal 8 Sport	replacedNames	Canal+ Sport 1
Rishtey	replacedNames	Imagine Dil Se
Prime	replacedNames	Canal+
Canal 8	replacedNames	Direct 8
Fox	replacedNames	FX
National Geographic Channel	replacedNames	NBC Europe
Nat Geo Wild	replacedNames	National Geographic Adventure
MTV Music 24	replacedNames	TMF Nederland
Al Jazeera Türk	replacedNames	Cine5
Foxtel Movies	replacedNames	Movie Network
Foxtel Movies	replacedNames	Showtime movie channels
Chart Show Hits	replacedNames	Flaunt
Al Jazeera America	replacedNames	Current TV
My Movie Channel	replacedNames	The Game Channel
Fox Sports Asia	replacedNames	FOX Sports: ESPN
Fox Sports Asia	replacedNames	Fox Sports 2: Star Sports
Fox Sports Asia	replacedNames	FOX Sports 3: ESPN HD
Fox Sports News	replacedNames	ESPN Asia
Fusion	replacedNames	ABC News Now
Pivot	replacedNames	*
Pivot	replacedNames	Halogen TV
Pivot	replacedNames	Documentary Channel
Drama	replacedNames	Blighty
Geo Kahani	replacedNames	AAG TV
Geo Tez	replacedNames	AAG TV
True Drama	replacedNames	True Entertainment
Zoom	replacedNames	MTV Ukraine
SEC Network	replacedNames	SEC TV
Syfy	replacedNames	SF
Lifetime	replacedNames	The Biography Channel
TVHits	replacedNames	TV1
MTV Music	replacedNames	MTV Hits
MTV Music	replacedNames	MTV Hits & MTV Classic
Gusto	replacedNames	M3
AJ+	replacedNames	Current TV ,
ARY Zindagi	replacedNames	ARY Zauq
Star Sports	replacedNames	STAR Sports 2: ESPN
BBC Earth	replacedNames	BBC Knowledge
BBC Earth	replacedNames	BBC HD
BBC Earth	replacedNames	BBC Entertainment
Eve	replacedNames	Discovery Home and Health Southeast Asia
Lamhe	replacedNames	9
Sony Channel	replacedNames	Sony Entertainment Television
Sony Channel	replacedNames	BeTV
AMC	replacedNames	MGM Channel
E Channel	replacedNames	902
AMC	replacedNames	MGM
TVN24 Biznes i Świat	replacedNames	TVN CNBC
Sky Sports	replacedNames	THE M
AccuWeather Network	replacedNames	The Weather Channel
Foxtel Arts	replacedNames	Studio
Eurosport DK	replacedNames	Canal 8 Sport
Eurosport DK	replacedNames	Eurosport 2
TNT Series	replacedNames	TBS
TNT Series	replacedNames	Glitz*
Fine Living	replacedNames	Zone Club
Disney La Chaîne	replacedNames	Télétoon Rétro
TeenNick	replacedNames	Nickelodeon Games and Sports for Kids
Racing.com	replacedNames	TVN
Antena Latina	replacedNames	Rahintel
FM	replacedNames	NuvoTV
Sony ESPN	replacedNames	Sony KIX
9Life	replacedNames	Extra
Disney XD	replacedNames	Toon Disney
Disney XD	replacedNames	Jetix
Match TV	replacedNames	Russia-2
SBS 2	replacedNames	SBS World News Channel
Kadet	replacedNames	JIM
Cero	replacedNames	Canal+
AXN Black	replacedNames	Animax Portugal
Wion Tv	replacedNames	Zee News English
Sky News Election Channel	replacedNames	A-PAC
MSG Western New York	replacedNames	MSG
Binge	replacedNames	SoHo
VH1	replacedNames	MTV Music
MTV Beats	replacedNames	X-Zone Channel
