Aberdare Athletic F.C.	shortname	Aberdare Ath
Reading F.C.	shortname	RFC
Sheffield Wednesday F.C.	shortname	SWFC
Birmingham City F.C.	shortname	BCFC
Aldershot F.C.	shortname	Aldershot
Sheffield United F.C.	shortname	SUFC
Millwall F.C.	shortname	'Wall
Oldham Athletic A.F.C.	shortname	OAFC
Forest Green Rovers F.C.	shortname	FGR
Colchester United F.C.	shortname	Colchester
Doncaster Rovers F.C.	shortname	DRFC
Hereford United F.C.	shortname	Hereford
VfL Bochum	shortname	VfL Bochum 1848 e.V.
Vancouver Whitecaps	shortname	Whitecaps
Sepahan F.C.	shortname	Sepahan
Wisła Płock	shortname	Wisła P.
Barrow A.F.C.	shortname	BAFC
VfB Stuttgart	shortname	VfB
Third Lanark A.C.	shortname	Third Lanark
FC Twente	shortname	Twente
B36 Tórshavn	shortname	B36
Neftçi PFK	shortname	Neftchi
Lierse S.K.	shortname	Lierse
FC Dinamo București	shortname	FCDB
Trabzonspor	shortname	TS
Fraserburgh F.C.	shortname	Burgh
Villarreal CF	shortname	la villa
AEK Athens F.C.	shortname	AEK
Club de Gimnasia y Esgrima La Plata	shortname	GELP
C.S. Cartaginés	shortname	Cartaginés
VfL Wolfsburg	shortname	VfL
Thames A.F.C.	shortname	Thames
FC Brașov	shortname	FC Brașov
Ilkeston F.C.	shortname	Ilson
UNB Varsity Reds	shortname	VReds
HNK Cibalia	shortname	Cibalia
Beitar Jerusalem F.C.	shortname	Beitar
Avaí FC	shortname	Avaí
Las Vegas Quicksilvers	shortname	LV Silvers
K.S.K. Ronse	shortname	KSK
Merthyr Town F.C.	shortname	Merthyr Town
Hemmingsmarks IF	shortname	HIF
PFC Beroe Stara Zagora	shortname	Beroe
Burton Swifts F.C.	shortname	Burton Swifts
CFR Cluj	shortname	Football Club CFR 1907 Cluj
Boldklubben 1903	shortname	B 1903
F.C. Aboumoslem	shortname	1146664419180px-Loch.gif
Malavan F.C.	shortname	Malavan
Adana Demirspor	shortname	ADS
Tooting & Mitcham United F.C.	shortname	Tooting
ASA 2013 Târgu Mureș	shortname	ASA or Târgu Mureș
Cogenhoe United F.C.	shortname	Cogenhoe
FC Petrolul Ploiești	shortname	Petrolul
EPA Larnaca FC	shortname	EPA
Pezoporikos Larnaca FC	shortname	POL
Consett A.F.C.	shortname	Consett
South Bank F.C.	shortname	South Bank
Royal Ordnance Factories F.C.	shortname	Royal Ordnance Factories
SSV Reutlingen 05	shortname	SSV
Souths United FC	shortname	Souths
Mt Gravatt Hawks FC	shortname	Hawks FC
Brisbane Force FC	shortname	Force
Olympic FC	shortname	Eh
Peninsula Power FC	shortname	PP
Ipswich Knights FC	shortname	Knights
Western Suburbs SC	shortname	Western Suburbs
Altay S.K.	shortname	Altay
Trabzon İdmanocağı	shortname	TiO
Swindon Supermarine F.C.	shortname	Supermarine
Everton de Viña del Mar	shortname	Everton
Doncaster Rovers Belles L.F.C.	shortname	DRBLFC
AC Bellinzona	shortname	ACB
Diósgyőri VTK	shortname	DVTK
Floreat Athena FC	shortname	Athena
Sporting Clube da Horta	shortname	Sporting Horta
MFC Kremin Kremenchuk	shortname	Kremin
Sporting Clube de Portugal	shortname	Sporting
New York Hampton Surf	shortname	Hampton Surf, The Surf
Barracas Central	shortname	Barracas Central
APOP Paphos FC	shortname	APOP
Louth United F.C.	shortname	Louth Utd
National Pei Men Senior High School	shortname	Pei Men
National Yilan Senior High School	shortname	Yilan
FK Autonets	shortname	FK Dobele
Esporte Clube XV de Novembro	shortname	XV de Piracicaba
FC Amager	shortname	FCA
Evagoras Paphos	shortname	Evagoras
Stævnet	shortname	Stævnet
Presteigne St. Andrews F.C.	shortname	Presteigne
Maccabi Ironi Ashdod F.C.	shortname	Ironi
Gahar Zagros F.C.	shortname	Gahar
Solihull Moors F.C.	shortname	Solihull Moors
Senglea Athletic F.C.	shortname	Senglea
Maccabi București	shortname	Maccabi
1. FC Heidenheim	shortname	FCH
Scarborough Athletic F.C.	shortname	Boro
Senrab F.C.	shortname	Senrab
Fajr Sepasi F.C.	shortname	Fajr
C.F. Universidad de Costa Rica	shortname	CFUCR
Plymouth Argyle L.F.C.	shortname	Argyle Ladies
Crewe Alexandra L.F.C.	shortname	CALFC
Fenerbahçe Athletics	shortname	Fenerbahçe Athletics
FC Gland	shortname	FC Gland
Fenerbahçe SW	shortname	Fenerbahçe Sailing
Shahin Bushehr F.C.	shortname	Shahin
Northern Fury FC	shortname	Northern Fury
Sepahan Novin F.C.	shortname	Sepahan Novin
SK Jugoslavija	shortname	Jugoslavija
FK Viborg	shortname	FKV
FC Agro-Goliador Chișinău	shortname	FC Agro
Wiener AC	shortname	WAC
VfL Bochum II	shortname	VfL Bochum II
Eintracht Braunschweig II	shortname	Eintracht Braunschweig II
Michau Warriors F.C.	shortname	Warriors
Frederikshavn fI	shortname	FfI
FL Fart	shortname	Fart
Nordvest FC	shortname	NvFC
CS Concordia Chiajna	shortname	Concordia Chiajna
A.A.C. Eagles	shortname	A.A.C. Eagles.
TSG Balingen	shortname	TSG
Akhisar Belediyespor	shortname	Aksihar B.G.S.
Cincinnati Kings Indoor Team	shortname	Cincinnati Kings
Sheffield Wednesday F.C. Academy	shortname	Owls
Polonia Cernăuți	shortname	Polonia
Foresta Fălticeni	shortname	Foresta
FNSW NTC	shortname	FNSW NTC
Husqvarna FF	shortname	HFF
FFV NTC	shortname	FFV NTC
CS Turnu Severin	shortname	Severin
Petrochimi Tabriz F.C.	shortname	petro
Capricorn Cougars FC	shortname	Capricorn Cougars
Academica FC	shortname	AFC
Real Oviedo Vetusta	shortname	Oviedo B
Waukegan Lightning	shortname	Rebels
Danay FC	shortname	Danay
AS Matelots	shortname	AS Matelots
Icheon Daekyo WFC	shortname	ICD
FC Iveria Khashuri	shortname	iveria
FC Oțelul II Galați	shortname	Oțelul
FFSA NTC	shortname	FFSA NTC
Chungnam Ilhwa Chunma	shortname	CIFC
VfR Pforzheim	shortname	VfR
TSG Backnang 1919	shortname	TSG
Boeun Sangmu WFC	shortname	BSM
Saba Qom F.C.	shortname	Saba
Ukrainian Basketball League	shortname	UBL
Fenerbahçe Table Tennis	shortname	Fenerbahçe Table Tennis
University of Queensland FC	shortname	UQFC Inc.
Fenerbahçe Swimming	shortname	Fenerbahçe Swimming
Durban City F.C.	shortname	Durban City
Sons of Italy Lions SC	shortname	Sons
Winnipeg Lucania FC	shortname	Lucania S.C.
FC Egedal	shortname	FCE
FC Vaslui	shortname	Vaslui
K.S.K. Heist	shortname	Heist
Sydney Rovers FC	shortname	Sydney Rovers
Bundaberg Spirit FC	shortname	Spirit
ACS Foresta Suceava	shortname	Foresta
CS Hunedoara	shortname	CS Hunedoara
Cracovia White Eagles SC	shortname	Cracovia
Athina 90	shortname	A90
Newmarket SFC	shortname	Market
FC Torpedo Mogilev	shortname	Torpedo
Shahin Ahvaz F.C.	shortname	Shensa Arak
Morpeth Town A.F.C.	shortname	Morpeth
Milltown F.C.	shortname	MFC
Brantford Galaxy	shortname	Brantford Galaxy
R.S.C. Anderlecht	shortname	R.S.C.A.
Antigua Barracuda F.C.	shortname	Barracuda FC
Pallokerho Keski-Uusimaa	shortname	PK Keski-Uusimaa
Bassendean Caledonians SFC	shortname	Caledonians
Salon Palloilijat	shortname	SalPa
Alumni Athletic Club	shortname	Alumni
Tuen Mun SA	shortname	Tuen Mun
S.U. 1º de Dezembro	shortname	1
Bergkvara AIF	shortname	BAIF
Misr Lel-Makkasa SC	shortname	Makasa
Sporting Clube de Portugal	shortname	Sporting
Sporting Clube de Portugal	shortname	Sporting
New York Cosmos	shortname	Cosmos
Sporting Clube de Portugal	shortname	Sporting
Sporting Clube de Portugal	shortname	Sporting
Shahrdari Bandar Anzali F.C.	shortname	Shahrdari Bandar Anzali
Persepolis Ganaveh F.C.	shortname	Persepolis Ganaveh
Elmo Adab Mashhad FSC	shortname	Elmo Adab
FOC Farsta	shortname	FOC
Giant Blackpool	shortname	Blackpool
Persepolis Kamyaran F.C.	shortname	Persepolis Kamyaran
Utsiktens BK	shortname	UBK
Hudiksvalls FF	shortname	HuFF
Foolad Natanz F.C.	shortname	Foolad Natanz
Zagros Yasuj F.C.	shortname	Shardari Yasuj
Sanat Sari F.C.	shortname	Sanat Sari
Győri ETO Futsal Club	shortname	ETO
Sanat Gaz Sarakhs F.C.	shortname	Gaz Sarakhs
Ljungby IF	shortname	LIF
Shahrdari Ardabil F.C.	shortname	Shahrdari
Puerto Rico United	shortname	PR United
Aapua FF	shortname	OAFF
Shahrdari Dezful F.C.	shortname	Shahrdari Dezful
Långholmen FC	shortname	LFC
Ipswich City FC	shortname	Ipswich City Bulls
North Star FC	shortname	nf
Maccabi HaShikma Ramat Hen F.C.	shortname	Maccabi HaShikma Hen
FBK Karlstad	shortname	FBK
Kvarnsvedens IK	shortname	KIK
North Village Rams	shortname	North Village Rams
AEK Futsal	shortname	A.E.K.
SKV Rutesheim	shortname	SKV
Oskarshamns AIK	shortname	OAIK
Newmains United Community F.C.	shortname	Newmains United
Eneby BK	shortname	EBK
Westside FC	shortname	Westside
Hörvikens IF	shortname	HIF
Oswaldtwistle Rovers F.C.	shortname	Oswaldtwistle Rovers
Ronneby BK	shortname	RBK
Åsebro IF	shortname	ÅIS
Lunden ÖBK	shortname	LÖBK
MVFC Berettyóújfalu	shortname	Mezei-Vill FC
Parrillas One	shortname	Parrillas
Guernsey F.C.	shortname	GFC
CSC de Cayenne	shortname	CSC de Cayenne
Beşiktaş J.K.	shortname	Beşiktaş Athletics
Sundbybergs IK	shortname	SIK
IFK Vaxholm	shortname	IFK
Rågsveds IF	shortname	RIF
ACS Sporting Suceava	shortname	Sporting
MC Mekhadma	shortname	MCM
WA Ramdane Djamel	shortname	WARD
Profile Zali Mashhad FSC	shortname	Profile Zali
Maku Javan Urmia FSC	shortname	Maku Javan
Ferdosi Mashhad FSC	shortname	Ferdosi Mashhad
Farsh Ara Mashhad FSC	shortname	Farsh Ara
Hydra AC	shortname	HAC
ES Azzefoun	shortname	ES Azzefoun
Worcester Hydra	shortname	Hydra FC
Dallas Sidekicks	shortname	Kicks
ASC Corona 2010 Brașov	shortname	Corona Brașov
Cessnock City Hornets FC	shortname	CCHFC
Halsnøy IL	shortname	Halsnøy IL
Real Mona F.C.	shortname	Real Mona
CSM Metalul Reșița	shortname	Metalul
FC Lokomotiv Moscow	shortname	Lokomotiv
Santos FC	shortname	Santos
FC Barcelona	shortname	Barcelona
CA Boca Juniors	shortname	Boca Juniors
A.C. Milan	shortname	Milan
Clube de Regatas do Flamengo	shortname	Flamengo
Sport Club Corinthians Paulista	shortname	Corinthians
CR Vasco da Gama	shortname	Vasco da Gama
Seattle Sounders FC	shortname	Seattle Sounders
Al-Ahli Club	shortname	Al Ahli
Forbidden City F.C.	shortname	FCFC
Real Phoenix FC	shortname	Real Phoenix
Tuen Mun FC	shortname	Tuen Mun FC
Petroshimi Tabriz FSC	shortname	petro
Persepolis B F.C.	shortname	Persepolis B
Reading F.C. Under-21s and Academy	shortname	R.F.C
Bunkeflo FF	shortname	BFF
CS Știința Miroslava	shortname	Ştiinţa
Kfar Qassem BS Club	shortname	Falfala
Maindsher Kyiv	shortname	Maindsher
Griffin Kyiv	shortname	Griffin
Euroformat Kyiv	shortname	Euroformat
Grembach Łódź	shortname	Grembach
Fjärdsjömåla AIF	shortname	FAIF
CS Unirea Tărlungeni	shortname	Unirea Tărlungeni
Monterrey Flash	shortname	Flash
Tembu Royals F.C.	shortname	Tembu Royals
Msida Lions SFC	shortname	Msida Lions
F.C. Kheybar Khorramabad	shortname	FC Kheybar
FC Porto	shortname	Porto
Brownsville Barracudas	shortname	Barracudas
Doncaster Rovers F.C. Academy	shortname	DRFC
Hilal Ahmar Tabriz FSC	shortname	Hilal Ahmar
F.C. Haifa	shortname	Hapoel Robi Haifa
Kohistan Herat	shortname	KFC
Kahibah FC	shortname	KFC
Cooks Hill United FC	shortname	CHU
Agudat Sport Nordia Jerusalem F.C.	shortname	Beitar Nordia Jerusalem
Mons Calpe S.C.	shortname	MCSC
Tractor Sazi F.C. Academy	shortname	Tractor Academy
Mihai Viteazul Chișinău	shortname	Mihai Viteazul Chișinău
Jahn Cernăuți	shortname	Jahn
Banatul Timişoara	shortname	Banatul
AS CFR Brașov	shortname	CFR
Burnley FC Girls & Ladies	shortname	BFC
CF Metalurgistul Cugir	shortname	Metalurgistul
Hwacheon KSPO WFC	shortname	KSPO
Maccabi Netanya	shortname	Maccabi Netanya
Dacia Vasile Alecsandri Galați	shortname	Dacia VA Galați
Stăruința Oradea	shortname	Stăruința
Franco-Româna Brăila	shortname	Franco-Româna
Constructorul Galați	shortname	Constructorul
Miami Fusion FC	shortname	Miami Fusion
ILSA Timișoara	shortname	ILSA
Tractorul Brașov	shortname	Tractorul
Atlantis F.C. Anthoussa	shortname	Atlantis FC
San Diego Zest FC	shortname	Zest FC
Peachtree City MOBA	shortname	PTC MOBA
AEM Morphou	shortname	AEM
Reading F.C. Under-18s and Academy	shortname	R.F.C
ASC Agouado	shortname	ASC Agouado
Hemako Sztutowo	shortname	Hemako
Sporting Clube de Portugal	shortname	Sporting
Rosh HaAyin	shortname	Ironi Rosh HaAyin
KP Łódź	shortname	KP
