Aarau	subjectName	Aarau
Basel	subjectName	Basel
Geneva	subjectName	Geneva
Geneva	subjectName	Genève
Lausanne	subjectName	Lausanne
Gruyères	subjectName	Gruyères
Solothurn	subjectName	Solothurn
Bern	subjectName	Bern
Bern	subjectName	Berne
Montreux	subjectName	Montreux
Zug	subjectName	Zug
Davos	subjectName	Davos
Fribourg	subjectName	Fribourg
Fribourg	subjectName	Freiburg
Chur	subjectName	Chur
Schaffhausen	subjectName	Schaffhausen
Cunter	subjectName	Cunter
Lucerne	subjectName	Luzern
Rolle	subjectName	Rolle
Liestal	subjectName	Liestal
Erlenbach, Switzerland	subjectName	Erlenbach
Weiach	subjectName	Weiach
Renens	subjectName	Renens
Lauterbrunnen	subjectName	Lauterbrunnen
Schwyz	subjectName	Schwyz
Lugano	subjectName	Lugano
St. Moritz	subjectName	St. Moritz
Stans	subjectName	Stans
Rapperswil-Jona	subjectName	Rapperswil-Jona
Männedorf	subjectName	Männedorf
Locarno	subjectName	Locarno
Meilen	subjectName	Meilen
Habsburg, Switzerland	subjectName	Habsburg
Kerns	subjectName	Kerns
Sarnen	subjectName	Sarnen
Sachseln	subjectName	Sachseln
Alpnach	subjectName	Alpnach
Giswil	subjectName	Giswil
Lungern	subjectName	Lungern
Engelberg	subjectName	Engelberg
Beckenried	subjectName	Beckenried
Buochs	subjectName	Buochs
Dallenwil	subjectName	Dallenwil
Ennetbürgen	subjectName	Ennetbürgen
Emmetten	subjectName	Emmetten
Hergiswil	subjectName	Hergiswil
Ennetmoos	subjectName	Ennetmoos
Oberdorf, Nidwalden	subjectName	Oberdorf
Stansstad	subjectName	Stansstad
Wolfenschiessen	subjectName	Wolfenschiessen
Egg, Switzerland	subjectName	Egg
Bad Ragaz	subjectName	Bad Ragaz
Urnäsch	subjectName	Urnäsch
Herisau	subjectName	Herisau
Schwellbrunn	subjectName	Schwellbrunn
Schönengrund	subjectName	Schönengrund
Hundwil	subjectName	Hundwil
Stein, Appenzell	subjectName	Stein
Waldstatt	subjectName	Waldstatt
Teufen, Appenzell Ausserrhoden	subjectName	Teufen
Bühler	subjectName	Bühler
Speicher, Switzerland	subjectName	Speicher
Trogen	subjectName	Trogen
Gais	subjectName	Gais
Rehetobel	subjectName	Rehetobel
Heiden, Switzerland	subjectName	Heiden
Reute	subjectName	Reute
Wolfhalden	subjectName	Wolfhalden
Lutzenberg, Switzerland	subjectName	Lutzenberg
Walzenhausen	subjectName	Walzenhausen
Grub, Appenzell Ausserrhoden	subjectName	Grub
Wald, Appenzell Ausserrhoden	subjectName	Wald
Appenzell	subjectName	Appenzell
Saas-Fee	subjectName	Saas-Fee
Altdorf, Uri	subjectName	Altdorf
Schmerikon	subjectName	Schmerikon
Stäfa	subjectName	Stäfa
Uetikon am See	subjectName	Uetikon am See
Herrliberg	subjectName	Herrliberg
Küsnacht	subjectName	Küsnacht
Waldenburg, Switzerland	subjectName	Waldenburg
Rorschach, Switzerland	subjectName	Rorschach
Meiringen	subjectName	Meiringen
Glarus	subjectName	Glarus
St. Gallen	subjectName	Sankt Gallen
Riehen	subjectName	Riehen
Thun	subjectName	Thun
Zermatt	subjectName	Zermatt
Kandersteg	subjectName	Kandersteg
Montmelon	subjectName	Montmelon
Saint-Ursanne	subjectName	Saint-Ursanne
Delémont	subjectName	Delémont
Vevey	subjectName	Vevey
Oberhof, Aargau	subjectName	Oberhof
Schleinikon	subjectName	Schleinikon
Wildhaus	subjectName	Wildhaus
Neuchâtel	subjectName	Neuchâtel
Goldingen	subjectName	Goldingen
Winterthur	subjectName	Winterthur
Bienne	subjectName	Biel/Bienne
Interlaken	subjectName	Interlaken
Steinen, Switzerland	subjectName	Steinen
Sion, Switzerland	subjectName	Sion
Bex	subjectName	Bex
Aigle	subjectName	Aigle
Chessel	subjectName	Chessel
Corbeyrier	subjectName	Corbeyrier
Gryon	subjectName	Gryon
Rennaz	subjectName	Rennaz
Lavey-Morcles	subjectName	Lavey-Morcles
Noville, Switzerland	subjectName	Noville
Leysin	subjectName	Leysin
Ormont-Dessus	subjectName	Ormont-Dessus
Ormont-Dessous	subjectName	Ormont-Dessous
Ollon	subjectName	Ollon
Roche, Vaud	subjectName	Roche
Yvorne	subjectName	Yvorne
Villeneuve, Vaud	subjectName	Villeneuve
Apples, Vaud	subjectName	Apples
Aubonne	subjectName	Aubonne
Berolle	subjectName	Berolle
Ballens	subjectName	Ballens
Bière	subjectName	Bière
Longirod	subjectName	Longirod
Bougy-Villars	subjectName	Bougy-Villars
Féchy	subjectName	Féchy
Gimel, Switzerland	subjectName	Gimel
Thal, St. Gallen	subjectName	Thal
Boussens, Switzerland	subjectName	Boussens
Daillens	subjectName	Daillens
Cossonay	subjectName	Cossonay
Gossens	subjectName	Gossens
Pompaples	subjectName	Pompaples
Belmont-sur-Lausanne	subjectName	Belmont-sur-Lausanne
Cheseaux-sur-Lausanne	subjectName	Cheseaux-sur-Lausanne
Jouxtens-Mézery	subjectName	Jouxtens-Mézery
Le Mont-sur-Lausanne	subjectName	Le Mont-sur-Lausanne
Épalinges	subjectName	Épalinges
Crissier	subjectName	Crissier
Paudex	subjectName	Paudex
Prilly	subjectName	Prilly
Romanel-sur-Lausanne	subjectName	Romanel-sur-Lausanne
Pully	subjectName	Pully
Leibstadt	subjectName	Leibstadt
Nyon	subjectName	Nyon
Le Chenit	subjectName	Le Chenit
L'Abbaye	subjectName	L'Abbaye
Le Lieu	subjectName	Le Lieu
Krinau	subjectName	Krinau
Ronco sopra Ascona	subjectName	Ronco sopra Ascona
Gland, Switzerland	subjectName	Gland
Chexbres	subjectName	Chexbres
Cully, Switzerland	subjectName	Cully
Epesses	subjectName	Epesses
Grandvaux	subjectName	Grandvaux
Forel, Vaud	subjectName	Forel
Puidoux	subjectName	Puidoux
Riex	subjectName	Riex
Lutry	subjectName	Lutry
Rivaz	subjectName	Rivaz
Savigny, Switzerland	subjectName	Savigny
Saint-Saphorin	subjectName	Saint-Saphorin
Villette, Vaud	subjectName	Villette
Egerkingen	subjectName	Egerkingen
Faido	subjectName	Faido
Aclens	subjectName	Aclens
Bremblens	subjectName	Bremblens
Morges	subjectName	Morges
Buchillon	subjectName	Buchillon
Bussigny, Vaud	subjectName	Bussigny
Bussy-Chardonney	subjectName	Bussy-Chardonney
Chavannes-près-Renens	subjectName	Chavannes-près-Renens
Clarmont	subjectName	Clarmont
Colombier, Vaud	subjectName	Colombier
Denges	subjectName	Denges
Échandens	subjectName	Échandens
Denens	subjectName	Denens
Échichens	subjectName	Échichens
Lavigny, Switzerland	subjectName	Lavigny
Écublens, Vaud	subjectName	Écublens
Lonay	subjectName	Lonay
Lully, Vaud	subjectName	Lully
Boudevilliers	subjectName	Boudevilliers
Ausserbinn	subjectName	Ausserbinn
Bellwald	subjectName	Bellwald
Grindelwald	subjectName	Grindelwald
Lussy-sur-Morges	subjectName	Lussy-sur-Morges
Monnaz	subjectName	Monnaz
Préverenges	subjectName	Préverenges
Reverolle	subjectName	Reverolle
Romanel-sur-Morges	subjectName	Romanel-sur-Morges
Saint-Prex	subjectName	Saint-Prex
Saint-Saphorin-sur-Morges	subjectName	Saint-Saphorin-sur-Morges
Saint-Sulpice, Vaud	subjectName	Saint-Sulpice
Tolochenaz	subjectName	Tolochenaz
Vaux-sur-Morges	subjectName	Vaux-sur-Morges
Villars-Sainte-Croix	subjectName	Villars-Sainte-Croix
Villars-sous-Yens	subjectName	Villars-sous-Yens
Vullierens	subjectName	Vullierens
Vufflens-le-Château	subjectName	Vufflens-le-Château
Yens	subjectName	Yens
Lachen, Switzerland	subjectName	Lachen
Adelboden	subjectName	Adelboden
Allmendingen bei Bern	subjectName	Allmendingen bei Bern
Spiez	subjectName	Spiez
Belp	subjectName	Belp
Bremgarten bei Bern	subjectName	Bremgarten bei Bern
Büren an der Aare	subjectName	Büren an der Aare
Brienz	subjectName	Brienz
Courtelary	subjectName	Courtelary
Grossaffoltern	subjectName	Grossaffoltern
Burgdorf, Switzerland	subjectName	Burgdorf
Martigny	subjectName	Martigny
Moutier	subjectName	Moutier
Hasliberg	subjectName	Hasliberg
Herzogenbuchsee	subjectName	Herzogenbuchsee
Iseltwald	subjectName	Iseltwald
La Neuveville	subjectName	La Neuveville
Wengen	subjectName	Wengen
Gimmelwald	subjectName	Gimmelwald
Isenfluh	subjectName	Isenfluh
Münchenwiler	subjectName	Münchenwiler
Wald, Bern	subjectName	Wald
Zimmerwald	subjectName	Zimmerwald
Wangen an der Aare	subjectName	Wangen an der Aare
Wichtrach	subjectName	Wichtrach
Stein am Rhein	subjectName	Stein am Rhein
Langenthal	subjectName	Langenthal
Münsingen	subjectName	Münsingen
Thierachern	subjectName	Thierachern
Meikirch	subjectName	Meikirch
Lotzwil	subjectName	Lotzwil
Bellinzona	subjectName	Bellinzona
Göschenen	subjectName	Göschenen
Binn	subjectName	Binn
Trub	subjectName	Trub
Orbe	subjectName	Orbe
Kloten	subjectName	Kloten
Airolo	subjectName	Airolo
Agno, Ticino	subjectName	Agno
Chiasso	subjectName	Chiasso
Horgen	subjectName	Horgen
Sargans	subjectName	Sargans
Gurin	subjectName	Bosco/Gurin
Lausen	subjectName	Lausen
Bargen, Schaffhausen	subjectName	Bargen
Bülach	subjectName	Bülach
Marin-Epagnier	subjectName	Marin-Epagnier
St. Margrethen	subjectName	St. Margrethen
Yverdon-les-Bains	subjectName	Yverdon-les-Bains
Mund	subjectName	Mund
Vitznau	subjectName	Vitznau
Dintikon	subjectName	Dintikon
Zumikon	subjectName	Zumikon
Thalwil	subjectName	Thalwil
Olten	subjectName	Olten
Aarburg	subjectName	Aarburg
Beinwil am See	subjectName	Beinwil am See
Lenzburg	subjectName	Lenzburg
Saint-Oyens	subjectName	Saint-Oyens
Chabrey	subjectName	Chabrey
Faoug	subjectName	Faoug
Cudrefin	subjectName	Cudrefin
Oleyres	subjectName	Oleyres
Vallamand	subjectName	Vallamand
Bellikon	subjectName	Bellikon
Berikon	subjectName	Berikon
Koblenz, Switzerland	subjectName	Koblenz
Kreuzlingen	subjectName	Kreuzlingen
Birmenstorf, Aargau	subjectName	Birmenstorf
Magden	subjectName	Magden
Boswil	subjectName	Boswil
Bremgarten, Aargau	subjectName	Bremgarten
Birr, Aargau	subjectName	Birr
Schlossrued	subjectName	Schlossrued
Cham, Switzerland	subjectName	Cham
Brittnau	subjectName	Brittnau
Brugg	subjectName	Brugg
Buchs, Aargau	subjectName	Buchs
Grächen	subjectName	Grächen
Buttwil	subjectName	Buttwil
Ascona	subjectName	Ascona
Céligny	subjectName	Céligny
Dietwil	subjectName	Dietwil
Dottikon	subjectName	Dottikon
Hochfelden, Switzerland	subjectName	Hochfelden
Langnau am Albis	subjectName	Langnau am Albis
Val Müstair	subjectName	Val Müstair
Zernez	subjectName	Zernez
Emmen, Switzerland	subjectName	Emmen
Ennetbaden	subjectName	Ennetbaden
Erlinsbach, Aargau	subjectName	Erlinsbach
Fahrwangen	subjectName	Fahrwangen
Fischbach-Göslikon	subjectName	Fischbach-Göslikon
Colombier, Neuchâtel	subjectName	Colombier
Derendingen, Switzerland	subjectName	Derendingen
Kilchberg, Zürich	subjectName	Kilchberg
Visp	subjectName	Visp
Fisibach	subjectName	Fisibach
Mendrisio	subjectName	Mendrisio
Porrentruy	subjectName	Porrentruy
Courtételle	subjectName	Courtételle
Fislisbach	subjectName	Fislisbach
Gränichen	subjectName	Gränichen
Morcote	subjectName	Morcote
Beromünster	subjectName	Beromünster
Murten	subjectName	Morat
Murten	subjectName	Murten
Uzwil	subjectName	Uzwil
Donald Beardslee	subjectName	Donald Jay Beardslee
Freienwil	subjectName	Freienwil
Buus	subjectName	Buus
Thalheim an der Thur	subjectName	Thalheim an der Thur
Full-Reuenthal	subjectName	Full-Reuenthal
Eischoll	subjectName	Eischoll
Marchissy	subjectName	Marchissy
Saint-George	subjectName	Saint-George
Avusy	subjectName	Avusy
Staffelbach	subjectName	Staffelbach
Avully	subjectName	Avully
Furna	subjectName	Furna
Pailly	subjectName	Pailly
Densbüren	subjectName	Densbüren
Saubraz	subjectName	Saubraz
Pizy	subjectName	Pizy
Saint-Livres	subjectName	Saint-Livres
Mollens, Vaud	subjectName	Mollens
Montherod	subjectName	Montherod
Grandson, Switzerland	subjectName	Grandson
Avenches	subjectName	Avenches
Corsier-sur-Vevey	subjectName	Corsier-sur-Vevey
Safien	subjectName	Safien
Giez	subjectName	Giez
Rafz	subjectName	Rafz
Grancy	subjectName	Grancy
Sullens	subjectName	Sullens
La Sarraz	subjectName	La Sarraz
Lussery-Villars	subjectName	Lussery-Villars
Senarclens	subjectName	Senarclens
Mex, Vaud	subjectName	Mex
Sévery	subjectName	Sévery
Éclépens	subjectName	Éclépens
Oron, Vaud	subjectName	Oron
Dizy, Switzerland	subjectName	Dizy
Château-d'Œx	subjectName	Château-d'Œx
Chevilly, Switzerland	subjectName	Chevilly
L'Isle	subjectName	L'Isle
Croy, Switzerland	subjectName	Croy
Zofingen	subjectName	Zofingen
La Chaux-de-Fonds	subjectName	La Chaux-de-Fonds
Bad Zurzach	subjectName	Bad Zurzach
Trélex	subjectName	Trélex
Rheinfelden	subjectName	Rheinfelden
Fiez	subjectName	Fiez
Trey, Switzerland	subjectName	Trey
Moudon	subjectName	Moudon
Payerne	subjectName	Payerne
Aadorf	subjectName	Aadorf
Aarwangen	subjectName	Aarwangen
Aarberg	subjectName	Aarberg
Étoy, Switzerland	subjectName	Étoy
Dietikon	subjectName	Dietikon
Chêne-Bougeries	subjectName	Chêne-Bougeries
Arni, Aargau	subjectName	Arni
Assens, Switzerland	subjectName	Assens
Ardon, Switzerland	subjectName	Ardon
Orny, Switzerland	subjectName	Orny
Ladir	subjectName	Ladir
Möhlin	subjectName	Möhlin
Stein, Aargau	subjectName	Stein
Sempach	subjectName	Sempach
Romanshorn	subjectName	Romanshorn
Suraua	subjectName	Suraua
La Chaux	subjectName	La Chaux
Vaugondry	subjectName	Vaugondry
Sainte-Croix, Switzerland	subjectName	Sainte-Croix
Moiry, Switzerland	subjectName	Moiry
Gy, Switzerland	subjectName	Gy
Mur, Switzerland	subjectName	Mur
Ferreyres	subjectName	Ferreyres
Saanen	subjectName	Saanen
Veytaux	subjectName	Veytaux
Unteriberg	subjectName	Unteriberg
Boudry	subjectName	Boudry
Chavornay, Switzerland	subjectName	Chavornay
Einsiedeln	subjectName	Einsiedeln
Oberiberg	subjectName	Oberiberg
Biberstein	subjectName	Biberstein
Rain, Lucerne	subjectName	Rain
Gersau	subjectName	Gersau
Root, Switzerland	subjectName	Root
Arzier-Le Muids	subjectName	Arzier-Le Muids
Zuzgen	subjectName	Zuzgen
Constantine, Switzerland	subjectName	Constantine
Penthalaz	subjectName	Penthalaz
Penthaz	subjectName	Penthaz
Pampigny	subjectName	Pampigny
Treytorrens	subjectName	Treytorrens
Dübendorf	subjectName	Dübendorf
Provence, Switzerland	subjectName	Provence
Villars-Burquin	subjectName	Villars-Burquin
Flühli	subjectName	Flühli
Entlebuch	subjectName	Entlebuch
Menziken	subjectName	Menziken
Mauraz	subjectName	Mauraz
Frauenfeld	subjectName	Frauenfeld
Agiez	subjectName	Agiez
Ropraz	subjectName	Ropraz
Gelfingen	subjectName	Gelfingen
Dagmersellen	subjectName	Dagmersellen
Rougemont, Switzerland	subjectName	Rougemont
Rossinière	subjectName	Rossinière
Donatyre	subjectName	Donatyre
Chavannes-le-Veyron	subjectName	Chavannes-le-Veyron
Prangins	subjectName	Prangins
Montmagny, Switzerland	subjectName	Montmagny
Villars-le-Grand	subjectName	Villars-le-Grand
Ilanz	subjectName	Ilanz
Aire-la-Ville	subjectName	Aire-la-Ville
Anières	subjectName	Anières
Soral	subjectName	Soral
Cremin	subjectName	Cremin
Vuorz	subjectName	Waltensburg/Vuorz
Montcherand	subjectName	Montcherand
Romairon	subjectName	Romairon
Saules, Switzerland	subjectName	Saules
Andermatt	subjectName	Andermatt
Tenna, Switzerland	subjectName	Tenna
Parpan	subjectName	Parpan
Pratteln	subjectName	Pratteln
Kienersrüti	subjectName	Kienersrüti
Uetendorf	subjectName	Uetendorf
Wallisellen	subjectName	Wallisellen
Begnins	subjectName	Begnins
Arogno	subjectName	Arogno
Carouge	subjectName	Carouge
Arosa	subjectName	Arosa
Vernier, Switzerland	subjectName	Vernier
Bardonnex	subjectName	Bardonnex
Bellevue, Switzerland	subjectName	Bellevue
Cartigny, Switzerland	subjectName	Cartigny
Chancy	subjectName	Chancy
Chêne-Bourg	subjectName	Chêne-Bourg
Thônex	subjectName	Thônex
Choulex	subjectName	Choulex
Collex-Bossy	subjectName	Collex-Bossy
Collonge-Bellerive	subjectName	Collonge-Bellerive
Confignon	subjectName	Confignon
Corsier	subjectName	Corsier
Genthod	subjectName	Genthod
Dardagny	subjectName	Dardagny
Cologny	subjectName	Cologny
Lucens	subjectName	Lucens
Coinsins	subjectName	Coinsins
Zell, Zürich	subjectName	Zell
Gallenkirch	subjectName	Gallenkirch
Schongau, Lucerne	subjectName	Schongau
Dällikon	subjectName	Dällikon
Bassersdorf	subjectName	Bassersdorf
Lens, Switzerland	subjectName	Lens
Böttstein	subjectName	Böttstein
Leuk	subjectName	Leuk
Brissago	subjectName	Brissago
Bernex, Switzerland	subjectName	Bernex
Le Locle	subjectName	Le Locle
Caslano	subjectName	Caslano
Wil	subjectName	Wil
Sierre	subjectName	Sierre
Greifensee, Zürich	subjectName	Greifensee
Wetzikon	subjectName	Wetzikon
Cademario	subjectName	Cademario
Bagnes	subjectName	Bagnes
Sembrancher	subjectName	Sembrancher
Dorf, Switzerland	subjectName	Dorf
Gilly	subjectName	Gilly
Bironico	subjectName	Bironico
Schönholzerswilen	subjectName	Schönholzerswilen
Küssnacht	subjectName	Küssnacht
Portein	subjectName	Portein
Bettingen	subjectName	Bettingen
Welschenrohr	subjectName	Welschenrohr
Oberägeri	subjectName	Oberägeri
Oberuzwil	subjectName	Oberuzwil
Belmont-sur-Yverdon	subjectName	Belmont-sur-Yverdon
Chamblon	subjectName	Chamblon
Champvent	subjectName	Champvent
Chanéaz	subjectName	Chanéaz
Bioley-Magnoux	subjectName	Bioley-Magnoux
Cronay	subjectName	Cronay
Cuarny	subjectName	Cuarny
Chêne-Pâquier	subjectName	Chêne-Pâquier
Démoret	subjectName	Démoret
Donneloye	subjectName	Donneloye
Essert-Pittet	subjectName	Essert-Pittet
Cheseaux-Noréaz	subjectName	Cheseaux-Noréaz
Épendes, Vaud	subjectName	Épendes
Essert-sous-Champvent	subjectName	Essert-sous-Champvent
Gressy	subjectName	Gressy
Chavannes-le-Chêne	subjectName	Chavannes-le-Chêne
Mézery-près-Donneloye	subjectName	Mézery-près-Donneloye
Mathod	subjectName	Mathod
Molondin	subjectName	Molondin
Montagny-près-Yverdon	subjectName	Montagny-près-Yverdon
Orzens	subjectName	Orzens
Orges, Switzerland	subjectName	Orges
Oppens	subjectName	Oppens
Prahins	subjectName	Prahins
Pomy, Switzerland	subjectName	Pomy
Suscévaz	subjectName	Suscévaz
Treycovagnes	subjectName	Treycovagnes
Rovray	subjectName	Rovray
Suchy	subjectName	Suchy
Ursins	subjectName	Ursins
Villars-Epeney	subjectName	Villars-Epeney
Villars-sous-Champvent	subjectName	Villars-sous-Champvent
Valeyres-sous-Montagny	subjectName	Valeyres-sous-Montagny
Valeyres-sous-Ursins	subjectName	Valeyres-sous-Ursins
Vugelles-La Mothe	subjectName	Vugelles-La Mothe
Yvonand	subjectName	Yvonand
Champagne, Switzerland	subjectName	Champagne
Mies	subjectName	Mies
Versoix	subjectName	Versoix
Schleitheim	subjectName	Schleitheim
Aranno	subjectName	Aranno
Vals, Switzerland	subjectName	Vals
Roveredo	subjectName	Roveredo
Busswil bei Büren	subjectName	Busswil bei Büren
Phil Leonetti	subjectName	Phillip Leonetti
Sent	subjectName	Sent
Échallens	subjectName	Échallens
Vuarrens	subjectName	Vuarrens
Saint-Barthélemy, Switzerland	subjectName	Saint-Barthélemy
Rueyres, Switzerland	subjectName	Rueyres
Fey, Switzerland	subjectName	Fey
Bercher	subjectName	Bercher
Belprahon	subjectName	Belprahon
Onsernone	subjectName	Onsernone
Tramelan	subjectName	Tramelan
Vauffelin	subjectName	Vauffelin
Sonceboz-Sombeval	subjectName	Sonceboz-Sombeval
Sonvilier	subjectName	Sonvilier
Saint-Imier	subjectName	Saint-Imier
Romont, Bern	subjectName	Romont
Renan, Switzerland	subjectName	Renan
Plagne, Switzerland	subjectName	Plagne
La Ferrière, Switzerland	subjectName	La Ferrière
Péry	subjectName	Péry
Orvin	subjectName	Orvin
La Heutte	subjectName	La Heutte
Mont-Tramelan	subjectName	Mont-Tramelan
Cortébert	subjectName	Cortébert
Cormoret	subjectName	Cormoret
Corgémont	subjectName	Corgémont
Villeret, Switzerland	subjectName	Villeret
Diesse	subjectName	Diesse
Lamboing	subjectName	Lamboing
Prêles	subjectName	Prêles
Nods, Switzerland	subjectName	Nods
Bévilard	subjectName	Bévilard
Champoz	subjectName	Champoz
Châtelat	subjectName	Châtelat
Corcelles, Bern	subjectName	Corcelles
Court, Switzerland	subjectName	Court
Seehof, Switzerland	subjectName	Seehof
Crémines	subjectName	Crémines
Loveresse	subjectName	Loveresse
Eschert	subjectName	Eschert
Malleray	subjectName	Malleray
Pontenet	subjectName	Pontenet
Monible	subjectName	Monible
Grandval, Switzerland	subjectName	Grandval
Reconvilier	subjectName	Reconvilier
Roches, Switzerland	subjectName	Roches
Rebévelier	subjectName	Rebévelier
Perrefitte	subjectName	Perrefitte
Souboz	subjectName	Souboz
Schelten	subjectName	Schelten
Sorvilier	subjectName	Sorvilier
Sornetan	subjectName	Sornetan
Saicourt	subjectName	Saicourt
Tavannes	subjectName	Tavannes
Oberglatt	subjectName	Oberglatt
Boltigen	subjectName	Boltigen
Silvaplana	subjectName	Silvaplana
Coppet	subjectName	Coppet
Pfäfers	subjectName	Pfäfers
Le Grand-Saconnex	subjectName	Le Grand-Saconnex
Hermance	subjectName	Hermance
Romainmôtier-Envy	subjectName	Romainmôtier-Envy
Meyrin	subjectName	Meyrin
Kappel am Albis	subjectName	Kappel am Albis
Saint-Cierges	subjectName	Saint-Cierges
Barberêche	subjectName	Barberêche
Disentis	subjectName	Disentis/Mustér
Walenstadt	subjectName	Walenstadt
Klosters-Serneus	subjectName	Klosters-Serneus
Jussy, Switzerland	subjectName	Jussy
Laconnex	subjectName	Laconnex
Lancy	subjectName	Lancy
Meinier	subjectName	Meinier
Flums	subjectName	Flums
Onex, Switzerland	subjectName	Onex
Perly-Certoux	subjectName	Perly-Certoux
Pregny-Chambésy	subjectName	Pregny-Chambésy
Plan-les-Ouates	subjectName	Plan-les-Ouates
Puplinge	subjectName	Puplinge
Russin	subjectName	Russin
Presinge	subjectName	Presinge
Troinex	subjectName	Troinex
Vandœuvres	subjectName	Vandœuvres
Satigny	subjectName	Satigny
Veyrier	subjectName	Veyrier
Illnau-Effretikon	subjectName	Illnau-Effretikon
Linn, Aargau	subjectName	Linn
Rüthi	subjectName	Rüthi
Gossau, St. Gallen	subjectName	Gossau
Uster	subjectName	Uster
Riederalp	subjectName	Riederalp
Rüschlikon	subjectName	Rüschlikon
Cugnasco	subjectName	Cugnasco
Cornaux	subjectName	Cornaux
Ponte Tresa	subjectName	Ponte Tresa
Wettingen	subjectName	Wettingen
Monthey	subjectName	Monthey
Hemmental	subjectName	Hemmental
Malix	subjectName	Malix
Laax	subjectName	Laax/Lags
Molinis	subjectName	Molinis
Safenwil	subjectName	Safenwil
Wengi	subjectName	Wengi
Aeschi bei Spiez	subjectName	Aeschi bei Spiez
Lüen	subjectName	Lüen
Arnex-sur-Orbe	subjectName	Arnex-sur-Orbe
Gollion	subjectName	Gollion
Thayngen	subjectName	Thayngen
Le Vaud	subjectName	Le Vaud
Henniez	subjectName	Henniez
Cottens, Vaud	subjectName	Cottens
Opfikon	subjectName	Opfikon
Kilchberg, Basel-Landschaft	subjectName	Kilchberg
Maracon	subjectName	Maracon
Cugy	subjectName	Cugy
Vich, Switzerland	subjectName	Vich
Crans-près-Céligny	subjectName	Crans-près-Céligny
La Rippe	subjectName	La Rippe
Ringgenberg	subjectName	Ringgenberg
Oron-la-Ville	subjectName	Oron-la-Ville
Juriens	subjectName	Juriens
Jongny	subjectName	Jongny
Penthéréaz	subjectName	Penthéréaz
Châtillens	subjectName	Châtillens
Borex	subjectName	Borex
Islisberg	subjectName	Islisberg
Troistorrents	subjectName	Troistorrents
Saint-Maurice, Switzerland	subjectName	Saint-Maurice
Diepflingen	subjectName	Diepflingen
Naz	subjectName	Naz
Seon, Aargau	subjectName	Seon
Bofflens	subjectName	Bofflens
Estavayer-le-Lac	subjectName	Estavayer-le-Lac
Veysonnaz	subjectName	Veysonnaz
Villars-Tiercelin	subjectName	Villars-Tiercelin
Thierrens	subjectName	Thierrens
Neuhausen am Rheinfall	subjectName	Neuhausen am Rheinfall
Bassins	subjectName	Bassins
Bogis-Bossey	subjectName	Bogis-Bossey
Chavannes-de-Bogis	subjectName	Chavannes-de-Bogis
Chavannes-des-Bois	subjectName	Chavannes-des-Bois
Commugny	subjectName	Commugny
Crassier	subjectName	Crassier
Grens	subjectName	Grens
Givrins	subjectName	Givrins
Duillier	subjectName	Duillier
Eysins	subjectName	Eysins
Founex	subjectName	Founex
Genolier	subjectName	Genolier
Gingins	subjectName	Gingins
Signy-Avenex	subjectName	Signy-Avenex
Tannay, Switzerland	subjectName	Tannay
Saint-Cergue	subjectName	Saint-Cergue
Boulens	subjectName	Boulens
Brenles	subjectName	Brenles
Bussy-sur-Moudon	subjectName	Bussy-sur-Moudon
Chapelle-sur-Moudon	subjectName	Chapelle-sur-Moudon
Chesalles-sur-Moudon	subjectName	Chesalles-sur-Moudon
Chavannes-sur-Moudon	subjectName	Chavannes-sur-Moudon
Correvon	subjectName	Correvon
Curtilles	subjectName	Curtilles
Denezy	subjectName	Denezy
Dompierre, Vaud	subjectName	Dompierre
Forel-sur-Lucens	subjectName	Forel-sur-Lucens
Hermenches	subjectName	Hermenches
Lovatens	subjectName	Lovatens
Martherenges	subjectName	Martherenges
Ogens	subjectName	Ogens
Oulens-sur-Lucens	subjectName	Oulens-sur-Lucens
Neyruz-sur-Moudon	subjectName	Neyruz-sur-Moudon
Peyres-Possens	subjectName	Peyres-Possens
Rossenges	subjectName	Rossenges
Montaubion-Chardonney	subjectName	Montaubion-Chardonney
Sarzens	subjectName	Sarzens
Syens	subjectName	Syens
Sottens	subjectName	Sottens
Villars-le-Comte	subjectName	Villars-le-Comte
Villars-Mendraz	subjectName	Villars-Mendraz
Vucherens	subjectName	Vucherens
Prévonloup	subjectName	Prévonloup
Chéserex	subjectName	Chéserex
Courroux	subjectName	Courroux
Bioley-Orjulaz	subjectName	Bioley-Orjulaz
Bretigny-sur-Morrens	subjectName	Bretigny-sur-Morrens
Bottens	subjectName	Bottens
Dommartin, Switzerland	subjectName	Dommartin
Éclagnens	subjectName	Éclagnens
Étagnières	subjectName	Étagnières
Essertines-sur-Yverdon	subjectName	Essertines-sur-Yverdon
Froideville, Switzerland	subjectName	Froideville
Goumoens-le-Jux	subjectName	Goumoens-le-Jux
Malapalud	subjectName	Malapalud
Morrens	subjectName	Morrens
Goumoens-la-Ville	subjectName	Goumoens-la-Ville
Poliez-Pittet	subjectName	Poliez-Pittet
Oulens-sous-Échallens	subjectName	Oulens-sous-Échallens
Poliez-le-Grand	subjectName	Poliez-le-Grand
Sugnens	subjectName	Sugnens
Villars-le-Terroir	subjectName	Villars-le-Terroir
Champtauroz	subjectName	Champtauroz
Cerniaz	subjectName	Cerniaz
Combremont-le-Petit	subjectName	Combremont-le-Petit
Combremont-le-Grand	subjectName	Combremont-le-Grand
Grandcour	subjectName	Grandcour
Chevroux, Switzerland	subjectName	Chevroux
Rossens, Vaud	subjectName	Rossens
Marnand	subjectName	Marnand
Sédeilles	subjectName	Sédeilles
Granges-près-Marnand	subjectName	Granges-près-Marnand
Missy, Switzerland	subjectName	Missy
Sassel	subjectName	Sassel
Villars-Bramard	subjectName	Villars-Bramard
Villarzel	subjectName	Villarzel
Seigneux	subjectName	Seigneux
Corcelles-près-Payerne	subjectName	Corcelles-près-Payerne
Widen	subjectName	Widen
Bettens	subjectName	Bettens
Bournens	subjectName	Bournens
Cuarnens	subjectName	Cuarnens
Mont-la-Ville	subjectName	Mont-la-Ville
Montricher	subjectName	Montricher
Vufflens-la-Ville	subjectName	Vufflens-la-Ville
Bonvillars	subjectName	Bonvillars
Concise	subjectName	Concise
Fontaines-sur-Grandson	subjectName	Fontaines-sur-Grandson
Grandevent	subjectName	Grandevent
Mauborget	subjectName	Mauborget
Fontanezier	subjectName	Fontanezier
Mutrux	subjectName	Mutrux
Corcelles-près-Concise	subjectName	Corcelles-près-Concise
Novalles	subjectName	Novalles
Onnens	subjectName	Onnens
Bullet, Switzerland	subjectName	Bullet
Écoteaux	subjectName	Ecoteaux
Corcelles-le-Jorat	subjectName	Corcelles-le-Jorat
Chesalles-sur-Oron	subjectName	Chesalles-sur-Oron
Carrouge	subjectName	Carrouge
Corseaux	subjectName	Corseaux
Blonay	subjectName	Blonay
Chardonne	subjectName	Chardonne
La Tour-de-Peilz	subjectName	La Tour-de-Peilz
Bussigny-sur-Oron	subjectName	Bussigny-sur-Oron
Saint-Légier-La Chiésaz	subjectName	Saint-Légier-La Chiésaz
Essertes	subjectName	Essertes
Les Tavernes	subjectName	Les Tavernes
Ferlens	subjectName	Ferlens
Les Cullayes	subjectName	Les Cullayes
Les Thioleyres	subjectName	Les Thioleyres
Oron-le-Châtel	subjectName	Oron-le-Châtel
Peney-le-Jorat	subjectName	Peney-le-Jorat
Vuibroye	subjectName	Vuibroye
Palézieux	subjectName	Palézieux
Servion	subjectName	Servion
Montpreveyres	subjectName	Montpreveyres
Ballaigues	subjectName	Ballaigues
Vulliens	subjectName	Vulliens
Bretonnières	subjectName	Bretonnières
Bavois	subjectName	Bavois
Baulmes	subjectName	Baulmes
Rances	subjectName	Rances
La Praz	subjectName	La Praz
L'Abergement	subjectName	L'Abergement
Lignerolle	subjectName	Lignerolle
Corcelles-sur-Chavornay	subjectName	Corcelles-sur-Chavornay
Valeyres-sous-Rances	subjectName	Valeyres-sous-Rances
Premier, Switzerland	subjectName	Premier
Les Clées	subjectName	Les Clées
Vaulion	subjectName	Vaulion
Vallorbe	subjectName	Vallorbe
Vuiteboeuf	subjectName	Vuiteboeuf
Mézières, Vaud	subjectName	Mézières
Vinzel	subjectName	Vinzel
Perroy	subjectName	Perroy
Mont-sur-Rolle	subjectName	Mont-sur-Rolle
Tartegnin	subjectName	Tartegnin
Luins	subjectName	Luins
Burtigny	subjectName	Burtigny
Essertines-sur-Rolle	subjectName	Essertines-sur-Rolle
Dully	subjectName	Dully
Bursins	subjectName	Bursins
Bursinel	subjectName	Bursinel
Allaman	subjectName	Allaman
Arnex-sur-Nyon	subjectName	Arnex-sur-Nyon
Zuoz	subjectName	Zuoz
Flims	subjectName	Flims
Bargen, Bern	subjectName	Bargen
Pontresina	subjectName	Pontresina
Würenlos	subjectName	Würenlos
Dompierre, Fribourg	subjectName	Dompierre
Rossens, Fribourg	subjectName	Rossens
Obersaxen	subjectName	Obersaxen
Segl	subjectName	Sils im Engadin/Segl
Zollikofen	subjectName	Zollikofen
Menzingen	subjectName	Menzingen
Unterägeri	subjectName	Unterägeri
Arth	subjectName	Arth
Poschiavo	subjectName	Poschiavo
Kyburg, Zürich	subjectName	Kyburg
Zweisimmen	subjectName	Zweisimmen
Lumnezia	subjectName	Lumnezia
Vernayaz	subjectName	Vernayaz
Erlenbach im Simmental	subjectName	Erlenbach im Simmental
Freienstein-Teufen	subjectName	Freienstein-Teufen
Saignelégier	subjectName	Saignelégier
Eriswil	subjectName	Eriswil
Olsberg, Aargau	subjectName	Olsberg
Aquila, Switzerland	subjectName	Aquila
Windisch	subjectName	Windisch
Randa, Switzerland	subjectName	Randa
Tarasp	subjectName	Tarasp
Müstair	subjectName	Müstair
Scuol	subjectName	Scuol
Vacallo	subjectName	Vacallo
Isenthal	subjectName	Isenthal
Sisikon	subjectName	Sisikon
Attinghausen	subjectName	Attinghausen
Härkingen	subjectName	Härkingen
Bissone	subjectName	Bissone
Fully	subjectName	Fully
Huttwil	subjectName	Huttwil
Ftan	subjectName	Ftan
Samnaun	subjectName	Samnaun
Guarda, Switzerland	subjectName	Guarda
Ardez	subjectName	Ardez
Ramosch	subjectName	Ramosch
Tschlin	subjectName	Tschlin
Fuldera	subjectName	Fuldera
Susch	subjectName	Susch
Lavin	subjectName	Lavin
Lü, Switzerland	subjectName	Lü
Valchava	subjectName	Valchava
Tschierv	subjectName	Tschierv
Santa Maria Val Müstair	subjectName	Santa Maria Val Müstair
Langnau im Emmental	subjectName	Langnau im Emmental
Weinfelden	subjectName	Weinfelden
Niederried bei Kallnach	subjectName	Niederried bei Kallnach
Neuenegg	subjectName	Neuenegg
Lützelflüh	subjectName	Lützelflüh
Forst, Switzerland	subjectName	Forst
Boécourt	subjectName	Boécourt
Alle, Switzerland	subjectName	Alle
Bure, Switzerland	subjectName	Bure
Asuel	subjectName	Asuel
Bassecourt	subjectName	Bassecourt
Beurnevésin	subjectName	Beurnevésin
Boncourt, Switzerland	subjectName	Boncourt
Bonfol	subjectName	Bonfol
Charmoille, Switzerland	subjectName	Charmoille
Bourrignon	subjectName	Bourrignon
Chevenez	subjectName	Chevenez
Buix	subjectName	Buix
Coeuve	subjectName	Coeuve
Châtillon, Canton of Jura	subjectName	Châtillon
Cornol	subjectName	Cornol
Corban, Switzerland	subjectName	Corban
Courchapoix	subjectName	Courchapoix
Courchavon	subjectName	Courchavon
Courfaivre	subjectName	Courfaivre
Courgenay	subjectName	Courgenay
Courrendlin	subjectName	Courrendlin
Courtemaîche	subjectName	Courtemaîche
Courtedoux	subjectName	Courtedoux
Damphreux	subjectName	Damphreux
Damvant	subjectName	Damvant
Epiquerez	subjectName	Epiquerez
Develier	subjectName	Develier
Ederswiler	subjectName	Ederswiler
Epauvillers	subjectName	Epauvillers
Bressaucourt	subjectName	Bressaucourt
Fahy	subjectName	Fahy
Fregiécourt	subjectName	Fregiécourt
Goumois	subjectName	Goumois
Fontenais	subjectName	Fontenais
Le Peuchapatte	subjectName	Le Peuchapatte
Glovelier	subjectName	Glovelier
Lajoux	subjectName	Lajoux
Grandfontaine, Switzerland	subjectName	Grandfontaine
Les Breuleux	subjectName	Les Breuleux
Le Bémont	subjectName	Le Bémont
La Chaux-des-Breuleux	subjectName	La Chaux-des-Breuleux
Le Noirmont	subjectName	Le Noirmont
Les Bois	subjectName	Les Bois
Les Enfers	subjectName	Les Enfers
Les Genevez	subjectName	Les Genevez
Lugnez	subjectName	Lugnez
Les Pommerats	subjectName	Les Pommerats
Miécourt	subjectName	Miécourt
Mervelier	subjectName	Mervelier
Mettembert	subjectName	Mettembert
Montenol	subjectName	Montenol
Montfaucon, Switzerland	subjectName	Montfaucon
Montignez	subjectName	Montignez
Montfavergier	subjectName	Montfavergier
Pleujouse	subjectName	Pleujouse
Ocourt	subjectName	Ocourt
Movelier	subjectName	Movelier
Montsevelier	subjectName	Montsevelier
Muriaux	subjectName	Muriaux
Pleigne	subjectName	Pleigne
Rebeuvelier	subjectName	Rebeuvelier
Réclère	subjectName	Réclère
Rocourt, Jura	subjectName	Rocourt
Roche-d'Or	subjectName	Roche-d'Or
Saulcy	subjectName	Saulcy
Rossemaison	subjectName	Rossemaison
Saint-Brais	subjectName	Saint-Brais
Soulce	subjectName	Soulce
Seleute	subjectName	Seleute
Soyhières	subjectName	Soyhières
Vellerat	subjectName	Vellerat
Vermes, Switzerland	subjectName	Vermes
Soubey	subjectName	Soubey
Vendlincourt	subjectName	Vendlincourt
Undervelier	subjectName	Undervelier
Vicques, Switzerland	subjectName	Vicques
Lenk im Simmental	subjectName	Lenk im Simmental
Frutigen	subjectName	Frutigen
Beatenberg	subjectName	Beatenberg
Osco	subjectName	Osco
Grenchen	subjectName	Grenchen
Krattigen	subjectName	Krattigen
Reichenbach im Kandertal	subjectName	Reichenbach im Kandertal
Kandergrund	subjectName	Kandergrund
Oberbalm	subjectName	Oberbalm
Feuerthalen	subjectName	Feuerthalen
Laufenburg, Aargau	subjectName	Laufenburg
Bever, Switzerland	subjectName	Bever
S-chanf	subjectName	S-chanf
Madulain	subjectName	Madulain
Muttenz	subjectName	Muttenz
Schlarigna	subjectName	Celerina/Schlarigna
Muri	subjectName	Muri
Samedan	subjectName	Samedan
Schlieren, Switzerland	subjectName	Schlieren
Amsoldingen	subjectName	Amsoldingen
Rudolfstetten-Friedlisberg	subjectName	Rudolfstetten-Friedlisberg
Zufikon	subjectName	Zufikon
Selma, Switzerland	subjectName	Selma
Corippo	subjectName	Corippo
Sumiswald	subjectName	Sumiswald
Belpberg	subjectName	Belpberg
Uezwil	subjectName	Uezwil
Bubendorf	subjectName	Bubendorf
Brienzwiler	subjectName	Brienzwiler
Bauen	subjectName	Bauen
Hasle bei Burgdorf	subjectName	Hasle
Rüegsau	subjectName	Rüegsau
Affoltern im Emmental	subjectName	Affoltern im Emmental
Konolfingen	subjectName	Konolfingen
Lyss	subjectName	Lyss
Kallnach	subjectName	Kallnach
Pfäffikon, Zürich	subjectName	Pfäffikon
Kappelen	subjectName	Kappelen
Köniz	subjectName	Köniz
Igis	subjectName	Igis
Dürrenroth	subjectName	Dürrenroth
Innertkirchen	subjectName	Innertkirchen
Trachselwald	subjectName	Trachselwald
Kirchlindach	subjectName	Kirchlindach
Falera	subjectName	Falera
Kriechenwil	subjectName	Kriechenwil
Mammern	subjectName	Mammern
Bottighofen	subjectName	Bottighofen
Port, Switzerland	subjectName	Port
Weggis	subjectName	Weggis
Walterswil, Bern	subjectName	Walterswil
Stadel bei Niederglatt	subjectName	Stadel bei Niederglatt
Oberwald	subjectName	Oberwald
Diemtigen	subjectName	Diemtigen
Gsteig bei Gstaad	subjectName	Gsteig bei Gstaad
Buch, Schaffhausen	subjectName	Buch
Guggisberg	subjectName	Guggisberg
Killwangen	subjectName	Killwangen
Ittigen	subjectName	Ittigen
Wilderswil	subjectName	Wilderswil
Saxeten	subjectName	Saxeten
Unterseen	subjectName	Unterseen
Gadmen	subjectName	Gadmen
Guttannen	subjectName	Guttannen
Teuffenthal	subjectName	Teuffenthal
Evilard	subjectName	Evilard
Uebeschi	subjectName	Uebeschi
Toffen	subjectName	Toffen
Churwalden	subjectName	Churwalden
Canobbio	subjectName	Canobbio
Port-Valais	subjectName	Port-Valais
Adliswil	subjectName	Adliswil
Muralto	subjectName	Muralto
Baar, Switzerland	subjectName	Baar
Bürglen, Uri	subjectName	Bürglen
Zwieselberg	subjectName	Zwieselberg
Wynigen	subjectName	Wynigen
Seftigen	subjectName	Seftigen
Albligen	subjectName	Albligen
Rüschegg	subjectName	Rüschegg
Wahlern	subjectName	Wahlern
Bauma	subjectName	Bauma
Agarn	subjectName	Agarn
Greppen	subjectName	Greppen
Lauenen	subjectName	Lauenen
Lütschental	subjectName	Lütschental
Radelfingen	subjectName	Radelfingen
Kriens	subjectName	Kriens
Aegerten	subjectName	Aegerten
Bolligen	subjectName	Bolligen
Alvaschein	subjectName	Alvaschein
Clavaleyres	subjectName	Clavaleyres
Ferenbalm	subjectName	Ferenbalm
Frauenkappelen	subjectName	Frauenkappelen
Gals	subjectName	Gals
Obervaz	subjectName	Vaz/Obervaz
Gampelen	subjectName	Gampelen
Golaten	subjectName	Golaten
Gurbrü	subjectName	Gurbrü
Ligerz	subjectName	Ligerz
Mühleberg	subjectName	Mühleberg
Müntschemier	subjectName	Müntschemier
Ins, Switzerland	subjectName	Ins
Schwarzhäusern	subjectName	Schwarzhäusern
Pieterlen	subjectName	Pieterlen
Safnern	subjectName	Safnern
Savognin	subjectName	Savognin
Täsch	subjectName	Täsch
Signau	subjectName	Signau
Simplon, Valais	subjectName	Simplon
Vechigen	subjectName	Vechigen
Wileroltigen	subjectName	Wileroltigen
Bühl bei Aarberg	subjectName	Bühl bei Aarberg
Erlach, Switzerland	subjectName	Erlach / Cerlier
Adligenswil	subjectName	Adligenswil
Rüti bei Lyssach	subjectName	Rüti bei Lyssach
Sementina	subjectName	Sementina
Aeugst am Albis	subjectName	Aeugst am Albis
Oberrieden	subjectName	Oberrieden
Kaltbrunn	subjectName	Kaltbrunn
Frasco	subjectName	Frasco
Arbedo-Castione	subjectName	Arbedo-Castione
Schattenhalb	subjectName	Schattenhalb
Buchrain	subjectName	Buchrain
Dierikon	subjectName	Dierikon
Mönchaltorf	subjectName	Mönchaltorf
Vordemwald	subjectName	Vordemwald
Attelwil	subjectName	Attelwil
Bottenwil	subjectName	Bottenwil
Kölliken	subjectName	Kölliken
Kirchleerau	subjectName	Kirchleerau
Moosleerau	subjectName	Moosleerau
Murgenthal	subjectName	Murgenthal
Oftringen	subjectName	Oftringen
Reitnau	subjectName	Reitnau
Rothrist	subjectName	Rothrist
Strengelbach	subjectName	Strengelbach
Uerkheim	subjectName	Uerkheim
Wiliberg	subjectName	Wiliberg
Schwanden bei Brienz	subjectName	Schwanden bei Brienz
Bönigen	subjectName	Bönigen
Därligen	subjectName	Därligen
Gsteigwiler	subjectName	Gsteigwiler
Leissigen	subjectName	Leissigen
Habkern	subjectName	Habkern
Niederried bei Interlaken	subjectName	Niederried bei Interlaken
Hofstetten bei Brienz	subjectName	Hofstetten bei Brienz
Gündlischwand	subjectName	Gündlischwand
Matten bei Interlaken	subjectName	Matten bei Interlaken
Oberried am Brienzersee	subjectName	Oberried am Brienzersee
Abtwil, Aargau	subjectName	Abtwil
Aristau	subjectName	Aristau
Auw, Aargau	subjectName	Auw
Beinwil	subjectName	Beinwil
Benzenschwil	subjectName	Benzenschwil
Besenbüren	subjectName	Besenbüren
Bettwil	subjectName	Bettwil
Bünzen, Aargau	subjectName	Bünzen
Geltwil	subjectName	Geltwil
Mühlau	subjectName	Mühlau
Kallern	subjectName	Kallern
Merenschwand	subjectName	Merenschwand
Oberrüti	subjectName	Oberrüti
Sins, Aargau	subjectName	Sins
Waltenschwil	subjectName	Waltenschwil
Rottenschwil	subjectName	Rottenschwil
Broc	subjectName	Broc
Châtel-sur-Montsalvens	subjectName	Châtel-sur-Montsalvens
Botterens	subjectName	Botterens
Cerniat	subjectName	Cerniat
Bulle	subjectName	Bulle
Jaun	subjectName	Jaun
Charmey	subjectName	Charmey
Corbières, Gruyère	subjectName	Corbières
Crésuz	subjectName	Crésuz
Echarlens	subjectName	Echarlens
Hauteville, Switzerland	subjectName	Hauteville
Grandvillard	subjectName	Grandvillard
Morlon	subjectName	Morlon
Marsens	subjectName	Marsens
Haut-Intyamon	subjectName	Haut-Intyamon
Le Pâquier, Fribourg	subjectName	Le Pâquier
La Roche, Fribourg	subjectName	La Roche
Pont-la-Ville, Switzerland	subjectName	Pont-la-Ville
Sorens	subjectName	Sorens
Villarvolard	subjectName	Villarvolard
Sâles, Fribourg	subjectName	Sâles
Vaulruz	subjectName	Vaulruz
Vuadens	subjectName	Vuadens
Bas-Intyamon	subjectName	Bas-Intyamon
Pont-en-Ogoz	subjectName	Pont-en-Ogoz
Füllinsdorf	subjectName	Füllinsdorf
Littau	subjectName	Littau
Morissen	subjectName	Morissen
Gisikon	subjectName	Gisikon
Honau, Switzerland	subjectName	Honau
Ebikon	subjectName	Ebikon
Horw	subjectName	Horw
Malters	subjectName	Malters
Meggen	subjectName	Meggen
Meierskappel	subjectName	Meierskappel
Udligenswil	subjectName	Udligenswil
Schwarzenberg, Switzerland	subjectName	Schwarzenberg
St. Stephan, Switzerland	subjectName	St. Stephan
Arconciel	subjectName	Arconciel
Auswil	subjectName	Auswil
Bannwil	subjectName	Bannwil
Gutenburg, Switzerland	subjectName	Gutenburg
Busswil bei Melchnau	subjectName	Busswil bei Melchnau
Bleienbach	subjectName	Bleienbach
Gondiswil	subjectName	Gondiswil
Kleindietwil	subjectName	Kleindietwil
Leimiswil	subjectName	Leimiswil
Madiswil	subjectName	Madiswil
Obersteckholz	subjectName	Obersteckholz
Melchnau	subjectName	Melchnau
Reisiswil	subjectName	Reisiswil
Oeschenbach	subjectName	Oeschenbach
Roggwil, Bern	subjectName	Roggwil
Rohrbach, Switzerland	subjectName	Rohrbach
Untersteckholz	subjectName	Untersteckholz
Rohrbachgraben	subjectName	Rohrbachgraben
Rütschelen	subjectName	Rütschelen
Wynau	subjectName	Wynau
Ursenbach	subjectName	Ursenbach
Thunstetten	subjectName	Thunstetten
Bergdietikon	subjectName	Bergdietikon
Ehrendingen	subjectName	Ehrendingen
Gebenstorf	subjectName	Gebenstorf
Künten	subjectName	Künten
Mellingen	subjectName	Mellingen
Mägenwil	subjectName	Mägenwil
Neuenhof, Aargau	subjectName	Neuenhof
Niederrohrdorf	subjectName	Niederrohrdorf
Oberrohrdorf	subjectName	Oberrohrdorf
Obersiggenthal	subjectName	Obersiggenthal
Remetschwil	subjectName	Remetschwil
Turgi	subjectName	Turgi
Spreitenbach	subjectName	Spreitenbach
Stetten, Aargau	subjectName	Stetten
Wohlenschwil	subjectName	Wohlenschwil
Untersiggenthal	subjectName	Untersiggenthal
Würenlingen	subjectName	Würenlingen
Dielsdorf	subjectName	Dielsdorf
Niederhasli	subjectName	Niederhasli
Regensdorf	subjectName	Regensdorf
Regensberg	subjectName	Regensberg
Unterentfelden	subjectName	Unterentfelden
Suhr, Aargau	subjectName	Suhr
Rohr, Aargau	subjectName	Rohr
Muhen	subjectName	Muhen
Küttigen	subjectName	Küttigen
Oberentfelden	subjectName	Oberentfelden
Hirschthal	subjectName	Hirschthal
Büttikon	subjectName	Büttikon
Eggenwil	subjectName	Eggenwil
Hägglingen	subjectName	Hägglingen
Hilfikon	subjectName	Hilfikon
Wohlen, Aargau	subjectName	Wohlen
Villmergen	subjectName	Villmergen
Oberwil-Lieli	subjectName	Oberwil-Lieli
Oberlunkhofen	subjectName	Oberlunkhofen
Jonen	subjectName	Jonen
Unterlunkhofen	subjectName	Unterlunkhofen
Sarmenstorf	subjectName	Sarmenstorf
Tägerig	subjectName	Tägerig
Niederwil, Aargau	subjectName	Niederwil
Hermetschwil-Staffeln	subjectName	Hermetschwil-Staffeln
Arch, Switzerland	subjectName	Arch
Büetigen	subjectName	Büetigen
Dotzigen	subjectName	Dotzigen
Meienried	subjectName	Meienried
Lengnau, Bern	subjectName	Lengnau
Oberwil bei Büren	subjectName	Oberwil bei Büren
Diessbach bei Büren	subjectName	Diessbach bei Büren
Meinisberg	subjectName	Meinisberg
Rüti bei Büren	subjectName	Rüti bei Büren
Leuzigen	subjectName	Leuzigen
Ems	subjectName	Domat/Ems
Bonaduz	subjectName	Bonaduz
Felsberg, Switzerland	subjectName	Felsberg
Rhäzüns	subjectName	Rhäzüns
Trin	subjectName	Trin
Tamins	subjectName	Tamins
Bangerten	subjectName	Bangerten
Ballmoos	subjectName	Ballmoos
Büren zum Hof	subjectName	Büren zum Hof
Diemerswil	subjectName	Diemerswil
Deisswil bei Münchenbuchsee	subjectName	Deisswil bei Münchenbuchsee
Bätterkinden	subjectName	Bätterkinden
Etzelkofen	subjectName	Etzelkofen
Grafenried, Switzerland	subjectName	Grafenried
Fraubrunnen	subjectName	Fraubrunnen
Jegenstorf	subjectName	Jegenstorf
Limpach, Switzerland	subjectName	Limpach
Iffwil	subjectName	Iffwil
Mattstetten	subjectName	Mattstetten
Mülchi	subjectName	Mülchi
Moosseedorf	subjectName	Moosseedorf
Schalunen	subjectName	Schalunen
Ruppoldsried	subjectName	Ruppoldsried
Münchringen	subjectName	Münchringen
Scheunen	subjectName	Scheunen
Utzenstorf	subjectName	Utzenstorf
Münchenbuchsee	subjectName	Münchenbuchsee
Urtenen-Schönbühl	subjectName	Urtenen-Schönbühl
Wiggiswil	subjectName	Wiggiswil
Wiler bei Utzenstorf	subjectName	Wiler bei Utzenstorf
Zauggenried	subjectName	Zauggenried
Zielebach	subjectName	Zielebach
Zuzwil, Bern	subjectName	Zuzwil
Wohlen bei Bern	subjectName	Wohlen bei Bern
Stettlen	subjectName	Stettlen
Muri bei Bern	subjectName	Muri bei Bern
Ostermundigen	subjectName	Ostermundigen
Wyssachen	subjectName	Wyssachen
Rapperswil, Bern	subjectName	Rapperswil
Schüpfen	subjectName	Schüpfen
Seedorf, Bern	subjectName	Seedorf
Aefligen	subjectName	Aefligen
Alchenstorf	subjectName	Alchenstorf
Heimiswil	subjectName	Heimiswil
Ersigen	subjectName	Ersigen
Bäriswil, Bern	subjectName	Bäriswil
Hellsau	subjectName	Hellsau
Höchstetten, Switzerland	subjectName	Höchstetten
Kernenried	subjectName	Kernenried
Kirchberg, Bern	subjectName	Kirchberg
Hindelbank	subjectName	Hindelbank
Lyssach	subjectName	Lyssach
Krauchthal	subjectName	Krauchthal
Mötschwil	subjectName	Mötschwil
Oberburg	subjectName	Oberburg
Niederösch	subjectName	Niederösch
Koppigen	subjectName	Koppigen
Oberösch	subjectName	Oberösch
Rumendingen	subjectName	Rumendingen
Rüdtligen-Alchenflüh	subjectName	Rüdtligen-Alchenflüh
Willadingen	subjectName	Willadingen
Brüttelen	subjectName	Brüttelen
Finsterhennen	subjectName	Finsterhennen
Lüscherz	subjectName	Lüscherz
Siselen	subjectName	Siselen
Treiten	subjectName	Treiten
Vinelz	subjectName	Vinelz
Tschugg	subjectName	Tschugg
Aeschlen bei Oberdiessbach	subjectName	Aeschlen
Arni, Bern	subjectName	Arni
Biglen	subjectName	Biglen
Bleiken bei Oberdiessbach	subjectName	Bleiken bei Oberdiessbach
Oberstocken	subjectName	Oberstocken
Därstetten	subjectName	Därstetten
Niederstocken	subjectName	Niederstocken
Laupen	subjectName	Laupen
Zäziwil	subjectName	Zäziwil
Schwarzenburg	subjectName	Schwarzenburg
Worb	subjectName	Worb
Walkringen	subjectName	Walkringen
Tägertschi	subjectName	Tägertschi
Rubigen	subjectName	Rubigen
Trimstein	subjectName	Trimstein
Schlosswil	subjectName	Schlosswil
Oberhünigen	subjectName	Oberhünigen
Niederhünigen	subjectName	Niederhünigen
Linden, Switzerland	subjectName	Linden
Oppligen	subjectName	Oppligen
Oberdiessbach	subjectName	Oberdiessbach
Oberthal, Switzerland	subjectName	Oberthal
Mirchel	subjectName	Mirchel
Kiesen	subjectName	Kiesen
Bowil	subjectName	Bowil
Freimettigen	subjectName	Freimettigen
Brenzikofen	subjectName	Brenzikofen
Häutligen	subjectName	Häutligen
Landiswil	subjectName	Landiswil
Herbligen	subjectName	Herbligen
Grosshöchstetten	subjectName	Grosshöchstetten
Oberwil im Simmental	subjectName	Oberwil im Simmental
Reutigen	subjectName	Reutigen
Wimmis	subjectName	Wimmis
Oberhofen am Thunersee	subjectName	Oberhofen am Thunersee
Orpund	subjectName	Orpund
Nidau	subjectName	Nidau
Mörigen	subjectName	Mörigen
Merzligen	subjectName	Merzligen
Ipsach	subjectName	Ipsach
Jens, Switzerland	subjectName	Jens
Hagneck	subjectName	Hagneck
Epsach	subjectName	Epsach
Hermrigen	subjectName	Hermrigen
Brügg, Bern	subjectName	Brügg
Bellmund	subjectName	Bellmund
Scheuren	subjectName	Scheuren
Studen, Bern	subjectName	Studen
Schwadernau	subjectName	Schwadernau
Sutz-Lattrigen	subjectName	Sutz-Lattrigen
Täuffelen	subjectName	Täuffelen
Twann	subjectName	Twann
Tüscherz-Alfermée	subjectName	Tüscherz-Alfermée
Walperswil	subjectName	Walperswil
Worben	subjectName	Worben
Höfen, Thun	subjectName	Höfen
Gerzensee	subjectName	Gerzensee
Gelterfingen	subjectName	Gelterfingen
Burgistein	subjectName	Burgistein
Gurzelen	subjectName	Gurzelen
Kaufdorf	subjectName	Kaufdorf
Kehrsatz	subjectName	Kehrsatz
Jaberg	subjectName	Jaberg
Kirchenthurnen	subjectName	Kirchenthurnen
Kirchdorf, Bern	subjectName	Kirchdorf
Lohnstorf	subjectName	Lohnstorf
Mühledorf, Bern	subjectName	Mühledorf
Mühlethurnen	subjectName	Mühlethurnen
Niedermuhlern	subjectName	Niedermuhlern
Noflen	subjectName	Noflen
Rümligen	subjectName	Rümligen
Rüti bei Riggisberg	subjectName	Rüti bei Riggisberg
Riggisberg	subjectName	Riggisberg
Uttigen	subjectName	Uttigen
Wattenwil	subjectName	Wattenwil
Rüeggisberg	subjectName	Rüeggisberg
Eggiwil	subjectName	Eggiwil
Röthenbach im Emmental	subjectName	Röthenbach im Emmental
Rüderswil	subjectName	Rüderswil
Schangnau	subjectName	Schangnau
Lauperswil	subjectName	Lauperswil
Trubschachen	subjectName	Trubschachen
Eriz	subjectName	Eriz
Blumenstein	subjectName	Blumenstein
Buchholterberg	subjectName	Buchholterberg
Heimberg, Switzerland	subjectName	Heimberg
Fahrni	subjectName	Fahrni
Heiligenschwendi	subjectName	Heiligenschwendi
Hilterfingen	subjectName	Hilterfingen
Homberg, Bern	subjectName	Homberg
Horrenbach-Buchen	subjectName	Horrenbach-Buchen
Längenbühl	subjectName	Längenbühl
Oberlangenegg	subjectName	Oberlangenegg
Pohlern	subjectName	Pohlern
Schwendibach	subjectName	Schwendibach
Unterlangenegg	subjectName	Unterlangenegg
Wachseldorn	subjectName	Wachseldorn
Steffisburg	subjectName	Steffisburg
Sigriswil	subjectName	Sigriswil
Attiswil	subjectName	Attiswil
Berken	subjectName	Berken
Bettenhausen, Switzerland	subjectName	Bettenhausen
Bollodingen	subjectName	Bollodingen
Graben, Switzerland	subjectName	Graben
Farnern	subjectName	Farnern
Hermiswil	subjectName	Hermiswil
Heimenhausen	subjectName	Heimenhausen
Inkwil	subjectName	Inkwil
Niederbipp	subjectName	Niederbipp
Niederönz	subjectName	Niederönz
Oberbipp	subjectName	Oberbipp
Röthenbach bei Herzogenbuchsee	subjectName	Röthenbach bei Herzogenbuchsee
Oberönz	subjectName	Oberönz
Rumisberg	subjectName	Rumisberg
Ochlenberg	subjectName	Ochlenberg
Thörigen	subjectName	Thörigen
Walliswil bei Niederbipp	subjectName	Walliswil bei Niederbipp
Seeberg	subjectName	Seeberg
Wangenried	subjectName	Wangenried
Walliswil bei Wangen	subjectName	Walliswil bei Wangen
Wolfisberg	subjectName	Wolfisberg
Wanzwil	subjectName	Wanzwil
Wiedlisbach	subjectName	Wiedlisbach
Ammerswil	subjectName	Ammerswil
Diepoldsau	subjectName	Diepoldsau
Egnach	subjectName	Egnach
Santa Maria in Calanca	subjectName	Santa Maria in Calanca
Wattwil	subjectName	Wattwil
Altdorf, Schaffhausen	subjectName	Altdorf
Beggingen	subjectName	Beggingen
Bibern, Schaffhausen	subjectName	Bibern
Beringen, Switzerland	subjectName	Beringen
Buchberg, Schaffhausen	subjectName	Buchberg
Büttenhardt	subjectName	Büttenhardt
Dörflingen	subjectName	Dörflingen
Gächlingen	subjectName	Gächlingen
Guntmadingen	subjectName	Guntmadingen
Hofen, Switzerland	subjectName	Hofen
Hemishofen	subjectName	Hemishofen
Löhningen	subjectName	Löhningen
Lohn, Schaffhausen	subjectName	Lohn
Hallau	subjectName	Hallau
Merishausen	subjectName	Merishausen
Opfertshofen	subjectName	Opfertshofen
Neunkirch	subjectName	Neunkirch
Wilchingen	subjectName	Wilchingen
Oberhallau	subjectName	Oberhallau
Ramsen	subjectName	Ramsen
Siblingen	subjectName	Siblingen
Stetten, Schaffhausen	subjectName	Stetten
Trasadingen	subjectName	Trasadingen
Rüdlingen	subjectName	Rüdlingen
Illgau	subjectName	Illgau
Lauerz	subjectName	Lauerz
Ingenbohl	subjectName	Ingenbohl
Morschach	subjectName	Morschach
Alpthal	subjectName	Alpthal
Riemenstalden	subjectName	Riemenstalden
Rothenthurm	subjectName	Rothenthurm
Muotathal	subjectName	Muotathal
Steinerberg	subjectName	Steinerberg
Feusisberg	subjectName	Feusisberg
Sattel, Switzerland	subjectName	Sattel
Wollerau	subjectName	Wollerau
Freienbach	subjectName	Freienbach
Altendorf, Schwyz	subjectName	Altendorf
Vorderthal	subjectName	Vorderthal
Galgenen	subjectName	Galgenen
Tuggen	subjectName	Tuggen
Innerthal	subjectName	Innerthal
Reichenburg	subjectName	Reichenburg
Schübelbach	subjectName	Schübelbach
Wangen, Schwyz	subjectName	Wangen
Auenstein, Aargau	subjectName	Auenstein
Neuheim	subjectName	Neuheim
Hünenberg	subjectName	Hünenberg
Steinhausen, Switzerland	subjectName	Steinhausen
Walchwil	subjectName	Walchwil
Risch-Rotkreuz	subjectName	Risch-Rotkreuz
Oberflachs	subjectName	Oberflachs
Erstfeld	subjectName	Erstfeld
Flüelen	subjectName	Flüelen
Gurtnellen	subjectName	Gurtnellen
Hospental	subjectName	Hospental
Realp	subjectName	Realp
Schattdorf	subjectName	Schattdorf
Seedorf, Uri	subjectName	Seedorf
Seelisberg	subjectName	Seelisberg
Unterschächen	subjectName	Unterschächen
Wassen	subjectName	Wassen
Silenen	subjectName	Silenen
Spiringen	subjectName	Spiringen
Baldingen, Aargau	subjectName	Baldingen
Beinwil, Solothurn	subjectName	Beinwil
Birrhard	subjectName	Birrhard
Mollis	subjectName	Mollis
Ennenda	subjectName	Ennenda
Filzbach	subjectName	Filzbach
Bilten	subjectName	Bilten
Mühlehorn	subjectName	Mühlehorn
Näfels	subjectName	Näfels
Netstal	subjectName	Netstal
Riedern	subjectName	Riedern
Obstalden	subjectName	Obstalden
Niederurnen	subjectName	Niederurnen
Oberurnen	subjectName	Oberurnen
Birrwil	subjectName	Birrwil
Böbikon	subjectName	Böbikon
Effingen	subjectName	Effingen
Bözen	subjectName	Bözen
Hausen bei Brugg	subjectName	Hausen bei Brugg
Elfingen	subjectName	Elfingen
Hottwil	subjectName	Hottwil
Lupfig	subjectName	Lupfig
Mandach	subjectName	Mandach
Mönthal	subjectName	Mönthal
Oberbözberg	subjectName	Oberbözberg
Mülligen	subjectName	Mülligen
Remigen	subjectName	Remigen
Veltheim, Aargau	subjectName	Veltheim
Villnachern	subjectName	Villnachern
Villigen	subjectName	Villigen
Rüfenach	subjectName	Rüfenach
Riniken	subjectName	Riniken
Scherz	subjectName	Scherz
Schinznach-Bad	subjectName	Schinznach-Bad
Umiken	subjectName	Umiken
Thalheim, Aargau	subjectName	Thalheim
Schinznach-Dorf	subjectName	Schinznach-Dorf
Unterbözberg	subjectName	Unterbözberg
Leutwil	subjectName	Leutwil
Leimbach, Aargau	subjectName	Leimbach
Holziken	subjectName	Holziken
Oberkulm	subjectName	Oberkulm
Burg, Aargau	subjectName	Burg
Teufenthal	subjectName	Teufenthal
Dürrenäsch	subjectName	Dürrenäsch
Schöftland	subjectName	Schöftland
Gontenschwil	subjectName	Gontenschwil
Zetzwil	subjectName	Zetzwil
Reinach, Aargau	subjectName	Reinach
Unterkulm	subjectName	Unterkulm
Schmiedrued	subjectName	Schmiedrued
Eiken, Aargau	subjectName	Eiken
Etzgen	subjectName	Etzgen
Frick, Aargau	subjectName	Frick
Gansingen	subjectName	Gansingen
Herznach	subjectName	Herznach
Gipf-Oberfrick	subjectName	Gipf-Oberfrick
Hornussen, Aargau	subjectName	Hornussen
Wil, Aargau	subjectName	Wil
Wittnau, Aargau	subjectName	Wittnau
Sulz, Aargau	subjectName	Sulz
Münchwilen, Aargau	subjectName	Münchwilen, Aargau
Mettau, Switzerland	subjectName	Mettau
Ittenthal	subjectName	Ittenthal
Oberhofen, Aargau	subjectName	Oberhofen
Kaisten, Aargau	subjectName	Kaisten
Ueken	subjectName	Ueken
Oeschgen	subjectName	Oeschgen
Zeihen	subjectName	Zeihen
Schwaderloch	subjectName	Schwaderloch
Wölflinswil	subjectName	Wölflinswil
Sisseln	subjectName	Sisseln
Hellikon	subjectName	Hellikon
Mumpf	subjectName	Mumpf
Schupfart	subjectName	Schupfart
Wallbach, Aargau	subjectName	Wallbach
Wegenstetten	subjectName	Wegenstetten
Zeiningen	subjectName	Zeiningen
Obermumpf	subjectName	Obermumpf
Kaiseraugst	subjectName	Kaiseraugst
Boniswil	subjectName	Boniswil
Brunegg	subjectName	Brunegg
Hallwil	subjectName	Hallwil
Egliswil	subjectName	Egliswil
Hendschiken	subjectName	Hendschiken
Holderbank, Aargau	subjectName	Holderbank
Hunzenschwil	subjectName	Hunzenschwil
Niederlenz	subjectName	Niederlenz
Meisterschwanden	subjectName	Meisterschwanden
Möriken-Wildegg	subjectName	Möriken-Wildegg
Othmarsingen	subjectName	Othmarsingen
Rupperswil	subjectName	Rupperswil
Seengen	subjectName	Seengen
Schafisheim	subjectName	Schafisheim
Staufen, Aargau	subjectName	Staufen
Rekingen	subjectName	Rekingen
Rümikon	subjectName	Rümikon
Rietheim, Aargau	subjectName	Rietheim
Schneisingen	subjectName	Schneisingen
Siglistorf	subjectName	Siglistorf
Kaiserstuhl, Aargau	subjectName	Kaiserstuhl
Wislikofen	subjectName	Wislikofen
Unterendingen	subjectName	Unterendingen
Döttingen, Aargau	subjectName	Döttingen
Endingen, Switzerland	subjectName	Endingen
Klingnau	subjectName	Klingnau
Lengnau, Aargau	subjectName	Lengnau
Leuggern	subjectName	Leuggern
Mellikon	subjectName	Mellikon
Le Landeron	subjectName	Le Landeron
Cressier, Neuchâtel	subjectName	Cressier
Enges	subjectName	Enges
Saint-Blaise, Switzerland	subjectName	Saint-Blaise
Hauterive, Neuchâtel	subjectName	Hauterive
Lignières, Switzerland	subjectName	Lignières
Thielle-Wavre	subjectName	Thielle-Wavre
Cortaillod	subjectName	Cortaillod
Auvernier	subjectName	Auvernier
Montalchez	subjectName	Montalchez
Rochefort, Switzerland	subjectName	Rochefort
Bôle	subjectName	Bôle
Brot-Dessous	subjectName	Brot-Dessous
Gorgier	subjectName	Gorgier
Bevaix	subjectName	Bevaix
Corcelles-Cormondrèche	subjectName	Corcelles-Cormondrèche
Fresens	subjectName	Fresens
Peseux, Switzerland	subjectName	Peseux
Saint-Aubin-Sauges	subjectName	Saint-Aubin-Sauges
Vaumarcus	subjectName	Vaumarcus
Les Planchettes	subjectName	Les Planchettes
La Sagne	subjectName	La Sagne
Brot-Plamboz	subjectName	Brot-Plamboz
Les Brenets	subjectName	Les Brenets
Les Ponts-de-Martel	subjectName	Les Ponts-de-Martel
Le Cerneux-Péquignot	subjectName	Le Cerneux-Péquignot
Cernier	subjectName	Cernier
La Chaux-du-Milieu	subjectName	La Chaux-du-Milieu
Coffrane	subjectName	Coffrane
Engollon	subjectName	Engollon
Chézard-Saint-Martin	subjectName	Chézard-Saint-Martin
Fontainemelon	subjectName	Fontainemelon
Dombresson	subjectName	Dombresson
Fontaines, Switzerland	subjectName	Fontaines
Fenin-Vilars-Saules	subjectName	Fenin-Vilars-Saules
Le Pâquier, Neuchâtel	subjectName	Le Pâquier
Montmollin	subjectName	Montmollin
Les Geneveys-sur-Coffrane	subjectName	Les Geneveys-sur-Coffrane
Savagnier	subjectName	Savagnier
Les Hauts-Geneveys	subjectName	Les Hauts-Geneveys
Valangin	subjectName	Valangin
Villiers, Switzerland	subjectName	Villiers
La Brévine	subjectName	La Brévine
Saint-Sulpice, Neuchâtel	subjectName	Saint-Sulpice
La Côte-aux-Fées	subjectName	La Côte-aux-Fées
Les Verrières	subjectName	Les Verrières
Val-de-Travers	subjectName	Val-de-Travers
Boveresse	subjectName	Boveresse
Travers, Switzerland	subjectName	Travers
Buttes	subjectName	Buttes
Couvet	subjectName	Couvet
Les Bayards	subjectName	Les Bayards
Môtiers	subjectName	Môtiers
Fleurier	subjectName	Fleurier
Noiraigue	subjectName	Noiraigue
Doppleschwand	subjectName	Doppleschwand
Escholzmatt	subjectName	Escholzmatt
Hasle, Lucerne	subjectName	Hasle
Marbach, Lucerne	subjectName	Marbach
Schüpfheim	subjectName	Schüpfheim
Romoos	subjectName	Romoos
Werthenstein	subjectName	Werthenstein
Büron	subjectName	Büron
Buttisholz	subjectName	Buttisholz
Eich, Switzerland	subjectName	Eich
Mauensee, Lucerne	subjectName	Mauensee
Oberkirch, Switzerland	subjectName	Oberkirch
Neudorf, Lucerne	subjectName	Neudorf
Rickenbach, Lucerne	subjectName	Rickenbach
Schlierbach, Switzerland	subjectName	Schlierbach
Winikon	subjectName	Winikon
Sursee	subjectName	Sursee
Triengen	subjectName	Triengen
Wolhusen	subjectName	Wolhusen
Pfeffikon	subjectName	Pfeffikon
Neuenkirch	subjectName	Neuenkirch
Nottwil	subjectName	Nottwil
Knutwil	subjectName	Knutwil
Hildisrieden	subjectName	Hildisrieden
Geuensee	subjectName	Geuensee
Gunzwil	subjectName	Gunzwil
Grosswangen	subjectName	Grosswangen
Schenkon	subjectName	Schenkon
Ruswil	subjectName	Ruswil
Aesch, Lucerne	subjectName	Aesch
Altwis	subjectName	Altwis
Ballwil	subjectName	Ballwil
Ermensee	subjectName	Ermensee
Hämikon	subjectName	Hämikon
Eschenbach, Lucerne	subjectName	Eschenbach
Hitzkirch	subjectName	Hitzkirch
Hohenrain	subjectName	Hohenrain
Inwil	subjectName	Inwil
Hochdorf, Lucerne	subjectName	Hochdorf
Lieli	subjectName	Lieli
Mosen, Lucerne	subjectName	Mosen
Müswangen	subjectName	Müswangen
Retschwil	subjectName	Retschwil
Rothenburg, Lucerne	subjectName	Rothenburg
Sulz, Lucerne	subjectName	Sulz
Römerswil	subjectName	Römerswil
Alberswil	subjectName	Alberswil
Ebersecken	subjectName	Ebersecken
Egolzwil	subjectName	Egolzwil
Altbüron	subjectName	Altbüron
Ettiswil	subjectName	Ettiswil
Altishofen	subjectName	Altishofen
Fischbach, Lucerne	subjectName	Fischbach
Gettnau	subjectName	Gettnau
Grossdietwil	subjectName	Grossdietwil
Hergiswil bei Willisau	subjectName	Hergiswil bei Willisau
Luthern	subjectName	Luthern
Nebikon	subjectName	Nebikon
Ohmstal	subjectName	Ohmstal
Roggliswil	subjectName	Roggliswil
Reiden	subjectName	Reiden
Schötz	subjectName	Schötz
Wauwil	subjectName	Wauwil
Ufhusen	subjectName	Ufhusen
Willisau	subjectName	Willisau
Wikon	subjectName	Wikon
Zell, Lucerne	subjectName	Zell
Menznau	subjectName	Menznau
Pfaffnau	subjectName	Pfaffnau
Saas-Grund	subjectName	Saas-Grund
Homburg, Switzerland	subjectName	Homburg
Berlingen, Switzerland	subjectName	Berlingen
Eschenz	subjectName	Eschenz
Herdern	subjectName	Herdern
Hüttwilen	subjectName	Hüttwilen
Müllheim, Switzerland	subjectName	Müllheim
Salenstein	subjectName	Salenstein
Pfyn	subjectName	Pfyn
Raperswilen	subjectName	Raperswilen
Steckborn	subjectName	Steckborn
Wigoltingen	subjectName	Wigoltingen
Wagenhausen	subjectName	Wagenhausen
Bürglen, Thurgau	subjectName	Bürglen
Birwinken	subjectName	Birwinken
Amlikon-Bissegg	subjectName	Amlikon-Bissegg
Berg, Thurgau	subjectName	Berg
Bussnang	subjectName	Bussnang
Märstetten	subjectName	Märstetten
Amriswil	subjectName	Amriswil
Bischofszell	subjectName	Bischofszell
Erlen	subjectName	Erlen
Hauptwil-Gottshaus	subjectName	Hauptwil-Gottshaus
Hohentannen	subjectName	Hohentannen
Kradolf-Schönenberg	subjectName	Kradolf-Schönenberg
Sulgen	subjectName	Sulgen
Zihlschlacht-Sitterdorf	subjectName	Zihlschlacht-Sitterdorf
Diessenhofen	subjectName	Diessenhofen
Schlatt bei Diessenhofen	subjectName	Schlatt bei Diessenhofen
Basadingen-Schlattingen	subjectName	Basadingen-Schlattingen
Affeltrangen	subjectName	Affeltrangen
Bettwiesen	subjectName	Bettwiesen
Bichelsee-Balterswil	subjectName	Bichelsee-Balterswil
Braunau, Switzerland	subjectName	Braunau
Eschlikon	subjectName	Eschlikon
Fischingen	subjectName	Fischingen
Lommis	subjectName	Lommis
Rickenbach, Thurgau	subjectName	Rickenbach
Münchwilen, Thurgau	subjectName	Münchwilen
Sirnach	subjectName	Sirnach
Tobel-Tägerschen	subjectName	Tobel-Tägerschen
Wängi	subjectName	Wängi
Wilen	subjectName	Wilen
Wuppenau	subjectName	Wuppenau
Roggwil, Thurgau	subjectName	Roggwil
Uttwil	subjectName	Uttwil
Horn, Switzerland	subjectName	Horn
Dozwil	subjectName	Dozwil
Hefenhofen	subjectName	Hefenhofen
Salmsach	subjectName	Salmsach
Kesswil	subjectName	Kesswil
Arbon	subjectName	Arbon
Sommeri	subjectName	Sommeri
Sumvitg	subjectName	Sumvitg
Altnau	subjectName	Altnau
Ermatingen	subjectName	Ermatingen
Langrickenbach	subjectName	Langrickenbach
Gottlieben	subjectName	Gottlieben
Wäldi	subjectName	Wäldi
Kemmental	subjectName	Kemmental
Lengwil	subjectName	Lengwil
Münsterlingen	subjectName	Münsterlingen
Tägerwilen	subjectName	Tägerwilen
Güttingen	subjectName	Güttingen
Gachnang	subjectName	Gachnang
Felben-Wellhausen	subjectName	Felben-Wellhausen
Matzingen	subjectName	Matzingen
Hüttlingen, Switzerland	subjectName	Hüttlingen
Neunforn	subjectName	Neunforn
Stettfurt	subjectName	Stettfurt
Warth-Weiningen	subjectName	Warth-Weiningen
Uesslingen-Buch	subjectName	Uesslingen-Buch
Thundorf, Switzerland	subjectName	Thundorf
Breitenbach, Switzerland	subjectName	Breitenbach
Schmitten, Fribourg	subjectName	Schmitten
Selzach	subjectName	Selzach
Riedholz	subjectName	Riedholz
Rüttenen	subjectName	Rüttenen
Flumenthal	subjectName	Flumenthal
Oberdorf, Solothurn	subjectName	Oberdorf
Langendorf, Switzerland	subjectName	Langendorf
Lommiswil	subjectName	Lommiswil
Hubersdorf	subjectName	Hubersdorf
Günsberg	subjectName	Günsberg
Niederwil, Solothurn	subjectName	Niederwil
Kammersrohr	subjectName	Kammersrohr
Balm bei Günsberg	subjectName	Balm bei Günsberg
Feldbrunnen-St. Niklaus	subjectName	Feldbrunnen-St. Niklaus
Bettlach, Switzerland	subjectName	Bettlach
Bellach	subjectName	Bellach
Zullwil	subjectName	Zullwil
Nunningen	subjectName	Nunningen
Meltingen	subjectName	Meltingen
Himmelried	subjectName	Himmelried
Grindel, Switzerland	subjectName	Grindel
Kleinlützel	subjectName	Kleinlützel
Büsserach	subjectName	Büsserach
Bärschwil	subjectName	Bärschwil
Erschwil	subjectName	Erschwil
Fehren	subjectName	Fehren
Aetingen	subjectName	Aetingen
Aetigkofen	subjectName	Aetigkofen
Balm bei Messen	subjectName	Balm bei Messen
Bibern, Solothurn	subjectName	Bibern
Biezwil	subjectName	Biezwil
Brunnenthal, Switzerland	subjectName	Brunnenthal
Gossliwil	subjectName	Gossliwil
Brügglen	subjectName	Brügglen
Hessigkofen	subjectName	Hessigkofen
Küttigkofen	subjectName	Küttigkofen
Kyburg-Buchegg	subjectName	Kyburg-Buchegg
Lüsslingen	subjectName	Lüsslingen
Lüterkofen-Ichertswil	subjectName	Lüterkofen-Ichertswil
Lüterswil-Gächliwil	subjectName	Lüterswil-Gächliwil
Messen	subjectName	Messen
Mühledorf, Solothurn	subjectName	Mühledorf
Oberramsern	subjectName	Oberramsern
Nennigkofen	subjectName	Nennigkofen
Schnottwil	subjectName	Schnottwil
Unterramsern	subjectName	Unterramsern
Tscheppach	subjectName	Tscheppach
Büren, Solothurn	subjectName	Büren
Gempen	subjectName	Gempen
Dornach	subjectName	Dornach
Bättwil	subjectName	Bättwil
Hochwald, Switzerland	subjectName	Hochwald
Hofstetten-Flüh	subjectName	Hofstetten-Flüh
Metzerlen-Mariastein	subjectName	Metzerlen-Mariastein
Rodersdorf	subjectName	Rodersdorf
Nuglar-St. Pantaleon	subjectName	Nuglar-St. Pantaleon
Witterswil	subjectName	Witterswil
Seewen, Solothurn	subjectName	Seewen
Kestenholz	subjectName	Kestenholz
Neuendorf, Switzerland	subjectName	Neuendorf
Niederbuchsiten	subjectName	Niederbuchsiten
Oberbuchsiten	subjectName	Oberbuchsiten
Wolfwil	subjectName	Wolfwil
Oensingen	subjectName	Oensingen
Rohr, Solothurn	subjectName	Rohr
Erlinsbach, Solothurn	subjectName	Erlinsbach
Hauenstein-Ifenthal	subjectName	Hauenstein-Ifenthal
Kienberg, Switzerland	subjectName	Kienberg
Lostorf	subjectName	Lostorf
Niedergösgen	subjectName	Niedergösgen
Obergösgen	subjectName	Obergösgen
Stüsslingen	subjectName	Stüsslingen
Winznau	subjectName	Winznau
Wisen	subjectName	Wisen
Trimbach, Switzerland	subjectName	Trimbach
Boningen	subjectName	Boningen
Rickenbach, Solothurn	subjectName	Rickenbach
Däniken, Solothurn	subjectName	Däniken
Kappel, Switzerland	subjectName	Kappel
Hägendorf	subjectName	Hägendorf
Gunzgen	subjectName	Gunzgen
Gretzenbach	subjectName	Gretzenbach
Fulenbach	subjectName	Fulenbach
Walterswil, Solothurn	subjectName	Walterswil
Eppenberg-Wöschnau	subjectName	Eppenberg-Wöschnau
Dulliken	subjectName	Dulliken
Starrkirch-Wil	subjectName	Starrkirch-Wil
Aedermannsdorf	subjectName	Aedermannsdorf
Balsthal	subjectName	Balsthal
Gänsbrunnen	subjectName	Gänsbrunnen
Val-de-Ruz	subjectName	Val-de-Ruz
Schönenwerd	subjectName	Schönenwerd
Wangen bei Olten	subjectName	Wangen bei Olten
Herbetswil	subjectName	Herbetswil
Holderbank, Solothurn	subjectName	Holderbank
Laupersdorf	subjectName	Laupersdorf
Matzendorf	subjectName	Matzendorf
Mümliswil-Ramiswil	subjectName	Mümliswil-Ramiswil
Aeschi	subjectName	Aeschi
Biberist	subjectName	Biberist
Bolken	subjectName	Bolken
Etziken	subjectName	Etziken
Deitingen	subjectName	Deitingen
Halten	subjectName	Halten
Gerlafingen	subjectName	Gerlafingen
Heinrichswil-Winistorf	subjectName	Heinrichswil-Winistorf
Hüniken	subjectName	Hüniken
Horriwil	subjectName	Horriwil
Hersiwil	subjectName	Hersiwil
Kriegstetten	subjectName	Kriegstetten
Luterbach	subjectName	Luterbach
Obergerlafingen	subjectName	Obergerlafingen
Lohn-Ammannsegg	subjectName	Lohn-Ammannsegg
Oekingen	subjectName	Oekingen
Recherswil	subjectName	Recherswil
Subingen	subjectName	Subingen
Steinhof	subjectName	Steinhof
Zuchwil	subjectName	Zuchwil
Oberdorf, Basel-Landschaft	subjectName	Oberdorf
Reigoldswil	subjectName	Reigoldswil
Titterten	subjectName	Titterten
Arboldswil	subjectName	Arboldswil
Bretzwil	subjectName	Bretzwil
Bennwil	subjectName	Bennwil
Eptingen	subjectName	Eptingen
Diegten	subjectName	Diegten
Hölstein	subjectName	Hölstein
Lampenberg	subjectName	Lampenberg
Ramlinsburg	subjectName	Ramlinsburg
Lupsingen	subjectName	Lupsingen
Giebenach	subjectName	Giebenach
Frenkendorf	subjectName	Frenkendorf
Augst	subjectName	Augst
Seltisberg	subjectName	Seltisberg
Lauwil	subjectName	Lauwil
Liedertswil	subjectName	Liedertswil
Niederdorf, Basel-Landschaft	subjectName	Niederdorf
Arisdorf	subjectName	Arisdorf
Hersberg	subjectName	Hersberg
Langenbruck	subjectName	Langenbruck
Ziefen	subjectName	Ziefen
Binningen, Switzerland	subjectName	Binningen
Birsfelden	subjectName	Birsfelden
Aesch, Basel-Landschaft	subjectName	Aesch
Reinach, Basel-Landschaft	subjectName	Reinach
Ettingen	subjectName	Ettingen
Therwil	subjectName	Therwil
Arlesheim	subjectName	Arlesheim
Allschwil	subjectName	Allschwil
Biel-Benken	subjectName	Biel-Benken
Bottmingen	subjectName	Bottmingen
Münchenstein	subjectName	Münchenstein
Oberwil, Basel-Landschaft	subjectName	Oberwil
Pfeffingen	subjectName	Pfeffingen
Schönenbuch	subjectName	Schönenbuch
Trun, Switzerland	subjectName	Trun
Rueun	subjectName	Rueun
Anwil	subjectName	Anwil
Buckten	subjectName	Buckten
Böckten	subjectName	Böckten
Hemmiken	subjectName	Hemmiken
Häfelfingen	subjectName	Häfelfingen
Itingen	subjectName	Itingen
Gelterkinden	subjectName	Gelterkinden
Tecknau	subjectName	Tecknau
Tenniken	subjectName	Tenniken
Zeglingen	subjectName	Zeglingen
Rickenbach, Basel-Landschaft	subjectName	Rickenbach
Känerkinden	subjectName	Känerkinden
Läufelfingen	subjectName	Läufelfingen
Maisprach	subjectName	Maisprach
Nusshof	subjectName	Nusshof
Oltingen	subjectName	Oltingen, Switzerland
Ormalingen	subjectName	Ormalingen
Rothenfluh	subjectName	Rothenfluh
Rümlingen	subjectName	Rümlingen
Wenslingen	subjectName	Wenslingen
Sissach	subjectName	Sissach
Thürnen	subjectName	Thürnen
Wittinsburg	subjectName	Wittinsburg
Wintersingen	subjectName	Wintersingen
Zunzgen	subjectName	Zunzgen
Rünenberg	subjectName	Rünenberg
Blauen, Basel-Landschaft	subjectName	Blauen
Burg im Leimental	subjectName	Burg im Leimental
Dittingen	subjectName	Dittingen
Duggingen	subjectName	Duggingen
Grellingen	subjectName	Grellingen
Laufen, Switzerland	subjectName	Laufen
Liesberg	subjectName	Liesberg
Nenzlingen	subjectName	Nenzlingen
Roggenburg, Basel-Country	subjectName	Roggenburg
Röschenz	subjectName	Röschenz
Zwingen	subjectName	Zwingen
Wahlen	subjectName	Wahlen
Brislach	subjectName	Brislach
Castiel, Switzerland	subjectName	Castiel
Floyd Allen	subjectName	Floyd Allen
Waldkirch, Switzerland	subjectName	Waldkirch
Muolen	subjectName	Muolen
Andwil	subjectName	Andwil
Gaiserwald	subjectName	Gaiserwald
Eggersriet	subjectName	Eggersriet
Häggenschwil	subjectName	Häggenschwil
Wittenbach	subjectName	Wittenbach
Berg, St. Gallen	subjectName	Berg
Goldach	subjectName	Goldach
Mörschwil	subjectName	Mörschwil
Rorschacherberg	subjectName	Rorschacherberg
Tübach	subjectName	Tübach
Steinach, St. Gallen	subjectName	Steinach
Untereggen	subjectName	Untereggen
Au, St. Gallen	subjectName	Au
Balgach	subjectName	Balgach
Berneck	subjectName	Berneck
Altstätten	subjectName	Altstätten
Eichberg, Switzerland	subjectName	Eichberg
Marbach, St. Gallen	subjectName	Marbach
Oberriet	subjectName	Oberriet
Rebstein	subjectName	Rebstein
Rheineck	subjectName	Rheineck
Widnau	subjectName	Widnau
Sennwald	subjectName	Sennwald
Buchs, St. Gallen	subjectName	Buchs SG
Gams	subjectName	Gams
Grabs	subjectName	Grabs
Sevelen	subjectName	Sevelen
Wartau	subjectName	Wartau
Tegerfelden	subjectName	Tegerfelden
Avers	subjectName	Avers
Niederbüren	subjectName	Niederbüren
Zuzwil, St. Gallen	subjectName	Zuzwil
Jonschwil	subjectName	Jonschwil
Flawil	subjectName	Flawil
Bronschhofen	subjectName	Bronschhofen
Quarten	subjectName	Quarten
Degersheim	subjectName	Degersheim
Mels	subjectName	Mels
Vilters-Wangs	subjectName	Vilters-Wangs
Oberbüren	subjectName	Oberbüren
Niederhelfenschwil	subjectName	Niederhelfenschwil
Amden	subjectName	Amden
Benken, St. Gallen	subjectName	Benken
Ernetschwil	subjectName	Ernetschwil
Gommiswald	subjectName	Gommiswald
Eschenbach, St. Gallen	subjectName	Eschenbach
Rieden, Switzerland	subjectName	Rieden
Schänis	subjectName	Schänis
Uznach	subjectName	Uznach
St. Gallenkappel	subjectName	St. Gallenkappel
Weesen	subjectName	Weesen
Hedingen	subjectName	Hedingen
Knonau	subjectName	Knonau
Maschwanden	subjectName	Maschwanden
Bonstetten, Switzerland	subjectName	Bonstetten
Mettmenstetten	subjectName	Mettmenstetten
Ottenbach, Switzerland	subjectName	Ottenbach
Obfelden	subjectName	Obfelden
Affoltern am Albis	subjectName	Affoltern am Albis
Rifferswil	subjectName	Rifferswil
Hausen am Albis	subjectName	Hausen am Albis
Wettswil am Albis	subjectName	Wettswil am Albis
Stallikon	subjectName	Stallikon
Bachenbülach	subjectName	Bachenbülach
Dietlikon	subjectName	Dietlikon
Höri	subjectName	Höri
Glattfelden	subjectName	Glattfelden
Embrach	subjectName	Embrach
Lufingen	subjectName	Lufingen
Hüntwangen	subjectName	Hüntwangen
Eglisau	subjectName	Eglisau
Rorbas	subjectName	Rorbas
Winkel, Switzerland	subjectName	Winkel
Nürensdorf	subjectName	Nürensdorf
Boppelsen	subjectName	Boppelsen
Wasterkingen	subjectName	Wasterkingen
Oberembrach	subjectName	Oberembrach
Bachs	subjectName	Bachs
Dänikon	subjectName	Dänikon
Hüttikon	subjectName	Hüttikon
Buchs, Zürich	subjectName	Buchs
Neerach	subjectName	Neerach
Niederglatt	subjectName	Niederglatt
Oberweningen	subjectName	Oberweningen
Niederweningen	subjectName	Niederweningen
Schöfflisdorf	subjectName	Schöfflisdorf
Rümlang	subjectName	Rümlang
Otelfingen	subjectName	Otelfingen
Steinmaur	subjectName	Steinmaur
Altikon	subjectName	Altikon
Hagenbuch	subjectName	Hagenbuch
Dinhard	subjectName	Dinhard
Hettlingen	subjectName	Hettlingen
Wiesendangen	subjectName	Wiesendangen
Schlatt bei Winterthur	subjectName	Schlatt bei Winterthur
Pfungen	subjectName	Pfungen
Brütten	subjectName	Brütten
Seuzach	subjectName	Seuzach
Dägerlen	subjectName	Dägerlen
Hofstetten, Zürich	subjectName	Hofstetten
Rickenbach, Zürich	subjectName	Rickenbach
Turbenthal	subjectName	Turbenthal
Elsau	subjectName	Elsau
Bertschikon bei Attikon	subjectName	Bertschikon bei Attikon
Dättlikon	subjectName	Dättlikon
Ellikon an der Thur	subjectName	Ellikon an der Thur
Neftenbach	subjectName	Neftenbach
Elgg	subjectName	Elgg
Ebnat-Kappel	subjectName	Ebnat-Kappel
Kirchberg, St. Gallen	subjectName	Kirchberg
Hemberg	subjectName	Hemberg
Ganterschwil	subjectName	Ganterschwil
Bütschwil	subjectName	Bütschwil
Alt St. Johann	subjectName	Alt St. Johann
Brunnadern	subjectName	Brunnadern
Stein, St. Gallen	subjectName	Stein
Oberhelfenschwil	subjectName	Oberhelfenschwil
Lichtensteig	subjectName	Lichtensteig
Mogelsberg	subjectName	Mogelsberg
Lütisburg	subjectName	Lütisburg
Mosnang	subjectName	Mosnang
St. Peterzell	subjectName	St. Peterzell
Intragna	subjectName	Intragna
Adlikon bei Andelfingen	subjectName	Adlikon bei Andelfingen
Morbio Inferiore	subjectName	Morbio Inferiore
Morbio Superiore	subjectName	Morbio Superiore
Besazio	subjectName	Besazio
Balerna	subjectName	Balerna
Muggio	subjectName	Muggio
Castel San Pietro	subjectName	Castel San Pietro
Cabbio	subjectName	Cabbio
Bruzella	subjectName	Bruzella
Caneggio	subjectName	Caneggio
Coldrerio	subjectName	Coldrerio
Ligornetto	subjectName	Ligornetto
Meride	subjectName	Meride
Novazzano	subjectName	Novazzano
Riva San Vitale	subjectName	Riva San Vitale
Sagno	subjectName	Sagno
Stabio	subjectName	Stabio
Andelfingen, Switzerland	subjectName	Andelfingen
Benken, Zürich	subjectName	Benken
Rheinau, Switzerland	subjectName	Rheinau
Berg am Irchel	subjectName	Berg am Irchel
Dachsen	subjectName	Dachsen
Buch am Irchel	subjectName	Buch am Irchel
Flaach	subjectName	Flaach
Flurlingen	subjectName	Flurlingen
Henggart	subjectName	Henggart
Kleinandelfingen	subjectName	Kleinandelfingen
Humlikon	subjectName	Humlikon
Oberstammheim	subjectName	Oberstammheim
Ossingen	subjectName	Ossingen
Trüllikon	subjectName	Trüllikon
Marthalen	subjectName	Marthalen
Laufen-Uhwiesen	subjectName	Laufen-Uhwiesen
Volken	subjectName	Volken
Truttikon	subjectName	Truttikon
Unterstammheim	subjectName	Unterstammheim
Waltalingen	subjectName	Waltalingen
Maggia	subjectName	Maggia
Aesch, Zürich	subjectName	Aesch
Oberengstringen	subjectName	Oberengstringen
Geroldswil	subjectName	Geroldswil
Unterengstringen	subjectName	Unterengstringen
Urdorf	subjectName	Urdorf
Birmensdorf, Zürich	subjectName	Birmensdorf
Weiningen	subjectName	Weiningen
Oetwil an der Limmat	subjectName	Ötwil an der Limmat
Uitikon	subjectName	Uitikon
Hinwil	subjectName	Hinwil
Wädenswil	subjectName	Wädenswil
Richterswil	subjectName	Richterswil
Schönenberg, Zürich	subjectName	Schönenberg
Hirzel	subjectName	Hirzel
Hütten, Switzerland	subjectName	Hütten
Bubikon	subjectName	Bubikon
Dürnten	subjectName	Dürnten
Fischenthal	subjectName	Fischenthal
Bäretswil	subjectName	Bäretswil
Gossau, Zürich	subjectName	Gossau
Grüningen	subjectName	Grüningen
Seegräben	subjectName	Seegräben
Wald, Zürich	subjectName	Wald
Rüti, Zürich	subjectName	Rüti
Hombrechtikon	subjectName	Hombrechtikon
Zollikon	subjectName	Zollikon
Oetwil am See	subjectName	Oetwil am See
Fehraltorf	subjectName	Fehraltorf
Russikon	subjectName	Russikon
Hittnau	subjectName	Hittnau
Lindau, Switzerland	subjectName	Lindau
Sternenberg	subjectName	Sternenberg
Wildberg, Switzerland	subjectName	Wildberg
Weisslingen	subjectName	Weisslingen
Wila, Switzerland	subjectName	Wila
Fällanden	subjectName	Fällanden
Maur, Switzerland	subjectName	Maur
Schwerzenbach	subjectName	Schwerzenbach
Volketswil	subjectName	Volketswil
Wangen-Brüttisellen	subjectName	Wangen-Brüttisellen
Wil, Zürich	subjectName	Wil
Vico Morcote	subjectName	Vico Morcote
Campo Blenio	subjectName	Campo Blenio
Ghirone	subjectName	Ghirone
Torre, Switzerland	subjectName	Torre
Malvaglia	subjectName	Malvaglia
Olivone	subjectName	Olivone
Ludiano	subjectName	Ludiano
Semione	subjectName	Semione
Acquarossa, Switzerland	subjectName	Acquarossa
Biasca	subjectName	Biasca
Claro, Switzerland	subjectName	Claro
Cresciano	subjectName	Cresciano
Iragna	subjectName	Iragna
Osogna	subjectName	Osogna
Lodrino, Ticino	subjectName	Lodrino
Anzonico	subjectName	Anzonico
Bedretto	subjectName	Bedretto
Calpiogna	subjectName	Calpiogna
Bodio	subjectName	Bodio
Cavagnago	subjectName	Cavagnago
Campello, Switzerland	subjectName	Campello
Dalpe	subjectName	Dalpe
Chironico	subjectName	Chironico
Mairengo	subjectName	Mairengo
Giornico	subjectName	Giornico
Personico	subjectName	Personico
Pollegio	subjectName	Pollegio
Prato	subjectName	Prato
Sobrio	subjectName	Sobrio
Bignasco	subjectName	Bignasco
Avegno, Switzerland	subjectName	Avegno
Quinto, Ticino	subjectName	Quinto
Linescio	subjectName	Linescio
Lavizzara	subjectName	Lavizzara
Cevio	subjectName	Cevio
Gordevio	subjectName	Gordevio
Cerentino	subjectName	Cerentino
Cavergno	subjectName	Cavergno
Campo, Vallemaggia	subjectName	Campo
Camorino	subjectName	Camorino
Giubiasco	subjectName	Giubiasco
Gorduno	subjectName	Gorduno
Gnosca	subjectName	Gnosca
Gudo	subjectName	Gudo
Lumino	subjectName	Lumino
Isone	subjectName	Isone
Moleno	subjectName	Moleno
Pianezzo	subjectName	Pianezzo
Medeglia	subjectName	Medeglia
Monte Carasso	subjectName	Monte Carasso
Sant'Antonio, Bellinzona	subjectName	Sant'Antonio
Sant'Antonino	subjectName	Sant'Antonino
Preonzo	subjectName	Preonzo
Cadenazzo	subjectName	Cadenazzo
Vogorno	subjectName	Vogorno
Borgnone	subjectName	Borgnone
Brione	subjectName	Brione
Brione sopra Minusio	subjectName	Brione sopra Minusio
Caviano	subjectName	Caviano
Mosogno	subjectName	Mosogno
Orselina	subjectName	Orselina
Palagnedra	subjectName	Palagnedra
Piazzogna	subjectName	Piazzogna
Gresso	subjectName	Gresso
Indemini	subjectName	Indemini
Isorno	subjectName	Isorno
Lavertezzo	subjectName	Lavertezzo
Losone	subjectName	Losone
Mergoscia	subjectName	Mergoscia
Minusio	subjectName	Minusio
San Nazzaro, Switzerland	subjectName	San Nazzaro
Magadino	subjectName	Magadino
Tegna	subjectName	Tegna
Sant'Abbondio	subjectName	Sant'Abbondio
Tenero-Contra	subjectName	Tenero-Contra
Sonogno	subjectName	Sonogno
Verscio	subjectName	Verscio
Vergeletto	subjectName	Vergeletto
Gerra	subjectName	Gerra
Vira	subjectName	Vira
Gerra	subjectName	Gerra
Gordola	subjectName	Gordola
Contone	subjectName	Contone
Cavigliano	subjectName	Cavigliano
Carona, Ticino	subjectName	Carona
Capriasca	subjectName	Capriasca
Carabietta	subjectName	Carabietta
Camignolo	subjectName	Camignolo
Cadempino	subjectName	Cadempino
Brusino Arsizio	subjectName	Brusino Arsizio
Bioggio	subjectName	Bioggio
Bogno	subjectName	Bogno
Bedigliora	subjectName	Bedigliora
Bidogno	subjectName	Bidogno
Bedano	subjectName	Bedano
Astano	subjectName	Astano
Alto Malcantone	subjectName	Alto Malcantone
Certara	subjectName	Certara
Cimadera	subjectName	Cimadera
Iseo, Switzerland	subjectName	Iseo
Rivera, Switzerland	subjectName	Rivera
Collina d'Oro	subjectName	Collina d'Oro
Muzzano, Ticino	subjectName	Muzzano
Corticiasca	subjectName	Corticiasca
Comano, Ticino	subjectName	Comano
Cureglia	subjectName	Cureglia
Croglio	subjectName	Croglio
Grancia	subjectName	Grancia
Gravesano	subjectName	Gravesano
Curio, Ticino	subjectName	Curio
Lugaggia	subjectName	Lugaggia
Lamone	subjectName	Lamone
Porza	subjectName	Porza
Pura, Switzerland	subjectName	Pura
Neggio	subjectName	Neggio
Novaggio	subjectName	Novaggio
Origlio	subjectName	Origlio
Paradiso, Ticino	subjectName	Paradiso
Ponte Capriasca	subjectName	Ponte Capriasca
Magliaso	subjectName	Magliaso
Manno	subjectName	Manno
Maroggia	subjectName	Maroggia
Massagno	subjectName	Massagno
Melano	subjectName	Melano
Melide, Switzerland	subjectName	Melide
Mezzovico-Vira	subjectName	Mezzovico-Vira
Miglieglia	subjectName	Miglieglia
Monteggio	subjectName	Monteggio
Rovio, Ticino	subjectName	Rovio
Savosa	subjectName	Savosa
Sigirino	subjectName	Sigirino
Sessa, Ticino	subjectName	Sessa
Sorengo	subjectName	Sorengo
Torricella-Taverne	subjectName	Torricella-Taverne
Vernate, Ticino	subjectName	Vernate
Vezia	subjectName	Vezia
Surpierre	subjectName	Surpierre
Champéry	subjectName	Champéry
Vouvry	subjectName	Vouvry
Val-d'Illiez	subjectName	Val-d'Illiez
Vionnaz	subjectName	Vionnaz
Saint-Gingolph, Switzerland	subjectName	Saint-Gingolph
Collombey-Muraz	subjectName	Collombey-Muraz
Ayent	subjectName	Ayent
Evolène	subjectName	Evolène
Hérémence	subjectName	Hérémence
Les Agettes	subjectName	Les Agettes
Mase, Switzerland	subjectName	Mase
Nax	subjectName	Nax
Saint-Martin, Valais	subjectName	Saint-Martin
Vernamiège	subjectName	Vernamiège
Vex, Switzerland	subjectName	Vex
Liddes	subjectName	Liddes
Bourg-Saint-Pierre	subjectName	Bourg-Saint-Pierre
Orsières	subjectName	Orsières
Vollèges	subjectName	Vollèges
Chamoson	subjectName	Chamoson
Conthey	subjectName	Conthey
Nendaz	subjectName	Nendaz
Vétroz	subjectName	Vétroz
Salins, Switzerland	subjectName	Salins
Grimisuat	subjectName	Grimisuat
Arbaz	subjectName	Arbaz
Savièse	subjectName	Savièse
Ernen	subjectName	Ernen
Blitzingen	subjectName	Blitzingen
Fiesch	subjectName	Fiesch
Fieschertal	subjectName	Fieschertal
Grafschaft, Switzerland	subjectName	Grafschaft
Lax, Switzerland	subjectName	Lax
Münster-Geschinen	subjectName	Münster-Geschinen
Niederwald, Switzerland	subjectName	Niederwald
Obergesteln	subjectName	Obergesteln
Reckingen-Gluringen	subjectName	Reckingen-Gluringen
Ulrichen	subjectName	Ulrichen
Albinen	subjectName	Albinen
Bratsch	subjectName	Bratsch
Ergisch	subjectName	Ergisch
Erschmatt	subjectName	Erschmatt
Guttet-Feschel	subjectName	Guttet-Feschel
Gampel	subjectName	Gampel
Inden, Switzerland	subjectName	Inden
Leukerbad	subjectName	Leukerbad
Oberems	subjectName	Oberems
Salgesch	subjectName	Salgesch
Turtmann	subjectName	Turtmann
Varen, Switzerland	subjectName	Varen
Unterems	subjectName	Unterems
Charrat	subjectName	Charrat
Bovernier	subjectName	Bovernier
Isérables	subjectName	Isérables
Leytron	subjectName	Leytron
Martigny-Combe	subjectName	Martigny-Combe
Riddes	subjectName	Riddes
Trient, Switzerland	subjectName	Trient
Saxon, Switzerland	subjectName	Saxon
Saillon	subjectName	Saillon
Vérossaz	subjectName	Vérossaz
Evionnaz	subjectName	Evionnaz
Dorénaz	subjectName	Dorénaz
Collonges, Switzerland	subjectName	Collonges
Massongex	subjectName	Massongex
Finhaut	subjectName	Finhaut
Mex, Valais	subjectName	Mex
Salvan, Switzerland	subjectName	Salvan
Birgisch	subjectName	Birgisch
Eggerberg	subjectName	Eggerberg
Naters	subjectName	Naters
Ried-Brig	subjectName	Ried-Brig
Termen	subjectName	Termen
Zwischbergen	subjectName	Zwischbergen
Ayer, Switzerland	subjectName	Ayer
Chalais, Switzerland	subjectName	Chalais
Chandolin	subjectName	Chandolin
Chermignon	subjectName	Chermignon
Grimentz	subjectName	Grimentz
Chippis	subjectName	Chippis
Icogne	subjectName	Icogne
Miège	subjectName	Miège
Grône	subjectName	Grône
Mollens, Valais	subjectName	Mollens
Saint-Jean, Switzerland	subjectName	Saint-Jean
Randogne	subjectName	Randogne
Saint-Léonard, Switzerland	subjectName	Saint-Léonard
Saint-Luc, Switzerland	subjectName	Saint-Luc
Veyras, Switzerland	subjectName	Veyras
Venthône	subjectName	Venthône
Embd	subjectName	Embd
Eisten	subjectName	Eisten
Lalden	subjectName	Lalden
Baltschieder	subjectName	Baltschieder
Montana, Switzerland	subjectName	Montana
Vissoie	subjectName	Vissoie
St. Niklaus	subjectName	St. Niklaus
Stalden	subjectName	Stalden
Staldenried	subjectName	Staldenried
Törbel	subjectName	Törbel
Zeneggen	subjectName	Zeneggen
Visperterminen	subjectName	Visperterminen
Saas-Balen	subjectName	Saas Balen
Ausserberg	subjectName	Ausserberg
Hohtenn	subjectName	Hohtenn
Bürchen	subjectName	Bürchen
Kippel	subjectName	Kippel
Niedergesteln	subjectName	Niedergesteln
Ferden	subjectName	Ferden
Raron	subjectName	Raron
Steg, Valais	subjectName	Steg
Wiler	subjectName	Wiler
Unterbäch	subjectName	Unterbäch
Blatten	subjectName	Blatten
Bister, Switzerland	subjectName	Bister
Betten	subjectName	Betten
Bitsch, Switzerland	subjectName	Bitsch
Filet, Switzerland	subjectName	Filet
Martisberg	subjectName	Martisberg
Grengiols	subjectName	Grengiols
Mörel, Switzerland	subjectName	Mörel
Bussy, Fribourg	subjectName	Bussy
Cugy, Fribourg	subjectName	Cugy
Châtillon, Fribourg	subjectName	Châtillon
Lully, Fribourg	subjectName	Lully
Russy, Switzerland	subjectName	Russy
Saint-Aubin, Fribourg	subjectName	Saint-Aubin
Villeneuve, Fribourg	subjectName	Villeneuve
Safiental	subjectName	Safiental
Châbles	subjectName	Châbles
Cheyres	subjectName	Cheyres
Cheiry	subjectName	Cheiry
Domdidier	subjectName	Domdidier
Delley-Portalban	subjectName	Delley-Portalban
Fétigny, Switzerland	subjectName	Fétigny
Font, Switzerland	subjectName	Font
Gletterens	subjectName	Gletterens
Léchelles	subjectName	Léchelles
Sévaz	subjectName	Sévaz
Ménières	subjectName	Ménières
Les Montets	subjectName	Les Montets
Vallon	subjectName	Vallon
Vuissens	subjectName	Vuissens
Vernay, Switzerland	subjectName	Vernay
Nuvilly	subjectName	Nuvilly
Montagny, Fribourg	subjectName	Montagny
Morens	subjectName	Morens
Murist	subjectName	Murist
Prévondavaux	subjectName	Prévondavaux
Rueyres-les-Prés	subjectName	Rueyres-les-Prés
Attalens	subjectName	Attalens
Bossonnens	subjectName	Bossonnens
Châtel-Saint-Denis	subjectName	Châtel-Saint-Denis
Granges, Switzerland	subjectName	Granges
La Verrerie	subjectName	La Verrerie
Remaufens	subjectName	Remaufens
Saint-Martin, Fribourg	subjectName	Saint-Martin
Semsales	subjectName	Semsales
Le Flon	subjectName	Le Flon
Alterswil	subjectName	Alterswil
Bösingen, Fribourg	subjectName	Bösingen
Heitenried	subjectName	Heitenried
Brünisried	subjectName	Brünisried
Oberschrot	subjectName	Oberschrot
Düdingen	subjectName	Düdingen
Giffers	subjectName	Giffers
Plaffeien	subjectName	Plaffeien
Plasselb	subjectName	Plasselb
Rechthalten	subjectName	Rechthalten
St. Silvester	subjectName	St. Silvester
St. Antoni	subjectName	St. Antoni
St. Ursen	subjectName	St. Ursen
Tafers	subjectName	Tafers
Tentlingen	subjectName	Tentlingen
Ueberstorf	subjectName	Ueberstorf
Wünnewil-Flamatt	subjectName	Wünnewil-Flamatt
Zumholz	subjectName	Zumholz
Auboranges	subjectName	Auboranges
Billens-Hennens	subjectName	Billens-Hennens
Chapelle, Glâne	subjectName	Chapelle
Grangettes	subjectName	Grangettes
Châtonnaye	subjectName	Châtonnaye
Écublens, Fribourg	subjectName	Écublens
Massonnens	subjectName	Massonnens
Mézières, Fribourg	subjectName	Mézières
Montet	subjectName	Montet
Romont	subjectName	Romont
Rue, Switzerland	subjectName	Rue
Siviriez	subjectName	Siviriez
Torny	subjectName	Torny
Vuisternens-devant-Romont	subjectName	Vuisternens-devant-Romont
Ursy	subjectName	Ursy
Villaz-Saint-Pierre	subjectName	Villaz-Saint-Pierre
Villorsonnens	subjectName	Villorsonnens
Vuarmarens	subjectName	Vuarmarens
Le Châtelard, Fribourg	subjectName	Le Châtelard
La Folliaz	subjectName	La Folliaz
Vella	subjectName	Vella
Bas-Vully	subjectName	Bas-Vully
Büchslen	subjectName	Büchslen
Courgevaux	subjectName	Courgevaux
Courlevon	subjectName	Courlevon
Courtepin	subjectName	Courtepin
Cressier, Fribourg	subjectName	Cressier
Galmiz	subjectName	Galmiz
Fräschels	subjectName	Fräschels
Gempenach	subjectName	Gempenach
Greng	subjectName	Greng
Gurmels	subjectName	Gurmels
Haut-Vully	subjectName	Haut-Vully
Jeuss	subjectName	Jeuss
Kerzers	subjectName	Kerzers
Kleinbösingen	subjectName	Kleinbösingen
Lurtigen	subjectName	Lurtigen/Lourtens
Misery-Courtion	subjectName	Misery-Courtion
Meyriez	subjectName	Meyriez
Ried bei Kerzers	subjectName	Ried bei Kerzers
Salvenach	subjectName	Salvenach
Ulmiz	subjectName	Ulmiz
Villarepos	subjectName	Villarepos
Wallenried	subjectName	Wallenried
Muntelier	subjectName	Muntelier
Autafond	subjectName	Autafond
Autigny, Switzerland	subjectName	Autigny
Avry	subjectName	Avry
Belfaux	subjectName	Belfaux
Chénens	subjectName	Chénens
Chésopelloz	subjectName	Chésopelloz
Corminboeuf	subjectName	Corminboeuf
Corpataux-Magnedens	subjectName	Corpataux-Magnedens
Corserey	subjectName	Corserey
Farvagny	subjectName	Farvagny
Ferpicloz	subjectName	Ferpicloz
Épendes, Fribourg	subjectName	Épendes
Cottens, Fribourg	subjectName	Cottens
Givisiez	subjectName	Givisiez
Granges-Paccot	subjectName	Granges-Paccot
Grolley	subjectName	Grolley
La Brillaz	subjectName	La Brillaz
Hauterive, Fribourg	subjectName	Hauterive
La Sonnaz	subjectName	La Sonnaz
Le Glèbe	subjectName	Le Glèbe
Le Mouret	subjectName	Le Mouret
Marly, Fribourg	subjectName	Marly
Matran	subjectName	Matran
Neyruz, Switzerland	subjectName	Neyruz
Noréaz	subjectName	Noréaz
Pierrafortscha	subjectName	Pierrafortscha
Ponthaux	subjectName	Ponthaux
Treyvaux	subjectName	Treyvaux
Senèdes	subjectName	Senèdes
Prez-vers-Noréaz	subjectName	Prez-vers-Noréaz
Villarsel-sur-Marly	subjectName	Villarsel-sur-Marly
Villars-sur-Glâne	subjectName	Villars-sur-Glâne
Vuisternens-en-Ogoz	subjectName	Vuisternens-en-Ogoz
Alvaneu	subjectName	Alvaneu
Bergün	subjectName	Bergün/Bravuogn
Bollion	subjectName	Bollion
Seiry	subjectName	Seiry
Brinzauls	subjectName	Brienz/Brinzauls
Bivio	subjectName	Bivio
Schiers	subjectName	Schiers
Trimmis	subjectName	Trimmis
Says	subjectName	Says
Almens	subjectName	Almens
Andeer	subjectName	Andeer
Andiast	subjectName	Andiast
Ausserferrera	subjectName	Ausserferrera
Brigels	subjectName	Breil/Brigels
Arvigo	subjectName	Arvigo
Bondo, Switzerland	subjectName	Bondo
Braggio	subjectName	Braggio
Brusio	subjectName	Brusio
Castasegna	subjectName	Castasegna
La Punt-Chamues-ch	subjectName	La Punt - Chamues-ch
Soglio, Switzerland	subjectName	Soglio
Stampa	subjectName	Stampas
Vicosoprano	subjectName	Vicosoprano
Calfreisen	subjectName	Calfreisen
Langwies	subjectName	Langwies
Maladers	subjectName	Maladers
Pagig	subjectName	Pagig
Tschiertschen	subjectName	Tschiertschen
Peist	subjectName	Peist
Praden	subjectName	Praden
St. Peter, Switzerland	subjectName	St. Peter
Conters im Prättigau	subjectName	Conters im Prättigau
Fanas	subjectName	Fanas
Grüsch	subjectName	Grüsch
Fideris	subjectName	Fideris
Jenaz	subjectName	Jenaz
Küblis	subjectName	Küblis
Luzein	subjectName	Luzein
Saas im Prättigau	subjectName	Saas im Prättigau
Seewis im Prättigau	subjectName	Seewis im Prättigau
St. Antönien Ascharina	subjectName	St. Antönien Ascharina
St. Antönien	subjectName	St. Antönien
Valzeina	subjectName	Valzeina
Fläsch	subjectName	Fläsch
Haldenstein	subjectName	Haldenstein
Jenins	subjectName	Jenins
Maienfeld	subjectName	Maienfeld
Mastrils	subjectName	Mastrils
Untervaz	subjectName	Untervaz
Zizers	subjectName	Zizers
Malans, Switzerland	subjectName	Malans
Casti-Wergenstein	subjectName	Casti-Wergenstein
Cazis	subjectName	Cazis
Clugin	subjectName	Clugin
Donat, Switzerland	subjectName	Donat
Veulden	subjectName	Feldis/Veulden
Filisur	subjectName	Filisur
Lenz	subjectName	Lantsch/Lenz
Marmorera	subjectName	Marmorera
Mon, Switzerland	subjectName	Mon
Mulegns	subjectName	Mulegns
Mutten	subjectName	Mutten
Sur, Switzerland	subjectName	Sur
Schmitten, Graubünden	subjectName	Schmitten
Flerden	subjectName	Flerden
Fürstenau, Switzerland	subjectName	Fürstenau
Innerferrera	subjectName	Innerferrera
Lohn, Graubünden	subjectName	Lohn
Hinterrhein, Switzerland	subjectName	Hinterrhein
Mathon, Switzerland	subjectName	Mathon
Masein	subjectName	Masein
Riom-Parsonz	subjectName	Riom-Parsonz
Salouf	subjectName	Salouf
Nufenen	subjectName	Nufenen
Stierva	subjectName	Stierva
Surava	subjectName	Surava
Paspels	subjectName	Paspels
Tiefencastel	subjectName	Tiefencastel
Tinizong-Rona	subjectName	Tinizong-Rona
Davos Wiesen	subjectName	Davos Wiesen
Pignia	subjectName	Pignia
Pratval	subjectName	Pratval
Präz	subjectName	Präz
Rodels	subjectName	Rodels
Tartar, Switzerland	subjectName	Tartar
Thusis	subjectName	Thusis
Trans, Switzerland	subjectName	Trans
Tschappina	subjectName	Tschappina
Urmein	subjectName	Urmein
Tomils	subjectName	Tumegl/Tomils
Zillis-Reischen	subjectName	Zillis-Reischen
Rongellen	subjectName	Rongellen
Rothenbrunnen	subjectName	Rothenbrunnen
Cumbel	subjectName	Cumbel
Castrisch	subjectName	Castrisch
Sufers	subjectName	Sufers
Splügen	subjectName	Splügen
Sils im Domleschg	subjectName	Sils im Domleschg
Scheid	subjectName	Scheid
Scharans	subjectName	Scharans
Sarn, Switzerland	subjectName	Sarn
Degen, Switzerland	subjectName	Degen
Duvin	subjectName	Duvin
Flond	subjectName	Flond
Surcuolm	subjectName	Surcuolm
Ruschein	subjectName	Ruschein
Riein	subjectName	Riein
Pigniu	subjectName	Pigniu
Pitasch	subjectName	Pitasch
Luven	subjectName	Luven
Medel	subjectName	Medel
Lumbrein	subjectName	Lumbrein
Vignogn	subjectName	Vignogn
Valendas	subjectName	Valendas
Versam	subjectName	Versam
Tujetsch	subjectName	Tujetsch
Vrin	subjectName	Vrin
Sagogn	subjectName	Sagogn
Schlans	subjectName	Schlans
Schluein	subjectName	Schluein
Schnaus	subjectName	Schnaus
Sevgein	subjectName	Sevgein
Siat	subjectName	Siat
St. Martin, Graubünden	subjectName	St. Martin
San Vittore, Switzerland	subjectName	San Vittore
Soazza	subjectName	Soazza
Rossa, Switzerland	subjectName	Rossa
Humpty Jackson	subjectName	Humpty Jackson
Verdabbio	subjectName	Verdabbio
Buseno	subjectName	Buseno
Cama, Switzerland	subjectName	Cama
Castaneda, Switzerland	subjectName	Castaneda
Cauco	subjectName	Cauco
Grono, Switzerland	subjectName	Grono
Lostallo	subjectName	Sorte, Comune Lostallo
Mesocco	subjectName	Mesocco
Leggia	subjectName	Leggia
Tomils	subjectName	Tomils
Bellerive, Switzerland	subjectName	Bellerive
Forst-Längenbühl	subjectName	Forst-Längenbühl
Bregaglia	subjectName	Bregaglia
Sergey, Switzerland	subjectName	Sergey
Goumoëns	subjectName	Goumoëns
Anand Jon	subjectName	Anand Jon Alexander
Blenio	subjectName	Blenio
Ferrera	subjectName	Ferrera
St. Peter-Pagig	subjectName	St. Peter-Pagig
Bözberg	subjectName	Bözberg
Brig-Glis	subjectName	Brig-Glis
Nesslau	subjectName	Nesslau
Bettmeralp	subjectName	Bettmeralp
Zinal	subjectName	Zinal
Clos du Doubs	subjectName	Clos du Doubs
Riaz	subjectName	Riaz
Anniviers	subjectName	Anniviers
Tschiertschen-Praden	subjectName	Tschiertschen-Praden
Calanca	subjectName	Calanca
Haute-Ajoie	subjectName	Haute-Ajoie
La Baroche	subjectName	La Baroche
Obergoms	subjectName	Obergoms
Cugnasco-Gerra	subjectName	Cugnasco-Gerra
Neckertal	subjectName	Neckertal
Au, Zurich	subjectName	Au
Gampel-Bratsch	subjectName	Gampel-Bratsch
Jona	subjectName	Jona
Rapperswil	subjectName	Rapperswil
Kempraten	subjectName	Kempraten
Samstagern	subjectName	Samstagern, Switzerland
Biberbrugg	subjectName	Biberbrugg
Tann, Switzerland	subjectName	Tann
James von Brunn	subjectName	James von Brunn
Auslikon	subjectName	Auslikon
Irgenhausen	subjectName	Irgenhausen
Kempten, Switzerland	subjectName	Kempten
Avegno Gordevio	subjectName	Avegno Gordevio
Feldmeilen	subjectName	Feldmeilen
Mundaun	subjectName	Mundaun
Mörel-Filet	subjectName	Mörel-Filet
Wildhaus-Alt St. Johann	subjectName	Wildhaus-Alt St. Johann
Centovalli	subjectName	Centovalli
Breggia, Switzerland	subjectName	Breggia
Twann-Tüscherz	subjectName	Twann-Tüscherz
Baden, Switzerland	subjectName	Baden
Mettauertal	subjectName	Mettauertal
Steg-Hohtenn	subjectName	Steg-Hohtenn
La Tène, Neuchâtel	subjectName	La Tène
Basse-Allaine	subjectName	Basse-Allaine
Hurden	subjectName	Hurden
Gambarogno	subjectName	Gambarogno
Gribbio	subjectName	Gribbio
Monteceneri	subjectName	Monteceneri
Glarus Nord	subjectName	Glarus Nord
Glarus Süd	subjectName	Glarus Süd
Saas-Almagell	subjectName	Saas-Almagell
Chigny, Switzerland	subjectName	Chigny
Mont-Noble	subjectName	Mont-Noble
Xaver Hohenleiter	subjectName	Xaver Hohenleiter
Jorat-Menthue	subjectName	Jorat-Menthue
Valbroye	subjectName	Valbroye
Vully-les-Lacs	subjectName	Vully-les-Lacs
Montilliez	subjectName	Montilliez
Bourg-en-Lavaux	subjectName	Bourg-en-Lavaux
Tévenon	subjectName	Tévenon
Serravalle, Switzerland	subjectName	Serravalle
Landquart, Switzerland	subjectName	Landquart
George Martorano	subjectName	George Martorano
Siebnen	subjectName	Siebnen
Raymond Martorano	subjectName	Raymond Martorano
Milvignes	subjectName	Milvignes
Valsot	subjectName	Valsot
Val Terbi	subjectName	Val Terbi
Turtmann-Unterems	subjectName	Turtmann-Unterems
Montanaire	subjectName	Montanaire
Lüsslingen-Nennigkofen	subjectName	Lüsslingen-Nennigkofen
Haute-Sorne	subjectName	Haute-Sorne
Escholzmatt-Marbach	subjectName	Escholzmatt-Marbach
Drei Höfe	subjectName	Drei Höfe
Bütschwil-Ganterschwil	subjectName	Bütschwil-Ganterschwil
Terre di Pedemonte	subjectName	Terre di Pedemonte
Zürich	subjectName	Zürich
Buchegg	subjectName	Buchegg
Schinznach	subjectName	Schinznach
Plateau de Diesse	subjectName	Plateau de Diesse
Stocken-Höfen	subjectName	Stocken-Höfen
Sauge	subjectName	Sauge
Val-de-Charmey	subjectName	Val-de-Charmey
Glion	subjectName	Ilanz/Glion
La Cure	subjectName	La Cure
Péry-La Heutte	subjectName	Péry-La Heutte
Valbirse	subjectName	Valbirse
Petit-Val	subjectName	Petit-Val
Alvra	subjectName	Albula/Alvra
Domleschg	subjectName	Domleschg
Territet	subjectName	Territet
William Goad	subjectName	William Goad
Winterberg ZH	subjectName	Winterberg
Gibloux FR	subjectName	Gibloux
Mont-Vully	subjectName	Mont-Vully
Belmont-Broye	subjectName	Belmont-Broye
Surses	subjectName	Sursés
Obersaxen Mundaun	subjectName	Obersaxen Mundaun
Jorat-Mézières	subjectName	Jorat-Mézières
Euthal	subjectName	Euthal
