Asociación Alumni	teamname	Alumni
British and Irish Lions	teamname	British and Irish Lions
Six Nations Championship	teamname	Five Nations
Newport RFC	teamname	Newport RFC
Leicester Tigers	teamname	Leicester Tigers
Bath Rugby	teamname	Bath Rugby
Crusaders	teamname	Crusaders
Newcastle Falcons	teamname	Newcastle Falcons
Queensland Reds	teamname	Queensland Reds
London Irish	teamname	London Irish
Highlanders	teamname	Highlanders
Barbarian F.C.	teamname	Barbarians
Yorkshire Carnegie	teamname	Yorkshire Carnegie Rugby Union
Wasps RFC	teamname	Wasps
Northampton Saints	teamname	Northampton Saints
Saracens F.C.	teamname	Saracens
Stade Toulousain	teamname	Stade Toulousain
Chiefs	teamname	Chiefs
Blues	teamname	Blues
Hurricanes	teamname	Hurricanes
Brumbies	teamname	Brumbies
Sharks	teamname	Sharks
Bulls	teamname	Bulls
Stormers	teamname	Stormers
Lions	teamname	Lions
New South Wales Waratahs	teamname	Waratahs
U.S. Postal Service Pro Cycling Team	teamname	Discovery Channel
U.S. Postal Service Pro Cycling Team	teamname	Pro Cycling Team
Celtic Warriors	teamname	Celtic Warriors
Ospreys	teamname	Ospreys
Cardiff Blues	teamname	Cardiff Blues
Scarlets	teamname	Scarlets
London Scottish F.C.	teamname	London Scottish
Newport Gwent Dragons	teamname	Newport Gwent Dragons
Pontypridd RFC	teamname	Pontypridd Rugby Football Club
Pacific Islanders rugby union team	teamname	Pacific Islanders
Blackheath F.C.	teamname	Blackheath
Great Britain national rugby league team	teamname	Great Britain
Harlequin F.C.	teamname	Harlequins
Gloucester Rugby	teamname	Gloucester
Worcester Warriors	teamname	Worcester Warriors RFC
Border Reivers	teamname	Border Reivers
Edinburgh Rugby	teamname	Edinburgh Rugby
Glasgow Warriors	teamname	Glasgow Warriors
Connacht Rugby	teamname	Connacht Rugby
Leinster Rugby	teamname	Leinster Rugby
Ulster Rugby	teamname	Ulster Rugby
Munster Rugby	teamname	Munster Rugby
York Wasps	teamname	York Wasps
Rotherham R.U.F.C.	teamname	Rotherham Titans
Morley R.F.C.	teamname	Morley R.F.C
Neath RFC	teamname	Neath RFC
West of Scotland F.C.	teamname	West of Scotland
Crédit Agricole	teamname	Crédit Agricole
New Zealand Barbarians	teamname	New Zealand Barbarians
USA Perpignan	teamname	USAP
Stade Français	teamname	Stade Français
Kobe Steel Kobelco Steelers	teamname	Kobe Steel Kobelco Steelers
Kobe Steel Kobelco Steelers	teamname	神戸製鋼コベルコスティーラーズ
Toshiba Brave Lupus	teamname	Toshiba Brave Lupus
Toshiba Brave Lupus	teamname	東芝ブレイブルーパス
Cardiff RFC	teamname	Cardiff RFC
North Harbour Rugby Union	teamname	North Harbour
Kintetsu Liners	teamname	Kintetsu Liners近鉄ライナーズ
Yamaha Júbilo	teamname	Yamaha Jubiloヤマハ発動機ジュビロ
Toyota Verblitz	teamname	Toyota Verblitzトヨタ自動車ヴェルブリッツ
Suntory Sungoliath	teamname	Suntory Sungoliathサントリーサンゴリアス
Biarritz Olympique	teamname	Biarritz Olympique
World Fighting Bull	teamname	World Fighting Bullワールド ファイティングブル
Ricoh Black Rams	teamname	Ricoh Black Ramsリコーブラックラムズ
NEC Green Rockets	teamname	NEC Green RocketsNECグリーンロケッツ
Kubota Spears	teamname	Kubota Spearsクボタスピアーズ
Panasonic Wild Knights	teamname	Panasonic Wild Knightsパナソニックワイルドナイツ
Munakata Sanix Blues	teamname	Munakata Sanix Blues宗像サニックスブルース
Toyota Industries Shuttles	teamname	Toyota Industries Shuttles
Mitsubishi Dynaboars	teamname	Mitsubishi Juko Sagamihara
Mitsubishi Dynaboars	teamname	三菱重工相模原
Secom Rugguts	teamname	Secom Ruggutsセコムラガッツ
Southland Rugby Football Union	teamname	Southland Stags
Coca-Cola Red Sparks	teamname	Coca-Cola Red Sparks
Coca-Cola Red Sparks	teamname	コカ・コーラレッドスパークス
Honda Heat	teamname	Honda Heatホンダヒート
Eastern Suburbs RUFC	teamname	Eastern Suburbs RUFC
Bristol Rugby	teamname	Bristol Rugby
Club Atlético Banco de la Nación Argentina	teamname	Banco Nación
CA Brive	teamname	CA Brive
Bedford Blues	teamname	Bedford Blues
Clifton Rugby Football Club	teamname	Clifton RFC
FC Auch Gers	teamname	Auch
AS Béziers Hérault	teamname	Béziers
SU Agen Lot-et-Garonne	teamname	SU Agen
Aviron Bayonnais	teamname	Bayonne
Section Paloise	teamname	Pau
Montpellier Hérault Rugby	teamname	MHR
FC Grenoble	teamname	FC Grenoble Rugby
Castres Olympique	teamname	Castres Olympique
ASM Clermont Auvergne	teamname	ASM Clermont Auvergne
CS Bourgoin-Jallieu	teamname	Bourgoin-Jallieu
Rugby Rovigo Delta	teamname	Rugby Rovigo Delta
Benetton Rugby Treviso	teamname	Benetton Rugby Treviso
Rugby Calvisano	teamname	Rugby Calvisano
Rugby Viadana	teamname	Rugby Viadana
L'Aquila Rugby	teamname	L'Aquila Rugby
Petrarca Rugby	teamname	Petrarca Rugby
Western Force	teamname	Western Force
Crociati Parma Rugby FC	teamname	Crociati Parma Rugby FC
Rugby Leonessa 1928	teamname	Rugby Leonessa 1928
Gran Ducato Parma Rugby	teamname	GranDucato Parma Rugby
Amatori Catania	teamname	Amatori Catania
Coventry R.F.C.	teamname	Coventry RFC
London Welsh RFC	teamname	London Welsh
Charlton Park RFC	teamname	Charlton Park
Leighton Buzzard R.F.C.	teamname	Leighton Buzzard
Reading R.F.C.	teamname	Reading RFC
Redingensians R.F.C.	teamname	Redingensians
Reading Abbey R.F.C.	teamname	Reading Abbey
Bedwas RFC	teamname	Bedwas RFC
Maesteg RFC	teamname	Maesteg RFC
Cheetahs	teamname	Cheetahs
Rugby union in Cornwall	teamname	Cornwall RFU
Mountain Ash RFC	teamname	Mountain Ash RFC
Cofidis	teamname	Cofidis Solutions Crédits
Golden Lions	teamname	Golden Lions
Melrose RFC	teamname	Melrose
Liverpool St Helens F.C.	teamname	Liverpool St Helens
Venezia Mestre Rugby FC	teamname	Venezia Mestre Rugby FC
RC Toulonnais	teamname	RC Toulonnais
Canterbury Rugby Football Union	teamname	Canterbury
Richmond F.C.	teamname	Richmond
San Isidro Club	teamname	San Isidro
Club Atlético San Isidro	teamname	San Isidro
Blue Bulls	teamname	Blue Bulls
Swansea RFC	teamname	Swansea RFC
Barnes Rugby Football Club	teamname	Barnes
Preston Grasshoppers R.F.C.	teamname	Preston Grasshoppers
Charrua Rugby Clube	teamname	Charrua
Saeco	teamname	Saeco
Saunier Duval–Prodir	teamname	Geox-TMC
Llanelli RFC	teamname	Llanelli RFC
Birmingham Moseley Rugby Club	teamname	Birmingham Moseley
Aberavon RFC	teamname	Aberavon RFC
Pontypool RFC	teamname	Pontypool RFC
Caerphilly RFC	teamname	Caerphilly RFC
Abertillery RFC	teamname	Abertillery RFC
Pembroke Dock Harlequins RFC	teamname	Pembroke Dock Harlequins RFC
Terenure College RFC	teamname	Terenure College RFC
Bay Area Pelicans	teamname	Bay Area Pelicans Rugby Football Club
Glasgow Hawks RFC	teamname	Glasgow Hawks
Hawick RFC	teamname	Hawick
Watsonians RFC	teamname	Watsonian Football Club
Heriot's Rugby Club	teamname	Heriot's Rugby Club
Stirling County RFC	teamname	Stirling County
Sunnybank Rugby	teamname	Sunnybank
Ayr RFC	teamname	Ayr
Biggar RFC	teamname	Biggar
Currie RFC	teamname	Currie RFC
Stewart's Melville RFC	teamname	Stewart's Melville
Selkirk RFC	teamname	Selkirk
Seaford Rugby Football Club	teamname	Seaford
Guy's, Kings and St Thomas' Rugby Football Club	teamname	Guy's, Kings and St. Thomas' RFC
Southern Spears	teamname	Southern Spears
Old Alleynian Football Club	teamname	Old Alleynians
Boroughmuir RFC	teamname	Boroughmuir
São José Rugby Clube	teamname	São José Rugby
Cornish Pirates	teamname	Cornish Pirates
Waterloo FC	teamname	Waterloo
Sport at the University of Adelaide	teamname	Adelaide University Rugby Union Football Club
Wharfedale R.U.F.C.	teamname	Wharfedale RUFC
Wakefield RFC	teamname	Wakefield
Gala RFC	teamname	Gala
Orrell R.U.F.C.	teamname	Orrell
FC Barcelona Rugby	teamname	FCB Rugby
Blackpool Panthers	teamname	Blackpool & the Fylde Panthers
Aberdeen GSFP RFC	teamname	Aberdeen Grammar Rugby
Nottinghamians	teamname	Nottinghamians
São Paulo Athletic Club	teamname	São Paulo A.C.
St. Louis Bombers Rugby Football Club	teamname	St. Louis Bombers RFC
Niagara Lightning	teamname	Niagara Lightning
Fylde Rugby Club	teamname	Fylde Rugby Club
Wasps FC	teamname	Wasps Football Club
Berwick RFC	teamname	Berwick Rugby Club
Haddington RFC	teamname	Haddington RFC
Dundee HSFP	teamname	Dundee High Rugby
Cartha Queens Park RFC	teamname	Cartha Queens Park
Hillhead Jordanhill RFC	teamname	Hillhead-Jordanhill
Edinburgh Academical Football Club	teamname	Edinburgh Academicals
Kelso RFC	teamname	Kelso
Jed-Forest RFC	teamname	Jed-Forest
Murrayfield Wanderers RFC	teamname	Murrayfield Wanderers
Dunfermline RFC	teamname	Dunfermline
Hamilton RFC	teamname	Hamilton
Edinburgh University RFC	teamname	Edinburgh University RFC
Kirkcaldy RFC	teamname	Kirkcaldy
Livingston RFC	teamname	Livingston
Peebles RFC	teamname	Peebles
Musselburgh RFC	teamname	Musselburgh
Harrow RFC	teamname	Harrow
Pembroke RFC	teamname	Pembroke RFC
Old Patesians R.F.C.	teamname	Old Patesians RFC
Wirral Rugby Club	teamname	Wirral
West Harbour RFC	teamname	West Harbour
Unidare RFC	teamname	Unidare RFC
Nuneaton R.F.C.	teamname	Nuneaton
Sydney University Football Club	teamname	Sydney Uni Football Club
Randwick DRUFC	teamname	Randwick DRUFC
Eastwood Rugby Club	teamname	Eastwood Rugby
Dunstablians R.F.C.	teamname	Dunstablians
Garryowen Football Club	teamname	Garryowen
Shannon RFC	teamname	Shannon RFC
Annan RFC	teamname	Annan RFC
FC Lourdes	teamname	FC Lourdais
Stade Niortais	teamname	Stade Niortais Rugby
Boston Irish Wolfhounds	teamname	Boston Irish Wolfhounds
Mystic River Rugby Club	teamname	Mystic River Rugby
Cork Constitution	teamname	Cork Constitution
Young Munster	teamname	Young Munster
Old Crescent RFC	teamname	Old Crescent
Paignton Rugby Football Club	teamname	Paignton
Tasman Rugby Union	teamname	Tasman Makos
Dolphin RFC	teamname	Dolphin
Wanderers F.C.	teamname	Wanderers FC
Old Wesley R.F.C.	teamname	Old Wesley
Blackrock College RFC	teamname	Blackrock College RFC
Lansdowne Football Club	teamname	Lansdowne FC
Highfield R.F.C.	teamname	Highfield
Desterro Rugby Clube	teamname	Desterro
Bective Rangers	teamname	Bective Rangers
Old Belvedere	teamname	Old Belvedere
Clontarf FC	teamname	Clontarf Rugby Club
Eastern Province Kings	teamname	Eastern Province Kings
Free State Cheetahs	teamname	Free State Cheetahs
Douglas R.U.F.C.	teamname	Douglas Rugby Club
Castletown R.U.F.C.	teamname	Castletown Rugby Club
Northern Suburbs Rugby Club	teamname	Northern Suburbs Rugby Football Club
Gordon RFC	teamname	Gordon Rugby Football Club
Manly RUFC	teamname	Manly RUFC
Parramatta Two Blues	teamname	Parramatta Two Blues
Penrith Emus Rugby	teamname	Penrith Emus
Southern Districts Rugby Club	teamname	Southern Districts Rugby Club
Warringah Rugby Club	teamname	Warringah
Club Champagnat	teamname	Champagnat
Waunarlwydd RFC	teamname	Waunarlwydd RFC
Ardrossan Academicals RFC	teamname	Ardrossan Academicals
Paisley Hurricanes	teamname	Paisley Hurricanes ARLFC
Loughborough RFC	teamname	Loughborough
SO Voiron	teamname	SO Voiron
Provence Rugby	teamname	Provence
US Dax	teamname	Dax
US Colomiers	teamname	Colomiers
Welshpool RFC	teamname	Welshpool RFC
Māori All Blacks	teamname	Māori All Blacks
Hindú Club	teamname	Hindú
Winnington Park	teamname	Northwich Rule Park Drool
Harpenden RFC	teamname	Harpenden
Perthshire RFC	teamname	Perthshire RFC
Auckland Rugby Union	teamname	Auckland
Havant RFC	teamname	Havant RFC
Hawke's Bay Rugby Union	teamname	Hawke's Bay Rugby Union
SC Albi	teamname	Albi
Border Bulldogs	teamname	Border Bulldogs
Griquas	teamname	Griquas
Western Province	teamname	DHL Western Province
Leopards	teamname	Leopards
Sharks	teamname	Sharks
Boland Cavaliers	teamname	Boland Cavaliers
Griffons	teamname	Griffons
Pumas	teamname	Pumas
Falcons	teamname	Falcons
SWD Eagles	teamname	SWD Eagles
Otago Rugby Football Union	teamname	ORFU
Athy RFC	teamname	Athy
Dunvant RFC	teamname	Dunvant RFC
Pontardawe RFC	teamname	Pontardawe RFC
Loughor RFC	teamname	Loughor RFC
Gorseinon RFC	teamname	Gorseinon RFC
Bonymaen RFC	teamname	Bonymaen RFC
Mumbles RFC	teamname	Mumbles RFC
North Brisbane Rugby Club	teamname	North Brisbane
World XV	teamname	World XV
Washington Rugby Football Club	teamname	Washington RFC
Birmingham & Solihull R.F.C.	teamname	Birmingham & Solihull Bees
Cambridge R.U.F.C.	teamname	Cambridge
Sedgley Park R.U.F.C.	teamname	Sedgley Tigers
Doncaster Knights	teamname	Doncaster Knights
Otley R.U.F.C.	teamname	Otley
Forest Rugby Club	teamname	Forest Rugby Club
Burnaby Lake Rugby Club	teamname	Burnaby Lake Rugby
Bay of Plenty Rugby Union	teamname	Bay of Plenty
Wellington Rugby Football Union	teamname	Wellington
Boston RFC	teamname	Boston RFC
Charlotte Rugby Club	teamname	Charlotte RFC
Chicago Lions	teamname	Chicago Lions
Old Blue R.F.C.	teamname	Old Blue RFC
Philadelphia Whitemarsh RFC	teamname	Philadelphia Whitemarsh RFC
New York Athletic Club RFC	teamname	New York Athletic Club RFC
Potomac Athletic Club RFC	teamname	Potomac Athletic Club Rugby Team
Queanbeyan Whites	teamname	Queanbeyan RUFC
Belmont Shore RFC	teamname	Belmont Shore
Gungahlin Eagles	teamname	Gungahlin Eagles RUFC
Tuggeranong Vikings	teamname	Tuggeranong Vikings RUFC
US Montauban	teamname	US Montauban
Seven Sisters RFC	teamname	Seven Sisters RFC
Kansas City Blues	teamname	Kansas City Blues
Denver Barbarians RFC	teamname	Denver Barbarians
Dallas Harlequins R.F.C.	teamname	Dallas Harlequins
Stourbridge R.F.C.	teamname	Stourbridge
Seattle Saracens	teamname	Seattle Saracens RFC
San Francisco Golden Gate RFC	teamname	SFGG Rugby
Old Mission Beach Athletic Club RFC	teamname	Old Mission Beach Athletic Club RFC
UL Bohemians R.F.C.	teamname	Bohemian
Handsworth Rugby Union Football Club	teamname	Handsworth
Old Blues RFC	teamname	Old Blues
IBM Big Blue	teamname	IBM Big Blue日本IBMビッグブルー
Manawatu Rugby Union	teamname	Manawatu Rugby Union
Manawatu Rugby Union	teamname	Manawatu Turbos
Manawatu Rugby Union	teamname	Manawatu Cyclones
Taranaki Rugby Football Union	teamname	Taranaki
Banbridge RFC	teamname	Banbridge RFC
Gentlemen of Aspen RFC	teamname	Aspen RFC
Australia A national rugby union team	teamname	Australia A
Columbia Olde Grey	teamname	Columbia Olde Grey
Ards RFC	teamname	Ards RFC
USA Hawks	teamname	USA Hawks
USA Falcons	teamname	USA Falcons
Bradford Bulls Academy	teamname	Bradford Bulls Academy
Bridgend Ravens	teamname	Bridgend Ravens RFC
Glamorgan Wanderers RFC	teamname	Glamorgan Wanderers RFC
Carmarthen Quins RFC	teamname	Carmarthen Quins RFC
Penarth RFC	teamname	Penarth RFC
Canada East	teamname	Canada East
Canada West	teamname	Canada West
Wanganui Rugby Football Union	teamname	Wanganui Rugby Football Union
King Country Rugby Football Union	teamname	King Country Rugby Football Union
Ballymena R.F.C.	teamname	Ballymena RFC
Streatham-Croydon RFC	teamname	Streatham
Kenya national rugby sevens team	teamname	Kenya
Clonakilty RFC	teamname	Clonakilty
Newfoundland Rock	teamname	Newfoundland Rock
Midleton RFC	teamname	Midleton
Nenagh Ormond	teamname	Nenagh Ormond RFC
Racing 92	teamname	Racing 92
East Coast Rugby Football Union	teamname	East Coast Rugby Football Union
Eno River Rugby	teamname	Eno River Rugby
Edinburgh Northern RFC	teamname	Edinburgh Northern
Swilers RFC	teamname	Swilers RFC
Santa Monica Rugby Club	teamname	Santa Monica Rugby Club
Glasgow Hutchesons Aloysians RFC	teamname	GHA
Paisley RFC	teamname	Paisley Rugby Club
Darlington Mowden Park R.F.C.	teamname	Darlington Mowden Park
Central Vikings Rugby Union	teamname	Central Vikings Rugby Union
Swansea Uplands RFC	teamname	Swansea Uplands RFC
Georgetown University Rugby Football Club	teamname	Georgetown Hoyas
UA Gaillac	teamname	Gaillac
Atlantique Stade Rochelais	teamname	Stade Rochelais
USA Limoges	teamname	USA Limoges
Oyonnax Rugby	teamname	Oyonnax
Union Bordeaux Bègles	teamname	Union Bordeaux Bègles
Lyon OU	teamname	Lyon OU
Stade Montois	teamname	Mont-de-Marsan
Tarbes Pyrénées Rugby	teamname	Tarbes
Wests Rugby	teamname	Wests Rugby
Brothers Old Boys	teamname	Brothers Old Boys
Bond University Rugby Club	teamname	Bond University Rugby Club
Sunshine Coast Stingrays	teamname	Sunshine Coast Stingrays
GPS Rugby	teamname	GPS Rugby Club
Souths Rugby	teamname	Souths Rugby
University of Queensland Rugby Club	teamname	University
Easts Tigers Rugby Union	teamname	Easts Tigers
Stade Bagnérais	teamname	Stade Bagnérais
England Saxons	teamname	England Saxons
Rugby Club Luxembourg	teamname	Rugby Club Luxembourg
Rugby Club Walferdange	teamname	Rugby Club Walferdange
Barloworld	teamname	Barloworld
Androni Giocattoli–Sidermec	teamname	Androni Giocattoli–Sidermec
Team Giant–Alpecin	teamname	Team Giant–Alpecin
Ceramica Flaminia	teamname	Ceramica Flaminia
Helston RFC	teamname	Helston RFC
Nova Scotia Keltics	teamname	Nova Scotia Keltics
Barking Rugby Football Club	teamname	Barking
Army Rugby Union	teamname	Army Rugby Union
Dublin University Football Club	teamname	Dublin University FC
Eastern Suburbs RUFC	teamname	Eastern Suburbs RUFC
Toronto Rebellion	teamname	Toronto Xtreme/Rebellion
Ottawa Harlequins	teamname	Ottawa Harlequins
Illawarriors	teamname	Illawarriors
Central Coast Waves	teamname	Central Coast Waves
Oxford University RFC	teamname	Oxford University RFC
Brussels Barbarians	teamname	Brussels Barbarians
Goulburn Rugby Union	teamname	Goulburn Rugby Union
Lydney Rugby Football Club	teamname	Lydney
Hartford Wanderers RFC	teamname	Hartford Wanderers RFC
Redruth R.F.C.	teamname	Redruth RFC
București Wolves	teamname	București Wolves
Sheffield Tigers RUFC	teamname	Sheffield Tigers
Bay Area Baracus RFC	teamname	BA Baracus RFC
Unione Rugby Capitolina	teamname	Unione Rugby Capitolina
Dalziel RFC	teamname	Dalziel RFC
Boston Rugby Club	teamname	Boston RFC
Hull Ionians	teamname	Hull Ionians RUFC
Roses Rugby Football Club	teamname	Roses Rugby Football Club
City of Derry R.F.C.	teamname	City of Derry
Petersfield R.F.C.	teamname	Petersfield
Canberra Royals	teamname	Canberra Royals RUFC
Old Albanian RFC	teamname	Old Albanians
Rugby Lions	teamname	Rugby Lions RFC
Henley Hawks	teamname	Henley Hawks
Windsor Lancers Rugby	teamname	Windsor Lancers
Union Sportive Tyrosse Rugby Côte Sud	teamname	US Tyrosse
Darlington RFC	teamname	Darlington RFC
West Bridgford RFC	teamname	West Bridgford
Marseille Provence XV	teamname	Marseille Provence XV
Stade Aurillacois Cantal Auvergne	teamname	Aurillac
Amatori Rugby Milano	teamname	Amatori Milano
Fiamme Oro Rugby	teamname	G.S. Fiamme Oro Rugby
Melbourne Rugby Union Football Club	teamname	Melbourne RUFC
Rainey Old Boys R.F.C.	teamname	Rainey Old Boys
Suttonians RFC	teamname	Suttonians Rugby Football Club
Fairfield Yankees RFC	teamname	Fairfield Yankees RFC
Manchester Rugby Club	teamname	Manchester
Guildford Rugby Club	teamname	Guildford RFC
Chorley RUFC	teamname	Chorley
United Rugby Club	teamname	United Rugby
Cambridge Colts	teamname	Cambridge RUFC Colts
Sheffield RUFC	teamname	Sheffield
DSV 78 Hannover	teamname	DSV 78 Hannover
Bruff R.F.C.	teamname	Bruff RFC
Stockport R.U.F.C	teamname	Stockport Rugby club
Calgary Mavericks	teamname	Calgary Mavericks
Edmonton Gold	teamname	Edmonton Gold
Saskatchewan Prairie Fire	teamname	Prairie Fire
Coolmine RFC	teamname	Coolmine Rugby Football Club
Manitoba Buffalo	teamname	Manitoba Buffalo
New Brunswick Timber	teamname	Black Spruce Rugby
Fraser Valley Venom	teamname	Fraser Valley Venom
Brynithel RFC	teamname	Brynithel RFC
Beaconsfield Rugby Club	teamname	Beaconsfield Rugby Club
Tynedale R.F.C.	teamname	Tynedale R.F.C.
Letterkenny RFC	teamname	Letterkenny RFC
Kyuden Voltex	teamname	Kyuden Voltexキューデンヴォルテクス
Mounts Bay RFC	teamname	Mounts Bay
CCC–Sprandi–Polkowice	teamname	CCC–Sprandi–Polkowice
Edinburgh Wanderers	teamname	Edinburgh Wanderers
Brisbane City	teamname	Brisbane City
Queensland Country	teamname	Queensland Country
Queensland Country Heelers	teamname	Queensland Country Heelers
Uni-Norths Owls	teamname	Uni-Norths
Wests Lions	teamname	Wests Lions
Waverley Rugby Club	teamname	Waverley Rugby Club
Club Universitario de Buenos Aires	teamname	Universitario
Sydney Stars	teamname	Sydney Stars
Ballincollig RFC	teamname	Ballincollig RFC
Barbarian Rugby Club	teamname	French Barbarians
Galwegians RFC	teamname	Galwegians RFC
Buccaneers RFC	teamname	Buccaneers RFC
Dungannon RFC	teamname	Dungannon RFC
MU Barnhall RFC	teamname	MU Barnhall RFC
St Mary's College RFC	teamname	St Mary's College
Newbridge RFC	teamname	Newbridge RFC
Ebbw Vale RFC	teamname	Ebbw Vale RFC
Llandovery RFC	teamname	Llandovery RFC
Letchworth Garden City rugby football club	teamname	Letchworth Garden City
Sydney Rays	teamname	Sydney Rays
Madras College FP RFC	teamname	Madras College FP
King's College London Rugby Football Club	teamname	King's College London Rugby Football Club
Western Sydney Rams	teamname	Western Sydney Rams
Chinnor R.F.C.	teamname	Chinnor
Cahors Rugby	teamname	Cahors Rugby
US Carcassonne	teamname	US Carcassonne
Valence Sportif	teamname	Valence Sportif
Perth Spirit	teamname	Perth Spirit
Westmount Rugby Club	teamname	Westmount
CR El Salvador	teamname	SilverStorm El Salvador
Bera Bera RT	teamname	AVK Bera Bera
UE Santboiana	teamname	Santboiana
Valladolid RAC	teamname	VRAC Quesos Entrepinares
CRC Madrid	teamname	CRC Pozuelo
Ordizia RE	teamname	AMPO Ordizia
CR Liceo Francés	teamname	Liceo Francés
CR Cisneros	teamname	Complutense Cisneros
Getxo Artea RT	teamname	Getxo Artea
Melbourne Rebels	teamname	Rebels
Wasps Stabia Rugby	teamname	Wasps Stabia Rugby
Chuckanut Bay RFC	teamname	Chuckanut Bay RFC
Old Northamptonians RFC	teamname	Old Northamptonians
CA Périgueux	teamname	CA Périgueux
RC Nîmes	teamname	RC Nîmes
US Tours Rugby	teamname	US Tours
Football Club Sportif Rumilly	teamname	FCS Rumilly
Fiji Warriors	teamname	Fiji Warriors
Mosman Rugby Club	teamname	Mosman Rugby Club
Esher RFC	teamname	Esher RFC
Chester RUFC	teamname	Chester RUFC
University of Northern Colorado Rugby Football Club	teamname	UNC RFC
Monmouth Rugby Club	teamname	Monmouth Rugby Club
Forrester RFC	teamname	Forrester
Lane Cove Rugby	teamname	Lane Cove Rugby Club
Glasgow University RFC	teamname	Glasgow University
Glasgow University RFC	teamname	Rugby Football Club
Welwyn RFC	teamname	Welwyn
Malone RFC	teamname	Malone
Shawlands FP RFC	teamname	Shawlands RFC
West Hartlepool R.F.C.	teamname	West Hartlepool
Middlebury College Rugby Club	teamname	Middlebury College Panthers
RK Nada Split	teamname	Rugby klub Nada
Exeter University RFC	teamname	Exeter University RFC
Kadıköy Rugby	teamname	Kadıköy Rugby
İstanbul Ottomans	teamname	İstanbul Ottomans
Ireland Wolfhounds	teamname	Ireland Wolfhounds
Bettws RFC	teamname	Bettws RFC
Pill Harriers RFC	teamname	Pill Harriers RFC
Newport HSOB RFC	teamname	Newport HSOB RFC
Newport Saracens RFC	teamname	Newport Saracens RFC
Harvard rugby	teamname	Harvard University RFC
Launceston RUFC	teamname	Cornish All Blacks
Canberra Vikings	teamname	Canberra Vikings
Dings Crusaders Rugby Football Club	teamname	Dings Crusaders
Pittsburgh Harlequins	teamname	Pittsburgh Harlequins RFC
Ballynahinch RFC	teamname	Ballynahinch RFC
Hartlepool Rovers	teamname	Hartlepool Rovers
Notre Dame Rugby Football Club	teamname	Notre Dame Rugby
Ferndale RFC	teamname	Ferndale RFC
Centro Desportivo Universitário do Porto	teamname	CDUP
Centro Desportivo Universitário de Lisboa	teamname	CDUL
Taipei Baboons	teamname	Taipei Baboons
Tampa Bay Krewe	teamname	Tampa Bay Area Krewe
Pasadena Rugby Football Club	teamname	Pasadena RFC
Chicago Griffins RFC	teamname	Chicago Griffins
Camborne RFC	teamname	Camborne RFC
Loch Lomond RFC	teamname	Loch Lomond Rugby Club
Llanharan RFC	teamname	Llanharan RFC
Blackwood RFC	teamname	Blackwood RFC
Treherbert RFC	teamname	Treherbert RFC
Fleur De Lys RFC	teamname	Fleur De Lys RFC
Llantwit Fardre RFC	teamname	Llantwit Fardre RFC
Beddau RFC	teamname	Beddau RFC
Harlequin Ladies Football Club	teamname	Harlequin Ladies
Olympique Marcquois Rugby	teamname	OM Rugby
Merthyr RFC	teamname	Merthyr RFC
Cwmllynfell RFC	teamname	Cwmllynfell RFC
Abergavenny RFC	teamname	Abergavenny RFC
Bargoed RFC	teamname	Bargoed RFC
Brecon RFC	teamname	Brecon RFC
Whitland RFC	teamname	Whitland RFC
Bridgend Athletic RFC	teamname	Bridgend Athletic RFC
Banwen RFC	teamname	Banwen RFC
Llanishen RFC	teamname	Llanishen RFC
Llantrisant RFC	teamname	Llantrisant RFC
Abercynon RFC	teamname	Abercynon RFC
Rhydyfelin RFC	teamname	Rhydyfelin RFC
Ystrad Rhondda RFC	teamname	Ystrad Rhondda RFC
Pencoed RFC	teamname	Pencoed RFC
Builth Wells RFC	teamname	Builth Wells RFC
Penclawdd RFC	teamname	Penclawdd RFC
Cardiff Metropolitan University RFC	teamname	Cardiff Metropolitan RFC
Tumble RFC	teamname	Tumble RFC
Llanelli Wanderers RFC	teamname	Llanelli Wanderers RFC
Croesyceiliog RFC	teamname	Croesyceiliog RFC
Llangefni RFC	teamname	Llangefni RFC
Cwmbran RFC	teamname	Cwmbran RFC
Haverfordwest RFC	teamname	Haverfordwest RFC
CR Atlético Portuense	teamname	Atlético Portuense
Llanidloes RFC	teamname	Llanidloes RFC
Llandeilo RFC	teamname	Llandeilo RFC
Resolven RFC	teamname	Resolven RFC
Penallta RFC	teamname	Penallta RFC
Nelson RFC	teamname	Nelson RFC
Teignmouth R.F.C.	teamname	Teignmouth RFC
Laugharne RFC	teamname	Laugharne RFC
Nant Conwy RFC	teamname	Nant Conwy
Blaina RFC	teamname	Blaina RFC
Garndiffaith RFC	teamname	Garndiffaith RFC
Ynysybwl RFC	teamname	Ynysybwl RFC
Senghenydd RFC	teamname	Senghenydd RFC
Irvine RFC	teamname	Irvine
South African Barbarians	teamname	South African Barbarians
Cardiff Quins RFC	teamname	Cardiff Quins RFC
Wigan R.U.F.C.	teamname	Wigan
Ealing Trailfinders Rugby Club	teamname	Ealing Trailfinders
Club Newman	teamname	Newman
Blagnac SCR	teamname	Blagnac SRC
University College Dublin R.F.C.	teamname	UCD Rugby Club
Llandaff RFC	teamname	Llandaff RFC
Rhymney RFC	teamname	Rhymney RFC
Bangor RFC	teamname	Bangor RFC
Caernarfon RFC	teamname	Caernarfon
New Tredegar RFC	teamname	New Tredegar RFC
Pontllanfraith RFC	teamname	Pontllanfraith RFC
Tredegar RFC	teamname	Tredegar RFC
Rumney RFC	teamname	Rumney RFC
St. Joseph's RFC	teamname	St Joseph's RFC
Chepstow RFC	teamname	Chepstow RFC
Penygraig RFC	teamname	Penygraig RFC
Aberavon Quins RFC	teamname	Aberavon Quins RFC
Brynmawr RFC	teamname	Brynmawr RFC
Tondu RFC	teamname	Tondu RFC
Treorchy RFC	teamname	Treorchy RFC
Gilfach Goch RFC	teamname	Gilfach Goch RFC
Brisbane Irish Rugby Football Club	teamname	Brisbane Irish RFC
Taffs Well RFC	teamname	Taffs Well RFC
Skewen RFC	teamname	Skewen RFC
Rowdies Rugby Football Club	teamname	Rowdies Rugby Football Club
Tylorstown RFC	teamname	Tylorstown RFC
Bedlinog RFC	teamname	Bedlinog RFC
Newcastle Emlyn RFC	teamname	Newcastle Emlyn RFC
Cardiff Lions	teamname	Cardiff Lions Rugby Football Club  Clwb Rygbi Llewod Caerdydd
Tonna RFC	teamname	Tonna RFC
Cross Keys RFC	teamname	Cross Keys RFC
Old Penarthians RFC	teamname	Old Penarthians RFC
Llantwit Major RFC	teamname	Llantwit Major RFC
Old Illtydians RFC	teamname	Old Illtydians RFC
Lasswade RFC	teamname	Lasswade RFC
Maesteg Harlequins RFC	teamname	Maesteg Harlequins RFC
Tredegar Ironsides RFC	teamname	Tredegar Ironsides RFC
Aberdare RFC	teamname	Aberdare RFC
Rhigos RFC	teamname	Rhigos RFC
Llandaff North RFC	teamname	Llandaff North RFC
Pentyrch RFC	teamname	Pentyrch RFC
Bianchi cycling team	teamname	Bianchi
Lampeter Town RFC	teamname	Lampeter Town
Aberystwyth RFC	teamname	Aberystwyth RFC
University of St Andrews RFC	teamname	University of St Andrews RFC
Rugby Club I Cavalieri Prato	teamname	I Cavalieri Prato
Scotland A national rugby union team	teamname	Scotland A
Blaydon RFC	teamname	Blaydon
Rugby Roma Olimpic	teamname	Rugby Roma Olimpic
RK Geležinis Vilkas	teamname	Geležinis Vilkas
Wales A national rugby union team	teamname	Wales A
France A national rugby union team	teamname	France A
France amateur national rugby union team	teamname	France Amateurs
South Africa amateur national rugby union team	teamname	South Africa Amateurs
Springfield Celts Rugby Club	teamname	Springfield Celts Rugby Football Club
Kings Cross Steelers	teamname	Kings Cross Steelers RFC
Newcastle Ravens	teamname	Newcastle Ravens
Carmarthen Athletic RFC	teamname	Carmarthen Athletic RFC
Corpus Christi Rugby Football Club	teamname	Corpus Christi Crabs
Immortals RLFC	teamname	IMMORTALS RLFC
Immortals RLFC	teamname	IMMORTALS RLFC Reserves
Kings Norton RFC	teamname	Kings Norton
BMC Racing Team	teamname	BMC Racing Team
Wimbledon RFC	teamname	Wimbledon RFC
Cwmtwrch RFC	teamname	Cwmtwrch RFC
West Potomac Rugby Football Club	teamname	West Potomac RFC
Grupo Desportivo Direito	teamname	Direito
LA Rugby Club	teamname	Los Angeles Rugby Club
Nomads R.F.C.	teamname	Nomads RFC
Thorney RUFC	teamname	Thorney
The Saints Rugby School	teamname	The Saints Rugby School Zug
Glynneath RFC	teamname	Glynneath RFC
Club San Luis	teamname	San Luis
Contentpolis–Ampo	teamname	Contentpolis-Ampo
Newport	teamname	Newport RUFC
RC AIA Kutaisi	teamname	Rugby Club AIA Kutaisi
Morrinsville Sports	teamname	Morrinsville Sports
Club de Rugby San Roque	teamname	San Roque RC
Navan R.F.C.	teamname	Navan RFC
Portland Rugby Football Club	teamname	Portland Rugby Football Club
Earlston RFC	teamname	Earlston
Beobank–Corendon	teamname	BKCP–Powerplus
Australian Schoolboys rugby union team	teamname	Australian Schoolboys
Charleston Outlaws RFC	teamname	Charleston Rugby Football Club
Nakuru RFC	teamname	Nakuru
Leicester Lions RFC	teamname	Leicester Lions
Ramsey R.U.F.C.	teamname	Ramsey Rugby Club
Cinderford R.F.C.	teamname	Cinderford
Old Christians RFC	teamname	Old Christians RFC
North Walsham R.F.C.	teamname	North Walsham
Ireland national schoolboy rugby union team	teamname	Ireland Schoolboys
Hitchin Rugby Club	teamname	Hitchin
Las Vegas Blackjacks RFC	teamname	Las Vegas RFC
Leith RFC	teamname	Leith Rugby Club
Berliner RC	teamname	Berliner RC
BYU men's rugby	teamname	BYU Rugby
Scranton Norseman Rugby	teamname	Scranton Norsemen RFC
Pontypool United RFC	teamname	Pontypool United RFC
Talywain RFC	teamname	Talywain RFC
Risca RFC	teamname	Risca RFC
Caldicot RFC	teamname	Caldicot RFC
Abercarn RFC	teamname	Abercarn RFC
Machen RFC	teamname	Machen RFC
Usk RFC	teamname	Usk RFC
Blaenavon RFC	teamname	Blaenavon RFC
An Post–Chain Reaction	teamname	An Post–Chain Reaction
Chester Gladiators	teamname	Chester Gladiators
Grupo Dramático e Sportivo Cascais	teamname	GDS Cascais
Oakdale RFC	teamname	Oakdale RFC
Mold RFC	teamname	Mold RFC
Ruthin RFC	teamname	Clwb Rygbi Rhuthun - Ruthin RFC
Colwyn Bay RFC	teamname	Colwyn Bay RFC
St. Peters RFC	teamname	St Peters RFC
Kidwelly RFC	teamname	Kidwelly RFC
Ammanford RFC	teamname	Ammanford RFC
Baglan RFC	teamname	Baglan RFC
Bridgend Sports RFC	teamname	Bridgend Sports RFC
Briton Ferry RFC	teamname	Briton Ferry RFC
Wednesbury Rugby Club	teamname	Wednesbury
University College Cork R.F.C.	teamname	University College Cork RFC
Valley Fort RFC	teamname	Valley Fort RFC
Tonmawr RFC	teamname	Tonmawr RFC
Caledonia Reds	teamname	Caledonia Reds
Pontyclun RFC	teamname	Pontyclun RFC
Narberth RFC	teamname	Narberth RFC
Felinfoel RFC	teamname	Felinfoel RFC
Pontarddulais RFC	teamname	Pontarddulais RFC
RC 't Gooi	teamname	Rugby Club 't Gooi
Pontyberem RFC	teamname	Pontyberem RFC
Ystalyfera RFC	teamname	Ystalyfera RFC
Cwmgors RFC	teamname	Cwmgors RFC
Luton Rugby Club	teamname	Luton Rugby Club
Tenby United RFC	teamname	Tenby United RFC
Cardigan RFC	teamname	Cardigan RFC
Cwmgwrach RFC	teamname	Cwmgwrach RFC
Trimsaran RFC	teamname	Trimsaran United RFC
Riverside Rugby Club	teamname	Riverside Rugby RFC
Carluke Tigers	teamname	Carluke Tigers
Cilfynydd RFC	teamname	Cilfynydd RFC
Llandudno RFC	teamname	Llandudno RFC
VVA Saracens	teamname	VVA Saracens
C.F. Os Belenenses	teamname	Belenenses
Crumlin RFC	teamname	Crumlin RFC
Taibach RFC	teamname	Taibach RFC
Ynysddu RFC	teamname	Ynysddu RFC
Vitória F.C.	teamname	Vitória Setubal
Irish Universities Rugby Union	teamname	Combined Universities of Ireland
Betws RFC	teamname	Betws RFC
Trebanos RFC	teamname	Trebanos RFC
Aberavon Green Stars RFC	teamname	Aberavon Green Stars RFC
Cefneithin RFC	teamname	Cefneithin RFC
Llanhilleth RFC	teamname	Llanhilleth RFC
Pontycymmer RFC	teamname	Pontycymmer RFC
Trinant RFC	teamname	Trinant RFC
Gwernyfed RFC	teamname	Gwernyfed RFC
Crymych RFC	teamname	Crymych RFC
Hendy RFC	teamname	Hendy RFC
Neyland RFC	teamname	Neyland RFC
Rhiwbina RFC	teamname	Rhiwbina RFC
Newtown RFC	teamname	Newtown RFC
Dowlais RFC	teamname	Dowlais RFC
Crynant RFC	teamname	Crynant RFC
Union Sportive Bressane	teamname	US Bressane
South Wales Police RFC	teamname	South Wales Police RFC
Morriston RFC	teamname	Morriston RFC
North Derbyshire Chargers	teamname	North Derbyshire Chargers
Llangennech RFC	teamname	Llangennech RFC
New Brighton F.C.	teamname	New Brighton Football Club
Caldy Rugby Football Club	teamname	Caldy Rugby Club
Sefton RUFC	teamname	Sefton RUFC
Old Swinford Hospital RFC	teamname	Old Swinford Hospital RFUC
Deri RFC	teamname	Deri RFC
Bryncoch RFC	teamname	Bryncoch RFC
Newry R.F.C.	teamname	Newry R.F.C.
Porthcawl RFC	teamname	Porthcawl RFC
Monmouth RFC	teamname	Monmouth RFC
Pwllheli RFC	teamname	Pwllheli RFC
Birchgrove RFC	teamname	Birchgrove RFC
Gowerton RFC	teamname	Gowerton RFC
Porth Harlequins RFC	teamname	Porth Harlequins RFC
Uttoxeter Rugby Club	teamname	Uttoxeter
Charles River Rats	teamname	Charles River RFC
Chesterfield Panthers Rugby Union Football Club	teamname	Chesterfield Panthers
Canucks rugby	teamname	Canucks Rugby Club
Melbourne Rugby Football Club	teamname	Melbourne
Rolls-Royce Rugby Football Club	teamname	Rolls Royce
Ystradgynlais RFC	teamname	Ystradgynlais RFC
Alcobendas Rugby	teamname	Alcobendas Rugby
Ciencias Sevilla CR	teamname	Ciencias Fundación Cajasol
Rugby Clube de Oeiras	teamname	Rugby Clube de Oeiras
Olney RFC	teamname	Olney
Clube de Rugby de Arcos de Valdevez	teamname	CRAV
Cobham RFC	teamname	Cobham RFC
Galway Corinthians RFC	teamname	Galway Corinthians RFC
RC Orléans	teamname	Orléans
Cowbridge RFC	teamname	Cowbridge RFC
Wrexham RFC	teamname	Wrexham RFC
Birstall RFC	teamname	Birstall
Vale of Lune RUFC	teamname	Vale Of Lune
Tamworth Rugby Union Football Club	teamname	Tamworth
Falmouth RFC	teamname	Falmouth
West Park St Helens	teamname	West Park RFC
Bethesda RFC	teamname	Bethesda RFC
Nantyglo RFC	teamname	Nantyglo RFC
Silhillians Rugby Union Football Club	teamname	Silhillians RUFC
CS Dinamo București	teamname	CS Dinamo Bucureşti
Lichfield Rugby Union Football Club	teamname	Lichfield
Indianapolis Impalas	teamname	Indianapolis Impalas
Tibco–Silicon Valley Bank	teamname	Tibco–Silicon Valley Bank
Shipston-on-Stour Rugby Football Club	teamname	Shipston-on-Stour
Greystones RFC	teamname	Greystones RFC
Army Rugby Football Club	teamname	Army Black Knights
Westoe RFC	teamname	Westoe
Llandybie RFC	teamname	Llandybie RFC
Queen's University RFC	teamname	Queen's University RFC
Strathaven RFC	teamname	Strathaven RFC
Harvard Business School RFC	teamname	Harvard Business School RFC
Fairfield University Men's Rugby Football Club	teamname	Fairfield University RFC
North of Ireland F.C.	teamname	North of Ireland FC
Kettering Rugby Football Club	teamname	Kettering RFC
Glyncorrwg RFC	teamname	Glyncorrwg RFC
Pyle RFC	teamname	Pyle RFC
Hora Hora RFC	teamname	Hora Hora
Kenfig Hill RFC	teamname	Kenfig Hill RFC
S.L. Benfica	teamname	Benfica
Yokogawa Musashino Atlastars	teamname	Yokogawa Musashino Atlastars
Highland RFC	teamname	Highland RFC
Fairfield University men's volleyball club	teamname	Fairfield University Men's Club Volleyball
De La Salle Palmerston	teamname	De La Salle Palmerston
Thomond RFC	teamname	Thomond RFC
Naas RFC	teamname	Naas RFC
Connemara RFC	teamname	Connemara RFC
Amman United RFC	teamname	Amman United RFC
Sandbach RUFC	teamname	Sandbach RUFC
Monkstown Football Club	teamname	Monkstown FC
Club Atlético del Rosario	teamname	Atlético del Rosario
RGC 1404	teamname	RGC 1404
Aberdeen University RFC	teamname	Aberdeen University
Aberdeen University RFC	teamname	Rugby Football Club
New Orleans Rugby Football Club	teamname	NORFC
Biggleswade Rugby Club	teamname	Biggleswade Rugby Club
Skerries RFC	teamname	Skerries RFC
Cill Dara RFC	teamname	Cill Dara RFC
Newbridge RFC	teamname	Newbridge
Rathdrum RFC	teamname	Rathdrum
Rhyl and District RFC	teamname	Rhyl and District RFC
Burry Port RFC	teamname	Burry Port RFC
Enniscorthy RFC	teamname	Enniscorthy RFC
Garda RFC	teamname	Garda RFC
Portlaoise RFC	teamname	Portlaoise
Bayside Sharks	teamname	Bayside Sharks
Seapoint RFC	teamname	Seapoint RFC
Tullamore RFC	teamname	Tullamore
Tullow RFC	teamname	Tullow
Wicklow RFC	teamname	Wicklow
Northern Football Club	teamname	Northern Football Club
Greenock Wanderers RFC	teamname	Greenock Wanderers
Arklow RFC	teamname	Arklow
Ashbourne RFC	teamname	Ashbourne
Clane RFC	teamname	Clane RFC
Clondalkin RFC	teamname	Clondalkin
Edenderry RFC	teamname	Edenderry
Gorey RFC	teamname	Gorey
Kilkenny RFC	teamname	Kilkenny
Longford RFC	teamname	Longford
Mullingar RFC	teamname	Mullingar
Roscrea RFC	teamname	Roscrea
Portarlington RFC	teamname	Portarlington
Balbriggan RFC	teamname	Balbriggan
Birr RFC	teamname	Birr
CYM RFC	teamname	CYM RFC
Malahide RFC	teamname	Malahide
Vancouver Wave	teamname	Vancouver Wave
Vancouver Island Rising Tide	teamname	Vancouver Island Rising Tide
Railway Union RFC	teamname	Railway Union
North Kildare RFC	teamname	North Kildare
Swords RFC	teamname	Swords
Wexford Wanderers RFC	teamname	Wexford Wanderers
Athboy RFC	teamname	Athboy
Ardee RFC	teamname	Ardee
North Meath RFC	teamname	North Meath
Stillorgan RFC	teamname	Stillorgan
Emerald Warriors RFC	teamname	Emerald Warriors Rugby Football Club
Parkmore RFC	teamname	Parkmore
Old Wheatleyans RFC	teamname	Old Wheatleyans
08 Ricklingen	teamname	DSV 78/08 Ricklingen
Millmount House RFC	teamname	Millmount House
Dublin City University RFC	teamname	Dublin City University
Aylestone Athletic Rugby Union Football Club	teamname	Aylestone Athletic RFC
Portadown RFC	teamname	Portadown
Wadebridge Camels	teamname	Wadebridge Camels
St. Davids RFC	teamname	St. Davids RFC
Cwmavon RFC	teamname	Cwmavon RFC
Tata Steel RFC	teamname	Corus Saints RFC
Maesteg Celtic RFC	teamname	Maesteg Celtic RFC
Heol y Cyw RFC	teamname	Heol y Cyw RFC
SC 1880 Frankfurt	teamname	SC 1880 Frankfurt
Rosslyn Park F.C.	teamname	Rosslyn Park
Meraloma Rugby	teamname	Meraloma Club
RG Heidelberg	teamname	RG Heidelberg
DRC Hannover	teamname	DRC Hannover
SC Neuenheim	teamname	SC Neuenheim
Fishguard and Goodwick RFC	teamname	Fishguard and Goodwick RFC
Team Katusha	teamname	Team Katusha
Gala Wanderers RFC	teamname	Gala
RTS–Santic Racing Team	teamname	RTS-Santic Racing Team
Heidelberger RK	teamname	Heidelberger RK - Rugby
TSV Handschuhsheim	teamname	TSV Handschuhsheim
RK Heusenstamm	teamname	RK Heusenstamm
RK 03 Berlin	teamname	RK 03 Berlin
SV 08 Ricklingen	teamname	SV 08 Ricklingen
TSV Victoria Linden	teamname	TSV Victoria Linden
München RFC	teamname	München RFC
Juvenia Kraków	teamname	RzKS Juvenia Kraków
Sale Sharks	teamname	Sale Sharks
Islamabad Rugby Football Club	teamname	Islamabad RFC
RC Olymp	teamname	RC Olymp
Pinner and Grammarians RFC	teamname	Pinner and Grammarians RFC
Petersham RUFC	teamname	Petersham
Medicals RFC	teamname	Medicals RFC
CSA Steaua București	teamname	RC Steaua București
Ulster Titans	teamname	Ulster Titans Rugby Football Club
Brighton Football Club	teamname	Brighton
Heriot's Cricket Club	teamname	Heriot's Cricket Club
Garnock RFC	teamname	Garnock
Ottoman Sevens	teamname	7.0
Gipsies Football Club	teamname	Gipsies Football Club
Marlborough Nomads	teamname	Marlborough Nomads
Chess Valley Rugby Football Club	teamname	Chess Valley RFC
Broadstreet Rugby Club	teamname	Broadstreet RFC
Royal Free, University College and Middlesex Medical Students RFC	teamname	Royal Free, University College and Middlesex Medical Students RFC
Glasgow Academicals RFC	teamname	Glasgow Academicals
West Kent Football Club	teamname	West Kent
Teqüe Rugby Club	teamname	Teqüe
Ravenscourt Park Football Club	teamname	Ravenscourt Park
King's College Hospital RFC	teamname	King's College Hospital
United Hospitals RFC	teamname	United Hospitals RFC
Queen's House Football Club	teamname	Queen's House
Llwynypia RFC	teamname	Llwynypia RFC
Flamingoes F.C.	teamname	Flamingoes
Belsize Park FC	teamname	Belsize Park
London Cornish RFC	teamname	London Cornish
St. George's Hospital Medical School RFC	teamname	St. George's Hospital
St. George's Hospital Medical School RFC	teamname	Medical School
Bolton R.U.F.C	teamname	Bolton R.U.F.C
Imperial Medicals Rugby Club	teamname	Imperial Medicals Rugby Club
Barts and the London RFC	teamname	St Barts and The Royal London RFC
Invercargill Rugby Club	teamname	Blues
Marist Rugby Club	teamname	Marist
Midlands Rugby Club	teamname	Midlands RFC
Excelsior Rugby Club	teamname	Excelsior RFC
Star Rugby Club	teamname	Star RFC
Rugby Reggio	teamname	Rugby Reggio
Woodlands Rugby Club	teamname	Woodlands RFC
Westcombe Park RFC	teamname	Westcombe Park
Sri Lanka national rugby sevens team	teamname	Sri Lanka Sevens
Abbotsford RFC	teamname	Abbotsford RFC
Uddingston RFC	teamname	Uddingston RFC
Birkenhead Park FC	teamname	Birkenhead Park Football Club
Tunbridge Wells RFC	teamname	Tunbridge Wells RFC
Belgrano Athletic Club	teamname	Belgrano Athletic
Flint Rogues Rugby Club	teamname	Flint Rogues Rugby Football Club
Cantina Tollo	teamname	Cantina Tollo
Nantyffyllon RFC	teamname	Nantyffyllon RFC
Bala RFC	teamname	Bala RFC
James Bay Athletic Association	teamname	James Bay AA
Cardiff Harlequins RFC	teamname	Cardiff Harlequins RFC
Eastern Suburbs Rugby Union Football Club Inc.	teamname	Eastern Suburbs Rugby Union Football Club Inc.
CA Lannemezan	teamname	Lannemezan
Diablo Gaels RFC	teamname	Diablo Gaels RFC
Auckland rugby union team	teamname	Auckland
Castaway Wanderers RFC	teamname	Castaway Wanderers
Southern Kings	teamname	Southern Kings
Velox Valhallians	teamname	Velox Valhallians
Capilano RFC	teamname	Capilano RFC
Abercrave RFC	teamname	Abercrave RFC
Taroona Rugby Club	teamname	Taroona Rugby Club
Glenorchy Rugby Union Football Club	teamname	Glenorchy Rugby Union Football Club
Hobart Lions Rugby Club	teamname	Hobart Lions Rugby Club
Hobart Harlequins Rugby Union Club	teamname	Hobart Harlequins Rugby Club
University of Tasmania Rugby Union Club	teamname	University of Tasmania Rugby Union Club
Burnie Rugby Union Club	teamname	Burnie Rugby Union Club
Launceston Rugby Union Football Club	teamname	Launceston Rugby Union Football Club
Devonport Rugby Club	teamname	Devonport Rugby Club
Gosforth Rugby Football Club	teamname	Gosforth
Rugby Club Stade Phocéen	teamname	Marseille Vitrolles
New Haven Old Black RFC	teamname	New Haven Old Black RFC
Praga Rugby	teamname	Praga Rugby
Kinsale RFC	teamname	Kinsale RFC
RC Tatra Smíchov	teamname	Tatra Smíchov
Marlow Rugby Union Football Club	teamname	Marlow Rugby Club
Hackney RFC	teamname	Hackney RFC
North Dorset Rugby Football Club	teamname	North Dorset RFC
RC Sparta Prague	teamname	Rugby Club Sparta Prague
Bryncethin RFC	teamname	Bryncethin RFC
Lausanne Football Club	teamname	Lausanne
Law FC	teamname	The Law Club
Mohicans Football Club	teamname	Mohicans
Addison Football Club	teamname	Addison
Lobo Bravo Rugby	teamname	Lobo Bravo Rugby
Ottawa Wolves RFC	teamname	Ottawa Wolves RFC
Maccabi R.F.C.	teamname	Maccabi R.F.C.
Montevideo Cricket Club	teamname	Montevideo Cricket Club
Cardiff Saracens RFC	teamname	Cardiff Saracens RFC
Northolt Rugby Football Club	teamname	Northolt RFC
Rest of the World XV	teamname	Rest of the World XV
Overseas Unions rugby union team	teamname	Overseas Unions
President's Overseas XV	teamname	President's Overseas XV
The Rock	teamname	The Rock
Beecroft Rugby Club	teamname	Beecroft Rugby Club
Prairie Wolf Pack	teamname	Prairie Wolf Pack
Hutt Old Boys-Marist	teamname	Hutt Old Boys-Marist
Glamorgan County RFC	teamname	Glamorgan County RFC
Hawick Linden RFC	teamname	Hawick Linden RFC
Bannockburn RFC	teamname	Bannockburn RFC
Rugby Club d'Arras	teamname	Rugby Club d'Arras
Princeton Rugby	teamname	Princeton University RFC
RC Bystrc	teamname	RC Bystrc
Mwamba RFC	teamname	Mwamba RFC
Sundays Well RFC	teamname	Sundays Well RFC
Savannah Shamrocks RFC	teamname	Savannah Shamrocks Rugby Club
Aironi	teamname	Aironi
Budowlani Łódź	teamname	Klub Sportowy Budowlani Łódź
St. Louis Ramblers	teamname	Ramblers Rugby Football Club
Carmiooro NGC	teamname	Carmiooro NGC
Chippenham RFC	teamname	Chippenham RFC
Howe of Fife RFC	teamname	Howe of Fife RFC
RC Dragon Brno	teamname	RC Dragon Brno
Chippenham Cheetahs	teamname	Chippenham Cheetahs
BC Bears	teamname	BC Bears
Ontario Blues	teamname	Ontario Blues
Moffat RFC	teamname	Moffat RFC
RC Slavia Prague	teamname	Rugby Club Slavia Prague
RC Havířov	teamname	RC Havířov
RC Říčany	teamname	RC Říčany
RK Petrovice	teamname	RK Petrovice
RC Vyškov	teamname	RC Vyškov
RC Zlín	teamname	RC Zlín
RC Přelouč	teamname	RC Přelouč
RC Slovan Bratislava	teamname	RC Slovan Bratislava
TJ Sokol Mariánské Hory	teamname	TJ Sokol Mariánské Hory
ARC Iuridica	teamname	ARC Iuridica Prague
RC Olomouc	teamname	RC Olomouc
RC Písek	teamname	RC Písek
RC Valencia	teamname	Tecnidex Valencia
Westport Rugby Football Club	teamname	Westport RFC
Melbourne Rising	teamname	Melbourne Rising
Harlequin Amateurs	teamname	Harlequin Amateurs
Washington Irish R.F.C.	teamname	Washington Irish RFC
Curitiba Rugby Clube	teamname	Curitiba
Gibraltar Barbarians Rugby Club	teamname	Gibraltar Barbarians Rugby Union Football Club
Old Brodleians	teamname	Old Brodleians
Glasgow High Kelvinside	teamname	Glasgow High Kelvinside
USC Trojans men's rugby	teamname	USC Trojan Men's Rugby
Burgess Hill Rugby Football Club	teamname	Burgess Hill Rugby Football Club
Loughborough Students RUFC	teamname	Loughborough Students
Hillhead RFC	teamname	Hillhead RFC
Jordanhill RFC	teamname	Jordanhill RFC
Aspatria RUFC	teamname	Aspatria
St. Andrew's Rovers FC	teamname	St. Andrew's Rovers FC
CR La Vila	teamname	La Vila
Falkirk RFC	teamname	Falkirk Rugby Football Club
Limassol Crusaders	teamname	Limassol Crusaders
Nondescripts RFC	teamname	Nondescripts
Killarney RFC	teamname	Killarney RFC
Gernika RT	teamname	Bizkaia Gernika
Worthing Rugby Football Club	teamname	Worthing
Impala Saracens	teamname	Impala
Bournemouth Rugby Club	teamname	Bournemouth
The Skilball Trophy	teamname	Rest of Europe XV
The Skilball Trophy	teamname	Four Home Unions XV
Trinity Academicals RFC	teamname	Trinity Accies RFC
Harris Academicals RFC	teamname	Harris Academy FPRFC
Marr RFC	teamname	Marr
Glenrothes RFC	teamname	Glenrothes
Hull RUFC	teamname	Hull
Kenya Harlequin F.C.	teamname	Kenya Harlequin F.C.
NS Wanderers RC	teamname	NS Wanderers RC
ASA Tel Aviv Rugby Club	teamname	ASA Tel Aviv Rugby Club
Calgary Canadian Irish Athletic Club	teamname	Calgary Canadian Irish Athletic Club
FC Schwalbe Hannover	teamname	FC Schwalbe Hannover
Battai Bulldogok RK	teamname	Battai Bulldogok
SC Germania List	teamname	SC Germania List
ASV Köln Rugby	teamname	ASV Köln Rugby
Esztergomi Vitézek Rugby SE	teamname	Esztergomi Vitézek
Kecskeméti Atlétika és Rugby Club	teamname	Kecskeméti Atlétika és Rugby Club
RC Spartan Oradea	teamname	Spartan Oradea
SV Odin Hannover	teamname	SV Odin Hannover
Pécsi Indiánok SK	teamname	Pécsi Indiánok
Fit World Gorillák RC	teamname	Fit World Gorillák Szeged
StuSta München	teamname	SV Studentenstadt Freimann
Elefántok Rögbi SE	teamname	Elefántok
Budapest Exiles RFC	teamname	Budapest Exiles
Rugby Lyons Piacenza	teamname	Lyons
Heidelberger TV	teamname	Heidelberger TV
Stuttgarter RC	teamname	Stuttgarter RC
Medvék RK	teamname	Medvék
USV Potsdam Rugby	teamname	USV Potsdam Rugby
Hamburger RC	teamname	Hamburger RC
RU Hohen Neuendorf	teamname	RU Hohen Neuendorf
FT Adler Kiel Rugby	teamname	FT Adler Kiel Rugby
SZTE EHÖK SE	teamname	SZTE EHÖK
Gödöllői Ördögök RC	teamname	Gödöllői Ördögök
Szentesi VSC 91-esek Rögbi Szakosztály	teamname	Szentes
RC Mainz	teamname	Rugby Club Mainz
Karlsruher SV Rugby	teamname	Karlsruher SV Rugby
FC St. Pauli Rugby	teamname	FC St. Pauli Rugby
Stahl Hennigsdorf Rugby	teamname	Stahl Hennigsdorf Rugby
London Irish Amateur	teamname	London Irish Amateur
Stahl Brandenburg Rugby	teamname	Stahl Brandenburg Rugby
Berliner SV 92 Rugby	teamname	Berliner SV 92 Rugby
RC Leipzig	teamname	RC Leipzig
FV 1897 Linden	teamname	FV 1897 Linden
Eintracht Frankfurt Rugby	teamname	Eintracht Frankfurt Rugby
Champion System	teamname	Champion System
Hamburger SV Rugby	teamname	Hamburger SV Rugby
VfR Döhren	teamname	VfR Döhren
Olympus Rugby XV Madrid	teamname	Olympus Rugby XV Madrid
Bora–Argon 18	teamname	Bora–Argon 18
Homeboyz RFC	teamname	Homeboyz R.F.C
Kenya Commercial Bank RFC	teamname	KCB Rugby Club
Waikiwi Rugby Club	teamname	Waikiwi Rugby Club
Mean Machine RFC	teamname	Mean Machine
Barry RFC	teamname	Barry RFC
Buenos Aires Cricket & Rugby Club	teamname	Buenos Aires
Rugby Club Partizan	teamname	Rugby Club Partizan
Winscombe R.F.C.	teamname	Winscombe RFC
Olivos Rugby Club	teamname	Olivos
Club San Albano	teamname	San Albano
Club San Andrés	teamname	San Andrés
Yenisey-STM Krasnoyarsk	teamname	Yenisey-STM
Krasny Yar Krasnoyarsk	teamname	Krasny Yar
Slava Moscow	teamname	Slava Moscow
Spartak GM Moscow	teamname	Spartak Moscow
COBRA Rugby Club of Malaysia	teamname	COBRA RUGBY CLUB
Fili Moscow	teamname	Fili Moscow
Club Manuel Belgrano	teamname	Manuel Belgrano
Club Pucará	teamname	Pucará
Club de Regatas Bella Vista	teamname	Regatas
La Plata Rugby Club	teamname	La Plata
CEC Liceo Militar	teamname	Liceo Militar
Club Atlético Ferrocarril General San Martín	teamname	San Martín
Club Pueyrredón	teamname	Pueyrredón
CA Saint-Étienne Loire Sud Rugby	teamname	CA Saint-Étienne
RC Chalon	teamname	RC Chalon
Scorpions RFC	teamname	Scorpions
Duendes Rugby Club	teamname	Duendes Rugby Club
Estudiantes de Paraná	teamname	Estudiantes
Club Universitario de Rosario	teamname	Universitario
Santa Fe Rugby Club	teamname	Santa Fe
Imperia-Dynamo Penza	teamname	Imperia-Dynamo Penza
Club San Cirano	teamname	San Cirano
Anti-Assassins	teamname	Anti-Assassins
Club La Tablada	teamname	La Tablada
Tucumán Rugby Club	teamname	Tucumán
Universitario Rugby Club de Tucumán	teamname	Universitario de Tucumán
Los Tarcos Rugby Club	teamname	Los Tarcos
Tala Rugby Club	teamname	Tala Rugby Club
Crewe & Nantwich Steamers	teamname	Crewe & Nantwich Steamers
Dorchester Rugby Football Club	teamname	Dorchester RFC
Club Natación y Gimnasia	teamname	Natación y Gimnasia
Cardenales Rugby Club	teamname	Cardenales
Brothers Rugby Club Sydney	teamname	Brothers Rugby Club
Old Christians Club	teamname	Old Christians Club
Old Boys & Old Girls Club	teamname	Old Boys
Club de Rugby Ateneo Inmaculada	teamname	Ateneo Inmaculada
Club Atlético Provincial	teamname	Provincial
Yardley & District RFC	teamname	Yardley & District
Club Tilcara	teamname	Tilcara
Orven	teamname	Orven
Trident	teamname	Trident RFC
RC Arka Gdynia	teamname	Arka Gdynia
Glamorgan Police RFC	teamname	Glamorgan Police RFC
Chesham Cricket Club	teamname	Chesham
RC Posnania	teamname	Posnania
Amore & Vita–Selle SMP	teamname	Amore & Vita
Kandy Sports Club	teamname	Kandy S.C
Ceylonese Rugby & Football Club	teamname	Ceylonese Rugby & Football Club
Tucumán Lawn Tennis Club	teamname	Tucumán Lawn Tennis
Huirapuca Social Club	teamname	Huirapuca
2010–11 Munster Rugby season	teamname	2010
Córdoba Athletic Club	teamname	Córdoba A.C.
Club Universitario de Córdoba	teamname	Universitario
Club de Rugby Los Tilos	teamname	Los Tilos
Marista Rugby Club	teamname	Marista
Caja Rural–Seguros RGA	teamname	Caja Rural–Seguros RGA
Brooklyn Rugby	teamname	Brooklyn Rugby
Giordana Racing Team	teamname	Velosure Giordana Procycling Team
Timișoara Saracens	teamname	Timișoara Saracens RCM UVT
Strathendrick RFC	teamname	Strathendrick Rugby Football Club
Team Raleigh–GAC	teamname	Team Raleigh
Team IG–Sigma Sport	teamname	Team IG–Sigma Sport
Farul Constanța	teamname	RCJ Farul Constanţa
Taunton R.F.C.	teamname	Taunton
CSM Baia Mare	teamname	Știința Baia Mare
Békéscsabai Benny Bulls RC	teamname	Békéscsabai Benny Bulls
Gyöngyösi Farkasok RK	teamname	Gyöngyösi Farkasok
Velencei Kék Cápák RK	teamname	Velencei Kék Cápák
Fehérvár RC	teamname	Fehérvár
Utah Warriors	teamname	Utah Warriors RUFC
Jacksonville Rugby Football Club	teamname	Jacksonville RFC
South Shore Anchors	teamname	South Shore Anchors
United Services Portsmouth Rugby Football Club	teamname	United Services RFC
Monmouthshire County RFC	teamname	Monmouthshire County RFC
Royal Navy Rugby Union	teamname	Royal Navy Rugby Union
Guatemala Quetzal Rugby Club	teamname	Guatemala Quetzal Rugby Club
Nantymoel RFC	teamname	Nantymoel RFC
Hornsby Rugby Union Club	teamname	Hornsby Rugby Club
CAU Rugby Valencia	teamname	CAU Valencia
Maidstone FC	teamname	Maidstone RFC
NTT Shining Arcs	teamname	NTT Shining ArcsNTTｺﾐｭﾆｹｰｼｮﾝｽｼｬｲﾆﾝｸﾞｱｰｸｽ
Terengganu Cycling Team	teamname	Terengganu Cycling Team
Portland Rugby Football Club	teamname	Portland
Mogliano Rugby	teamname	Mogliano Rugby
Redcar Rugby Union Football Club	teamname	Redcar Rugby Club
IF Attila	teamname	IF Attila
ASC Saint Apollinaire-Talant RC	teamname	ASC Saint Apollinaire - Talant RC
Ross Sutherland RFC	teamname	Ross Sutherland RFC
Völgy Lovagjai Rögbi SE	teamname	Völgy Lovagjai
Nyon Rugby Club	teamname	Nyon Rugby Club
Traverse Bay Blues Rugby Football Club	teamname	Traverse Bay Blues Rugby Football Club
Norfolk Blues	teamname	Norfolk City Blues RFC
RC Narbonne	teamname	Racing Club de Narbonne Méditerannée
Exeter Chiefs	teamname	Exeter Chiefs
Counties Manukau Rugby Football Union	teamname	Counties Manukau Rugby Union
Cambridge University R.U.F.C.	teamname	Cambridge University R.U.F.C.
Plymouth Albion R.F.C.	teamname	Plymouth Albion
Rugby Club Stade Viennois	teamname	Stade Rugby Club Wien
Northeastern University Rugby Club	teamname	Northeastern Rugby Club
Vienna Celtic RFC	teamname	Vienna Celtic Rugby Football Club
RC Donau	teamname	Rugby Union Donau Wien
1. Oberösterreichischer Rugby Sport Club	teamname	1
RC Innsbruck	teamname	RC Innsbruck
North Wales rugby	teamname	North Wales
Hove Rugby Football Club	teamname	Hove RFC
CSU Aurel Vlaicu Arad	teamname	CSU Arad
Croydon RFC	teamname	Croydon RFC
Wombats RC	teamname	Wombats RC
Pretoria Harlequins	teamname	Pretoria Harlequins
Melbourne Harlequins	teamname	Melbourne Harlequin Rugby Club
Hamilton Harlequins	teamname	Hamilton Harlequins
Rugby São Carlos	teamname	Rugby São Carlos
Jersey Reds	teamname	Jersey Reds
RC Graz	teamname	RC Graz
Lennox Football Club	teamname	Lennox Football Club
Corsários Rugby Clube	teamname	Corsários Rugby Clube
Fort McMurray Knights RFC	teamname	Fort McMurray Knights Rugby Football Club
RC Novokuznetsk	teamname	RC Novokuznetsk
Broughton RUFC	teamname	Broughton Rugby Club
Broughton Park RUFC	teamname	Broughton Park
Amoskeag Rugby Club	teamname	Amoskeag RFC
RC Krems	teamname	RC Krems
USRC Tigers RFC	teamname	USRC Tigers RFC
USRC Tigers RFC	teamname	三軍會猛虎欖球會
Ikey Tigers	teamname	Ikey Tigers
Billingham Rugby Union Football Club	teamname	Billingham Rugby Union Football Club
Black Thunder Rugby Football Club	teamname	Black Thunder RC
RK Sisak	teamname	RK Sisak
Independiente RC	teamname	Bathco Rugby
Nottingham Moderns R.F.C	teamname	Nottingham Moderns R.F.C
Ceglédi RC	teamname	Ceglédi RC
Aughrim Rugby	teamname	Aughrim Rugby
Vigo RC	teamname	Blusens Networks Universidade
Rugby Club Rad	teamname	Rugby club Rad
Shamrock Warriors RFC	teamname	Shamrock Warriors RFC
Cleve RFC	teamname	Cleve RFC
Camelford RFC	teamname	Camelford RFC
South Africa national under-20 rugby union team	teamname	South Africa Under-20
Newlyn RFC	teamname	Newlyn RFC
Penzance RFC	teamname	Penzance RFC
Belfast Harlequins Ladies Rugby	teamname	Harlequins Ladies
Veor	teamname	Veor RFC
Centauros Rugby Clube	teamname	Centauros
2011–12 Cornish Pirates RFC season	teamname	2011
Sri Lanka Navy Sports Club	teamname	Sri Lanka Navy Sports Club
Colombo Hockey and Football Club	teamname	Colombo Hockey and Football Club
Sri Lanka Air Force Sports Club	teamname	Sri Lanka Air Force Sports Club
Sri Lanka Army Sports Club	teamname	Sri Lanka Army Sports Club
Sri Lanka Police Sports Club	teamname	Sri Lanka Police Sports Club
Havelock Sports Club	teamname	Havelock Sports Club
Haywards Heath RFC	teamname	Haywards Heath
RC Kredo-63	teamname	RC Kredo-63
Oakthorpe Invitational	teamname	Oakthorpe Invitational
Riwal Platform Cycling Team	teamname	Riwal Platform Cycling Team
RC Aviator	teamname	RC Aviator
Rugby Livorno 1931	teamname	Rugby Livorno
Hungary national rugby league team	teamname	Magyar Bulls
North Manchester Rugby Club	teamname	North Manchester Rugby Club
Ora Hotels–Carrera	teamname	Ora Hotels–Carrera
Bristol Bisons RFC	teamname	Bristol Bisons Rugby Football Club
SC Sokil	teamname	SC Sokil
RC Obolon-University	teamname	RC Obolon-University
RC Argo	teamname	RC Argo
RC Rivne	teamname	RC Rivne
Old Gold Rugby	teamname	Old Gold Rugby Football Club
Old Merchant Taylors' FC	teamname	Old Merchant Taylors'
TV Pforzheim	teamname	TV Pforzheim
Peterhead RFC	teamname	Peterhead
Peterhead RFC	teamname	Rugby Football Club
Royal Belgrade Rugby Club	teamname	Royal Belgrade Rugby Club
Kenya Polytechnic Handball Club	teamname	Technical University Handball
Club Atlético Porteño	teamname	Porteño
Gyulai Várvédők RK	teamname	Gyulai Várvédők RK
Cult Energy Pro Cycling	teamname	Cult Energy Pro Cycling
Pampas XV	teamname	Pampas XV
Otley Cricket Club	teamname	Otley CC
Market Bosworth RFC	teamname	Market Bosworth RFC
Rugby Club Red Star	teamname	Rugby Club Red Star
RC Roland	teamname	RC Roland
RC Dinamo-Center	teamname	RC Dinamo-Center
RC Batyari	teamname	RC Batyari
RC Polytechnic	teamname	RC Polytechnic
Augusta Rugby Football Club	teamname	Augusta Mad Dogs
RC Antares	teamname	RC Antares
RC Epokha-Polytechnic	teamname	RC Epokha-Polytechnic
RC Evko-More	teamname	RC Evko-More
RC TEX-A-C	teamname	RC TEX-A-C
RC Dnepr	teamname	RC Dnepr
RC Hirnyk	teamname	RC Girnik
Lahore Rugby Football Club	teamname	Lahore RFC
Old Ignatians' Rugby Football Club	teamname	Old Ignatians'
Knox Rugby Club	teamname	Knox Rugby Club
Civil Service Rugby Club	teamname	Civil Service NI RFC
LUMS Rugby Football Club	teamname	LUMS Rugby
Los Matreros Rugby Club	teamname	Los Matreros
Club y Biblioteca Mariano Moreno	teamname	Mariano Moreno
Tigre Rugby Club	teamname	Tigre
Asociación Deportiva Francesa	teamname	Deportiva Francesa
Chelmsford R.F.C.	teamname	Chelmsford R.F.C
Club Argentino de Rugby	teamname	Argentino
Richmond Rugby Football Club	teamname	RRFC
Unione Rugby Sannio	teamname	Rugby Sannio
Châtenoy RC	teamname	Châtenoy RC
Epping Rugby & Netball Club	teamname	Epping Rams
San Gregorio Catania Rugby	teamname	San Gregorio Catania Rugby
S.S. Lazio Rugby 1927	teamname	Lazio Rugby 1927
Karachi Rugby Football Club	teamname	Karachi RFC
RC Tashkent Lions	teamname	RC Tashkent Lions
Public School Wanderers	teamname	Public School Wanderers
RC Qanot	teamname	RC Qanot
RC Yangiyer	teamname	RC Yangiyer
RC National University of Uzbekistan	teamname	RC National University of Uzbekistan
Monte Grande Rugby Club	teamname	Monte Grande
Sherborne RFC	teamname	Sherborne RFC
Colombia	teamname	Colombia
R.S.C. Anderlecht Rugby	teamname	R.S.C. Anderlecht rugby section
Círculo Universitario de Quilmes	teamname	CUQ
Hurling Club	teamname	Hurling
Gimnasia y Esgrima de Ituzaingó	teamname	Gimnasia y Esgrima
Asociación de Ex-Alumnos del Colegio de La Salle	teamname	La Salle
Club Universitario de La Plata	teamname	Universitario
Curupaytí	teamname	Curupaytí
Delta Rugby Club	teamname	Delta
Club San Patricio	teamname	San Patricio
Hartpury College R.F.C.	teamname	Hartpury College
Ateneo Cultural y Deportivo Don Bosco	teamname	Don Bosco
Delhi Hurricanes RFC	teamname	Delhi Hurricanes
Southport Rugby Football Club	teamname	Southport RFC
Team Kuota–Lotto	teamname	Team Quantec-Indeland
Swansea University RFC	teamname	SURFC
St. Brendan's Rugby Club	teamname	St. Brendan's
AC Sparta Praha	teamname	AC Sparta Praha
Club Atlético San Antonio de Padua	teamname	CASA de Padua
Frederiksberg RK	teamname	Frederiksberg RK
Aarhus RK	teamname	Aarhus RK
CSR-Nanok	teamname	CSR-Nanok
Hundested RK	teamname	Hundested RK
Odder RK	teamname	Odder RK
Horden Rugby Club	teamname	Horden & Peterlee Rugby Club
Luján Rugby Club	teamname	Luján
Hamlet RK	teamname	Hamlet RK
Club Los Cedros	teamname	Los Cedros
Skive RC	teamname	Skive RC
Club Banco Hipotecario	teamname	Banco Hipotecario
Randers RC	teamname	Randers RC
Roskilde Vikings RK	teamname	Roskilde Vikings RK
RK Tacklers	teamname	RK Tacklers
Holstebro RK	teamname	Holstebro RK
Aalborg RK	teamname	Aalborg RK
Glendale Raptors	teamname	Glendale Raptors
Erritsø GIF Rugby	teamname	Erritsø GIF Rugby
Lanús Rugby Club	teamname	Lanús
Waid Academy FPRFC	teamname	Waid Academy FPRFC
RC Herning	teamname	RC Herning
Grenå RK	teamname	Grenå RK
Punjab Warriors	teamname	Punjab Warriors
Delhi Sher RFC	teamname	Delhi Shers
Sønderborg Barbarians RK	teamname	Sønderborg Barbarians RK
Haderslev RC	teamname	Haderslev RC
Esbjerg RK	teamname	Esbjerg RK
Limpopo Blue Bulls	teamname	Limpopo Blue Bulls
RC Odense	teamname	RC Odense
Lindø RSC	teamname	Lindø RSC
Copenhagen Wolves RFC	teamname	Copenhagen Wolves RFC
RK Speed	teamname	RK Speed
RFC Haarlem	teamname	RFC Haarlem
Exiles RUFC	teamname	Exiles RUFC
Renegades RFC	teamname	Renegades RFC
Teachers RFC	teamname	Teachers RFC
Mariners RFC	teamname	Mariners RFC
Bermuda Police RFC	teamname	Bermuda Police RFC
RC Varna	teamname	RC Varna
RC Yantra Gabrovo	teamname	RC Yantra Gabrovo
Caerleon R.F.C.	teamname	Caerleon R.F.C.
Staines Rugby Football Club	teamname	Staines Rugby Football Club
Club DAOM	teamname	DAOM
2009–10 Cornish Pirates season	teamname	2009
2012–13 Cornish Pirates RFC season	teamname	2012
Zebre	teamname	Zebre
Club Palermo Bajo	teamname	Palermo Bajo
NTT Docomo Red Hurricanes	teamname	NTT Docomo Red Hurricanes
NTT Docomo Red Hurricanes	teamname	NTTドコモレッドハリケーンズ
Canon Eagles	teamname	Canon Eagles
Canon Eagles	teamname	キヤノンイーグルス
Mazda Blue Zoomers	teamname	Mazda Blue Zoomers
Kurita Water RFC	teamname	Kurita Water RFC
Montreal Wanderers RFC	teamname	Montreal Wanderers
Helsinki RC	teamname	Helsinki Rugby Club
Jyväskylä RC	teamname	Jyväskylä RC
Tampere RC	teamname	Tampere RC
Ajax Wanderers R.U.F.C.	teamname	Ajax Wanderers R.U.F.C.
Eagles RFC	teamname	Eagles RFC
2010–11 Cornish Pirates season	teamname	2010
Orica–AIS	teamname	Orica–AIS
2011–12 Edinburgh Rugby season	teamname	Edinburgh 2011 / 2012
2012–13 Edinburgh Rugby season	teamname	Edinburgh 2012 / 2013
Strathmore University RFC	teamname	Strathmore Leos
Torku Şekerspor	teamname	Torku Şekerspor
Chicago riot rugby football club	teamname	Chicago Riot Rugby
Les Gaillards	teamname	Les Gaillards
Warriors RC	teamname	Warriors RC
OYUS Rugby	teamname	OYUS Rugby
Vaasa RC	teamname	Vaasa RC
Blue Water Cycling	teamname	Blue Water Cycling AKA BWC
Kuopio RC	teamname	Kuopio RC
Linna RC	teamname	Linna RC
Pori Rugby	teamname	Pori Rugby
Rauma Ice Pack	teamname	Rauma Ice Pack
RC Aachen	teamname	RC Aachen
Karjalan Rugby Joensuu	teamname	Karjalan Rugby Joensuu
UBC Old Boys Ravens	teamname	UBCOB Ravens
Griffins RFC	teamname	Griffins RFC
Porvoo RC	teamname	Old Town Shamrocks Porvoo RC
Athens RFC	teamname	Athens RFC
Thessaloniki Lions RFC	teamname	Thessaloniki Lions RFC
Rodos Colossi RFC	teamname	Rodos Colossi RFC
AEIS Agronomia	teamname	Agronomia
C. R. Técnico	teamname	Técnico
Polis Egaleo Rugby	teamname	Polis Egaleo Rugby
Ponsonby RFC	teamname	Ponsonby District Rugby Football Club
Iraklis Rugby	teamname	Iraklis Rugby Club
Attica Springboks RFC	teamname	Attica Springboks RFC
California Golden Bears rugby	teamname	California Golden Bears Rugby
Macclesfield R.U.F.C.	teamname	Macclesfield
Harrogate RUFC	teamname	Harrogate
Bradford & Bingley RFC	teamname	Bradford & Bingley RFC
Belsize Park RFC	teamname	Belsize Park RFC
Atlanta Renegades	teamname	Renegades RFC
Dudley Kingswinford	teamname	Dudley Kingswinford
Luctonians	teamname	Luctonians
Bromsgrove RFC	teamname	Bromsgrove
Southend RFC	teamname	Southend RFC
Canterbury RFC	teamname	Canterbury RFC
Shelford Rugby Club	teamname	Shelford Rugby Club
Sandal RUFC	teamname	Sandal
Burnage Rugby	teamname	Burnage
Cleckheaton RUFC	teamname	Cleckheaton
Percy Park RFC	teamname	Percy Park
Kendal Rugby Union Football Club	teamname	Kendal
Beverley RUFC	teamname	Beverley
Wisconsin Rugby Club	teamname	Wisconsin Rugby Club
Middlesbrough RUFC	teamname	Middlesbrough
Lymm RFC	teamname	Lymm
Rossendale RUFC	teamname	Rossendale
Penrith RUFC	teamname	Penrith
Rochdale RUFC	teamname	Rochdale RUFC
Altrincham Kersal	teamname	Altrincham Kersal
Pocklington RUFC	teamname	Pocklington
Scunthorpe Rugby Club	teamname	Scunthorpe
Mansfield Rugby Club	teamname	Mansfield
Hammarby IF Rugby	teamname	Hammarby IF Rugby
Stockholm Exiles	teamname	Stockholm Exiles RFC
Enköpings RK	teamname	Enköpings RK
Peterborough RUFC	teamname	Peterborough
Bedford Athletic	teamname	Bedford Athletic
Derby RFC	teamname	Derby
Longton Rugby Club	teamname	Longton
Tring Rugby	teamname	Tring RUFC
Hernani CRE	teamname	Hernani
Syston RFC	teamname	Syston RFC
South Leicester RFC	teamname	South Leicester RFC
Bournville RFC	teamname	Bournville
Sutton Coldfield RFC	teamname	Sutton Coldfield
Hinckley RFC	teamname	Hinckley
Ampthill RUFC	teamname	Ampthill
Kenilworth RFC	teamname	Kenilworth
Burton RFC	teamname	Burton
Hereford Rugby Club	teamname	Hereford
HRC Gripen	teamname	HRC Gripen
Malmö RC	teamname	Malmö RC
ASUB Waterloo	teamname	ASUB Waterloo
Coq Mosan	teamname	Coq Mosan
Boitsfort Rugby Club	teamname	Boitsfort RC
BUC St Josse	teamname	BUC Saint-Josse
Dendermondse Rugby Club	teamname	Dendermondse RC
RC Soignies	teamname	RC Soignies
Royal Kituro Rugby Club	teamname	Kituro RC
RC Frameries	teamname	RC Frameries
Novocastrians Rugby Football Club	teamname	Novocastrians RFC
Rugby Ottignies Club	teamname	Rugby Ottignies Club
Lindenwood Lions men's rugby	teamname	Lindenwood Lions men's rugby
CS Rugby 1863	teamname	CS Rugby
Bishop's Stortford RFC	teamname	Bishop's Stortford
RC Spartak Trnava	teamname	RC Spartak Trnava
Thurrock Rugby Football Club	teamname	Thurrock
Hertford Rugby Football Club	teamname	Hertford
Ravens Košice RC	teamname	Ravens Košice RC
Bracknell RFC	teamname	Bracknell
Coney Hill RFC	teamname	Coney Hill
RC Massy	teamname	Massy
Old Redcliffians	teamname	Old Redcliffians
Bridgwater & Albion	teamname	Bridgwater & Albion RFC
Weston-super-Mare RFC	teamname	Weston-super-Mare
Old Colfeians	teamname	Old Colfeians
Diss Rugby Club	teamname	Diss
Westcliff RFC	teamname	Westcliff
Tonbridge Juddians Rugby Football Club	teamname	Tonbridge Juddians
Old Elthamians	teamname	Old Elthamians
Guernsey RFC	teamname	Guernsey
Avonmouth Old Boys	teamname	Avonmouth Old Boys RFC
Brixham Rugby Club	teamname	Brixham
Stompers RFC	teamname	Stompers RFC
Exmouth RFC	teamname	Exmouth
Newton Abbot RFC	teamname	Newton Abbot
Villager Football Club	teamname	Villager Football Club
Overseas RUFC	teamname	Overseas RUFC
Valletta Lions RFC	teamname	Valletta Lions RFC
Paris Université Club	teamname	P.U.C.
Kavallieri RFC	teamname	Kavallieri RFC
Étoile sportive catalane	teamname	Étoile sportive catalane
Stade Dijonnais Côte D'Or	teamname	Stade Dijonnais
Amatori Alghero	teamname	Amatori Alghero
Abu Dhabi Harlequins	teamname	Abu Dhabi Harlequins
VPC Andorra XV	teamname	VPC Andorra XV
Oviedo RC	teamname	Real Oviedo Rugby
Hong Kong Scottish	teamname	Hong Kong Scottish RFC
Kowloon RFC	teamname	Kowloon RFC
Ballynahinch Rabbitohs	teamname	Ballynahinch Rabbitohs
Sporting Club Graulhetois	teamname	SC Grahlet
Rugby Club Châteaurenard	teamname	RC Châteaurenard
Saint-Paul Sports Rugby	teamname	Saint-Paul
Avenir Valencien	teamname	Avenir Valencien
Rugby Club Cannes Mandelieu	teamname	RC Cannes
Club Olympique Creusot Bourgogne	teamname	Le Creusot
Stade Montchaninois	teamname	Stade  Monchanin
SC Mazamet	teamname	SC Mazamet
Union Sportive Romanaise et Péageoise	teamname	US Romans
Ripon Rugby Union Football Club	teamname	Ripon R.U.F.C
Western Vikings R.U.F.C.	teamname	Western Vikings Rugby Club
Birkirkara Alligators RFC	teamname	Birkirkara Alligators RFC
Stavanger RK	teamname	Stavanger Rugbyklubb
Bergen Rugbyklubb	teamname	Bergen RK
Oslo RK	teamname	Oslo RK
Blindern Rugbyklubb	teamname	Blindern Rugbyklubb
South Shields RFC	teamname	South Shields RFC
Synergy Baku Cycling Project	teamname	Synergy Baku Cycling Project
Caldas Rugby Clube	teamname	Caldas
Rugby Clube Montemor	teamname	Montemor
Rugby Clube de Loulé	teamname	Loulé
RC Lousã	teamname	Lousã
Rugby Clube de Santarém	teamname	Santarém
Clube de Rugby de Évora	teamname	Évora
Dartmouth Rugby	teamname	Dartmouth Rugby
Yale Rugby	teamname	Yale University RFC
Team Liv–Plantur	teamname	Team Liv–Plantur
Team UK Youth	teamname	Team UK Youth
Boels–Dolmans	teamname	Boels-Dolmans
Bepink	teamname	Bepink
Braga Rugby	teamname	Braga
CS Universitatea Cluj-Napoca	teamname	U Prodvinalco Cluj
Guimarães RUFC	teamname	Guimarães RUFC
Alé–Cipollini–Galassia	teamname	Alé–Cipollini–Galassia
South Africa President's XV	teamname	South Africa President's XV
Clube Rugby Famalicão	teamname	Clube Rugby Famalicão
Merewether Carlton Rugby Club	teamname	Merewether Carlton Rugby Club
Lousada Rugby Clube	teamname	Lousada Rugby Clube
Flintshire Falcons	teamname	Flintshire Falcons
Bury St Edmunds RUFC	teamname	Bury St Edmunds
AA UTAD Rugby	teamname	UTAD
East Grinstead Rugby Football Club	teamname	East Grinstead RFC
Rabobank Development Team	teamname	Rabobank Development Team
Moita Rugby Clube da Bairrada	teamname	Moita Rugby Clube da Bairrada
Emerging Ireland	teamname	Emerging Ireland
Valley RFC	teamname	Valley RFC
Classic All Blacks	teamname	Classic All Blacks
IP Tomar Rugby	teamname	IP Tomar
Rugby da Universidade de Aveiro	teamname	Rugby da Universidade de Aveiro
Ubuntu Rugby	teamname	Ubuntu Rugby
Rugby Clube de Elvas	teamname	Elvas
Sporting Clube de Portugal	teamname	Sporting
Groninger Studenten Rugby Club	teamname	Groninger Studenten Rugby Club
Tecnologia	teamname	Tecnologia
Rugby Vila da Moita	teamname	Vila da Moita
Combined New South Wales–Queensland Country	teamname	Combined NSW-QLD Country
Clube Rugby São Miguel	teamname	São Miguel
New London County RFC	teamname	New London County RFC
Belas Rugby Clube	teamname	Belas
Regbio klubas Šiauliai	teamname	Šiauliai
Regbio klubas Vairas	teamname	Vairas
Rally Cycling	teamname	Rally Cycling
MKS Pogoń Siedlce	teamname	MKS Pogoń Siedlce
Finchley RFC	teamname	Finchley RFC
Warwickian Rugby Union Football Club	teamname	Warwickian RUFC
Regbio klubas Lūšis	teamname	Lūšis
Regbio klubas BaltRex	teamname	BaltRex
RK Žalgiris	teamname	Žalgiris
Samsung Heavy Industries Rugby Club	teamname	Samsung Heavy Industries
La Esperanza Rugby Club	teamname	Lenca Rugby
Yizre'el RC	teamname	Yizre'el Rugby Club
Jerusalem Lions RFC	teamname	Jerusalem Lions Rugby Football Club
Kilunda RFC	teamname	Masaku  RFC
Kisumu RFC	teamname	Kisumu  RFC
Gothenburg Rugby Club	teamname	Göteborg Rugbyförening
Pingvin RC	teamname	Pingvin Rugby Club
2013–14 Edinburgh Rugby season	teamname	Edinburgh 2013 / 2014
W52–FC Porto–Porto Canal	teamname	W52–FC Porto–Porto Canal
Thomas Cook's Rugby Club	teamname	Thos. Cook & Son's RFC
VRK Tigrarna	teamname	VRK Tigrarna
Uppsala RFC	teamname	Uppsala Rugby Football Club
Vänersborgs RK	teamname	Vänersborgs Rugbyklubb
Karlstads Rugbyklubb	teamname	Karlstads Rugbyklubb
Linköpings Rugbyklubb	teamname	Linköpings Rugbyklubb
Sengers Ladies Cycling Team	teamname	Sengers Ladies Cycling Team
Stockholm Berserkers RFC	teamname	Stockholm Berserkers Rugby Football Club
Lugi Rugbyklubb	teamname	Lunds Universitets Gymnastik och Idrottsförening Rugby football club
Sandviken RC	teamname	Sandviken Rugby Club
Alnwick RFC	teamname	Alnwick R.F.C.
RFC Liégeois Rugby	teamname	RFC Liègeois Rugby
NRK Troján	teamname	NRK Troján
Södertälje Rugbyklubb	teamname	Södertälje Rugbyklubb
Old Centralians	teamname	Old Centralians
Worcester Wanderers	teamname	Worcester Wanderers
Sale FC Rugby Club	teamname	Sale FC
Old Halesonians RFC	teamname	Old Halesonians
Tallinna Kalev RFC	teamname	Tallinna Kalev RFC
Tartu Rugby Klubi Lelo	teamname	Tartu Rugby Klubi Lelo
Uudeküla Bulldogs RFC	teamname	Uudeküla Bulldogs RFC
RFC Märjamaa	teamname	RFC Märjamaa
2013–14 Munster Rugby season	teamname	2013
RK Miesnieki	teamname	RK Miesnieki
LMT Regbija klubs Eži	teamname	LMT Regbija klubs Eži
RK Livonia	teamname	Regbija klubs Livonia
RK Baldone	teamname	Regbija klubs Baldone
RK Fēnikss	teamname	Regbija klubs Fēnikss
SK Kalve	teamname	Sporta klubs Kalve
RK Vikingi	teamname	Regbija klubs Vikingi
LLU Sporta klubs	teamname	Latvijas Lauksaimniecības universitāte Sporta klubs
RK Rudar	teamname	Ragbi klub Rudar
RK Čelik	teamname	Ragbi klub Čelik
Lusitanos XV	teamname	Lusitanos XV
RK Herceg	teamname	Ragbi klub Herceg
Tešanj RK	teamname	Tešanj Ragbi klub
Tiverton Rugby Club	teamname	Tiverton
RK Vitez	teamname	Ragbi klub Vitez
RK Gladijatori Derventa	teamname	Ragbi klub Gladijatori Derventa
Hamilton RFC, Sea Point	teamname	Hamilton RFC
RusVelo Women's Team	teamname	RusVelo Women's Team
Bizkaia–Durango	teamname	Bizkaia–Durango
S.C. Michela Fanini Rox	teamname	S.C. Michela Fanini Rox
Nedlands Rugby Union Football Club	teamname	Nedlands RUFC
RK Warriors Nemila	teamname	Ragbi klub Warriors Nemila
Ragbi klub Budućnost	teamname	Ragbi klub Budućnost
RC Army Tbilisi	teamname	RC Armia Tbilisi
Lelo Saracens	teamname	Lelo Saracens
RC Kochebi Bolnisi	teamname	RC Kochebi Bolnisi
RC Locomotive Tbilisi	teamname	RC Locomotive Tbilisi
Australian Maritime College Rugby Union Club	teamname	Australian Maritime College Rugby Union Football Club
2014–15 Edinburgh Rugby season	teamname	Edinburgh 2014 / 2015
Guasca Rugby Clube	teamname	Guasca
City of Armagh RFC	teamname	City of Armagh RFC
Sligo RFC	teamname	Sligo RFC
RFC Arsenal Tivat	teamname	Rugby Football Club Arsenal Tivat
Aylesford Bulls Ladies	teamname	Aylesford Bulls Ladies
Darlington Mowden Park Sharks	teamname	Darlington Mowden Park Sharks
Bristol Ladies	teamname	Bristol Ladies
Lichfield Ladies	teamname	Lichfield Ladies
Richmond Women	teamname	Richmond Women
Saracens Women	teamname	Saracens Women
Wasps Ladies	teamname	Wasps Ladies
Worcester Ladies	teamname	Worcester Ladies
Thurrock T-Birds	teamname	Thurrock T-Birds
Baton Rouge Rugby Football Club	teamname	BRRFC
Ragbi klub Nikšić	teamname	Ragbi klub Nikšić
Ragbi klub Krstaši	teamname	Ragbi klub Krstaši
Aeolos Rugby	teamname	Aeolos Rugby
Antwerp RC	teamname	Antwerp Rugby Club
Rugby Club Leuven	teamname	Rugby Club Leuven
Espoo Rugby Club	teamname	Espoo Rugby Club
RC Unterföhring	teamname	RC Unterföhring
RC Laakdal	teamname	Rugby Club Laakdal
Brussels Celtic RFC	teamname	Brussels Celtic Rugby Football Club
RC Hamme	teamname	Rugby Club Hamme
Rhinos Rugby Oudenaarde	teamname	Rhinos Rugby Oudenaarde
Gent RFC	teamname	Gent Rugby Football Club
New South Wales Country Eagles	teamname	New South Wales Country Eagles
Griffins Rugby	teamname	Griffins Rugby
Mechelen RFC	teamname	Mechelen Rugby Football Club
Woollahra Colleagues RFC	teamname	Colleagues
Campbelltown Harlequins RFC	teamname	Campbelltown Harlequins
BTC City Ljubljana	teamname	BTC City Ljubljana
RC Eeklo	teamname	Rugby Club Eeklo
Rugbyclub Diabolos	teamname	Rugbyclub Diabolos
ACT Veterans Rugby Club	teamname	ACT Vets
RC Lechia Gdańsk	teamname	Lechia Gdańsk
Hunters Hill Rugby Club	teamname	Hunters Hill Rugby
New South Wales Country Cockatoos	teamname	New South Wales Country
RC Murphy's Lommel	teamname	Rugby Club Murphy's Lommel
BrigandZe Rugby Compagnie	teamname	BrigandZe Rugby Compagnie
Dorking R.F.C.	teamname	Dorking R.F.C.
2013–14 Connacht Rugby season	teamname	2013
RC Hasselt	teamname	Rugby Club Hasselt
Rugbyclub Maasland	teamname	Rugbyclub Maasland
Panathinaikos Rugby	teamname	Panathinaikos
Mighty Roosters RC	teamname	Mighty Roosters Rugby Club
Rugbyclub Turnhout	teamname	Rugbyclub Turnhout
Rugbyclub Waereghem	teamname	Rugbyclub Waereghem
Chicago Blaze	teamname	Blaze RFC
NFTO	teamname	NFTO
Astana City	teamname	Astana City
Manchester Village Spartans RUFC	teamname	Manchester Village Spartans RUFC
Rugbyclub Curtrycke	teamname	Rugbyclub Curtrycke
2014–15 Connacht Rugby season	teamname	2014
San Luis Somos Todos	teamname	San Luis Somos Todos
Bletchley RUFC	teamname	Bletchley RUFC
Milton Keynes RUFC	teamname	Milton Keynes RUFC
Chard RFC	teamname	Chard
Hornets RFC	teamname	Hornets
Aborigen Rugby Club	teamname	Fundación Aborigen
RC Rustavi Kharebi	teamname	Rugby Club Rustavi Kharebi
Rugby-Welfen Braunschweig	teamname	Welfen Braunschweig
RC Armazi Tbilisi	teamname	Rugby Club Armazi Tbilisi
RC Jiki Tbilisi	teamname	Rugby Club Jiki Tbilisi
Huddersfield Y.M.C.A. RUFC	teamname	Huddersfield Y.M.C.A.
2014–15 Munster Rugby season	teamname	2014
Chichester RFC	teamname	Chichester
Peterborough Lions RFC	teamname	Peterborough Lions
Tbilisi Caucasians	teamname	Tbilisi Caucasians
Batumi RC	teamname	Batumi Rugby Club
CSM București	teamname	CSM București
TBS Universiteti RC	teamname	TBS Universiteti Rugby Club
Scottish Rugby Academy	teamname	BT Sport Caledonia Academy
Scottish Rugby Academy	teamname	BT Sport Edinburgh Academy
Scottish Rugby Academy	teamname	BT Sport West Academy
Scottish Rugby Academy	teamname	BT Sport Borders and East Lothian
2014–15 Glasgow Warriors season	teamname	Glasgow Warriors 2014 / 2015
Team Budget Forklifts	teamname	Team Budget Forklifts
Matrix Powertag	teamname	Matrix Powertag
SC Siemensstadt Rugby	teamname	SC Siemensstadt Rugby
Axeon–Hagens Berman	teamname	Axeon Hagens Berman
Champion System–Stan's NoTubes	teamname	Champion System–Stan's NoTubes
Roubaix–Lille Métropole	teamname	Roubaix-Lille Métropole
Montenegro national rugby sevens team	teamname	Montenegro national rugby sevens team
Hambantota Sharks	teamname	Hambantota Sharks
Kanturk RFC	teamname	Kanturk RFC
Up Country Lions	teamname	Up Country Lions
Team Pratomagno Women	teamname	Team Pratomagno Women
Wynnum Rugby Union Club	teamname	Wynnum Bugs
Ragbi Klub Mornar Bar	teamname	Ragbi Klub Mornar Bar
WIGGINS	teamname	WIGGINS
BZK Emakumeen Bira	teamname	BZK Emakumeen Bira
Cramo Go:green	teamname	Cramo Go:green
2015–16 Edinburgh Rugby season	teamname	Edinburgh 2015 / 2016
Balmain RFC	teamname	Balmain Rugby Club
Olympic Club RFC	teamname	Olympic Club Rugby
Villagers Worcester	teamname	Villagers Worcester
Tonga A national rugby union team	teamname	Tonga A
Junior Japan	teamname	Junior Japan
Canada A national rugby union team	teamname	Canada A
Samoa A national rugby union team	teamname	Samoa A
MKS Ogniwo Sopot	teamname	MKS Ogniwo Sopot
b Happy Tooth Dental	teamname	BMW p/b Happy Tooth Dental
Belgrade Rugby Club Red Star	teamname	Belgrade Rugby Club Red Star
Montenegro national rugby union team	teamname	Montenegro national rugby team
Rugby Club Balkan Mosquito	teamname	Rugby Club Balkan Mosquito
Rugby Club Krusevac	teamname	Rugby Club Krusevac
Vojvodina Rugby Club	teamname	Vojvodina Rugby Club
African Wildlife Safaris Cycling Team	teamname	African Wildlife Safaris Cycling Team
State of Matter MAAP Racing	teamname	State of Matter MAAP Racing
Satalyst Verve Racing Team	teamname	Satalyst Verve Racing Team
Los Matanceros	teamname	Buenos Aires Provincia
New Panteg RFC	teamname	New Panteg RFC
China Hainan Sports Lottery–Yindongli	teamname	China Yindonli-Wildto Cycling Team
Team Ukyo	teamname	Team Ukyo
China Continental Team of Gansu Bank	teamname	China Continental Team of Gansu Bank
Meridiana–Kamen	teamname	Meridiana-Kamen
Color Code–Arden'Beef	teamname	Color Code–Arden'Beef
ERA–Circus	teamname	Era–MurProtec
Crelan–Vastgoedservice	teamname	Crelan–Vastgoedservice
2015–16 Glasgow Warriors season	teamname	Glasgow Warriors 2015 / 2016
CK Banská Bystrica	teamname	CK Banska Bystrica
Mercury Cycling Team	teamname	Mercury
BabyDump Cycling Team	teamname	Baby-Dump Cycling Team
Alfa Rugby Bydgoszcz	teamname	Alfa Rugby Bydgoszcz
Skra Warszawa Rugby	teamname	Skra Warszawa Rugby
Team Rytger	teamname	Team Rytger
Deal & Betteshanger Rugby Club	teamname	Deal and Betteshanger \
South African Universities rugby union team	teamname	South African Universities rugby union team
Jaguares	teamname	Jaguares
Sunwolves	teamname	Sunwolves
Club de Rugby Sant Cugat	teamname	Club de Rugby Sant Cugat
Rugby Club Lovćen	teamname	Lovcen Rugby Club
Fénix Club de Rugby	teamname	Fénix Club de Rugby
Eibar RT	teamname	Eibar Hierros Anetxe
Zarautz RT	teamname	Babyauto Zarautz
RC Rottweil	teamname	RC Rottweil
Barcelona Enginyers Rugby	teamname	Barcelona Enginyers Rugby
Cube Action Team	teamname	Cube Action Team
Belenos RC	teamname	Oxigar Belenos
Durango RT	teamname	Durango Nissan-Gaursa
Barcelona Universitari Club	teamname	Barcelona Universitari Club
Finland Rugby Referees Association	teamname	Finland Rugby Referees Association
RC L'Hospitalet	teamname	L'Hospitalet
RC Sitges	teamname	Sitges
Uribealdea RKE	teamname	Uribealdea
Fordham University Rugby Football Club	teamname	Fordham Rams
Helvetia Rugby	teamname	Helvetia Rugby
Glasgow District	teamname	Glasgow District
2010–11 Edinburgh Rugby season	teamname	Edinburgh 2010 / 2011
2006–07 Glasgow Warriors season	teamname	Glasgow Warriors 2006 / 2007
CAR Cáceres	teamname	CAR Cáceres
Rugby Club Valpolicella	teamname	Rugby Club Valpolicella
Stade Olympique Chambérien Rugby	teamname	SO Chambéry
1996–97 Glasgow Warriors season	teamname	Glasgow Warriors 1996 / 1997
2015–16 Munster Rugby season	teamname	2015
CUS Perugia Rugby	teamname	CUS Perugia Rugby
1997–98 Glasgow Warriors season	teamname	Glasgow Warriors 1997 / 1998
ROC La Voulte-Valence	teamname	La Voulte-Valence
Watsonians Ladies Rugby	teamname	Watsonians FC Ladies
Old Bristolians Rugby Football Club	teamname	Old Bristolians RFC
Tasman Rugby Boadilla	teamname	Tasman Boadilla
2013–14 Glasgow Warriors season	teamname	Glasgow Warriors 2013 / 2014
1998–99 Glasgow Warriors season	teamname	Glasgow Warriors 1998 / 1999
Team Morgan Sharpe	teamname	Morgan Sharpe p/b Adventure Cycles
Olímpico RC	teamname	Olímpico Rugby Club
2007–08 Glasgow Warriors season	teamname	Glasgow Warriors 2007 / 2008
2008–09 Glasgow Warriors season	teamname	Glasgow Warriors 2008 / 2009
2009–10 Glasgow Warriors season	teamname	Glasgow Warriors 2009 / 2010
2010–11 Glasgow Warriors season	teamname	Glasgow Warriors 2010 / 2011
2011–12 Glasgow Warriors season	teamname	Glasgow Warriors 2011 / 2012
2012–13 Glasgow Warriors season	teamname	Glasgow Warriors 2012 / 2013
2001–02 Glasgow Warriors season	teamname	Glasgow Warriors 2001 / 2002
2002–03 Glasgow Warriors season	teamname	Glasgow Warriors 2002 / 2003
2003–04 Glasgow Warriors season	teamname	Glasgow Warriors 2003 / 2004
2004–05 Glasgow Warriors season	teamname	Glasgow Warriors 2004 / 2005
2005–06 Glasgow Warriors season	teamname	Glasgow Warriors 2005 / 2006
1999–2000 Glasgow Warriors season	teamname	Glasgow Warriors 1999 / 2000
Beijing Innova Cycling Team	teamname	Beijing Innova Cycling Team
China Cooperation Development Cycling Team	teamname	China Cooperation Development Cycling Team
Ciervo Nara Merida Cycling Team	teamname	Ciervo Nara Merida Cycling Team
C Project	teamname	C Project
Cafés Baqué	teamname	Cafés Baqué
Valdosta State University Rugby Club	teamname	VSU Rugby
Manchester Medics RUFC	teamname	Manchester Medics RUFC
CAU Metropolitano RC	teamname	CAU Metropolitano Rugby Club
Moray RFC	teamname	Moray RFC
La Única RT	teamname	La Única Rugby Taldea
Quimic Equip Rugby	teamname	Quimic Equip Rugby
UR Almería	teamname	Unión Rugby Almería
2000–01 Glasgow Warriors season	teamname	Glasgow Warriors 2000 / 2001
Canels Specialized	teamname	Canels Specialized
Cirencester RFC	teamname	Cirencester
Al Marakeb Cycling Team	teamname	Al Marakeb Cycling Team
CK Příbram Fany Gastro	teamname	CK Příbram Fany Gastro
Lindfield Rugby Club	teamname	Lindfield Rugby Club
Missoula Maggots	teamname	Missoula All Maggots RFC
Clarkston RFC	teamname	Clarkston
Glasgow Southern RFC	teamname	Glasgow Southern
2015–16 Connacht Rugby season	teamname	2014
Surfers Paradise Dolphins	teamname	Surfers Paradise Dolphins Rugby Football Club
Nerang Bulls RUC	teamname	Nerang Bulls Rugby Union Football Club
Helensvale Hogs RUC	teamname	Helensvale Hogs Rugby Union Football Club
Palm Beach Currumbin Alleygators RUC	teamname	Palm Beach Currumbin Alleygators Rugby Union Football Club
Gold Coast Eagles	teamname	Gold Coast 'Eagles'
Bond Pirates Rugby Club	teamname	Bond Pirates Rugby Club
Drops Cycling Team	teamname	Drops Cycling Team
Welwitschias	teamname	Welwitschias
Ipswich Rangers Rugby Club	teamname	Ipswich Rangers
Tirana Rugby Club	teamname	Klubi Regbisë Tirana
Wetherby RUFC	teamname	Wetherby RUFC
Aparejadores Rugby	teamname	UBU Cajaviva
North and Midlands	teamname	North and Midlands
Rugbyclub Wageningen	teamname	Rugby Club Wageningen
Glasgow HSFP	teamname	Glasgow HSFP
Kelvinside Academicals RFC	teamname	Kelvinside Academicals
Edinburgh District	teamname	Edinburgh District
Sacramento Express	teamname	Sacramento Express
San Diego Breakers	teamname	San Diego Breakers
San Francisco Rush	teamname	San Francisco Rush
Denver Stampede	teamname	Denver Stampede
Australian Barbarians	teamname	Australian Barbarians Rugby Club
Scottish Exiles	teamname	Scottish Exiles
Ruggers 34 RFC	teamname	Ruggers 34 Rugby Football Club
2016–17 Edinburgh Rugby season	teamname	Edinburgh 2016 / 2017
North of Scotland District	teamname	North of Scotland
Midlands District	teamname	Midlands
2016 Denver Stampede season	teamname	Denver Stampede
CS Politehnica Iași	teamname	Politehnica Iași
2016 Sacramento Express season	teamname	Sacramento Express
2016 Ohio Aviators season	teamname	Ohio Aviators
Cheltenham Saracens RFC	teamname	Cheltenham Saracens RFC
Clydesdale RFC, Glasgow	teamname	Clydesdale
Clydesdale RFC, South Lanarkshire	teamname	Clydesdale
Haukar RC	teamname	Haukar RC
RIE College RFC	teamname	RIE College RFC
RFC Raiders	teamname	Rugby Football Club Raiders
Rugby Club Vannes	teamname	RC Vannes
Co-Optimist Rugby Club	teamname	Co-Optimist Rugby Club
Club de Rugby Xerez Deportivo FC	teamname	CRUXE DFC
2016–17 Munster Rugby season	teamname	2016
2016–17 Glasgow Warriors season	teamname	Glasgow Warriors 2016 / 2017
Soyaux Angoulême XV Charente	teamname	SA XV Charente
Ragbi klub Podgorica	teamname	Podgorica Rugby Club
Long Eaton RFC	teamname	Long Eaton RFC
Manisaspor Cycling Team	teamname	Manisaspor Cycling Team
Ankaragücü Cycling Team	teamname	Ankaragücü Cycling Team
Ilkley Rugby Club	teamname	Ilkley
Bridgnorth RFC	teamname	Bridgnorth
Colchester RFC	teamname	Colchester
Eton Manor RFC	teamname	Eton Manor
Ivybridge RFC	teamname	Ivybridge
Salisbury RFC	teamname	Salisbury
Hessle RUFC	teamname	Hessle RUFC
Scottish Rugby Academy 2015-16	teamname	Scottish Rugby Academy
Scottish Rugby Academy 2015-16	teamname	2015
Scottish Rugby Academy 2016–17	teamname	Scottish Rugby Academy
Scottish Rugby Academy 2016–17	teamname	2016
Ilirët Rugby Club	teamname	Klubi Regbisë Ilirët
Grimsby RUFC	teamname	Grimsby RUFC
Saskatoon Wild Oats RFC	teamname	Saskatoon Wild Oats R.F.C
Adelaide Black Falcons	teamname	South Australia
