Channel 4	timeshiftNames	Channel 4 +1
Channel 4	timeshiftNames	Channel 4 +1 HD
Disney Channel	timeshiftNames	Disney Channel East
Disney Channel	timeshiftNames	Disney Channel West
Showtime	timeshiftNames	Showtime East,
Showtime	timeshiftNames	Showtime West,
Showtime	timeshiftNames	Showtime 2 East,
Showtime	timeshiftNames	Showtime 2 West,
Showtime	timeshiftNames	Showcase East,
Showtime	timeshiftNames	Showcase West,
Showtime	timeshiftNames	Showtime Beyond East,
Showtime	timeshiftNames	Showtime Beyond West,
Showtime	timeshiftNames	Showtime Extreme East,
Showtime	timeshiftNames	Showtime Extreme West,
Showtime	timeshiftNames	Showtime Family Zone East,
Showtime	timeshiftNames	Showtime Family Zone West,
Showtime	timeshiftNames	Showtime Next East,
Showtime	timeshiftNames	Showtime Next West,
Showtime	timeshiftNames	Showtime Women East,
Showtime	timeshiftNames	Showtime Women West
Toon Disney	timeshiftNames	Toon Disney +1
Nickelodeon	timeshiftNames	[[#Other services
Cinemax	timeshiftNames	Cinemax East,
Cinemax	timeshiftNames	Cinemax West,
Cinemax	timeshiftNames	MoreMax East,
Cinemax	timeshiftNames	MoreMax West,
Cinemax	timeshiftNames	ActionMax East,
Cinemax	timeshiftNames	ActionMax West,
Cinemax	timeshiftNames	ThrillerMax East,
Cinemax	timeshiftNames	ThrillerMax West,
Cinemax	timeshiftNames	MovieMax East,
Cinemax	timeshiftNames	MovieMax West,
Cinemax	timeshiftNames	Cinemáx East,
Cinemax	timeshiftNames	Cinemáx West,
Cinemax	timeshiftNames	5
Cinemax	timeshiftNames	OuterMax East,
Cinemax	timeshiftNames	OuterMax West
ITV	timeshiftNames	ITV +1
RTÉ2	timeshiftNames	RTÉ2 +1
Syfy	timeshiftNames	Syfy +1
Gold	timeshiftNames	Gold +1
BBC UKTV	timeshiftNames	BBC UKTV + 2
Sky 1	timeshiftNames	Sky 1 +1 (  )
YTV	timeshiftNames	YTV East
YTV	timeshiftNames	YTV West
ITV2	timeshiftNames	ITV2 +1
TV3	timeshiftNames	TV3 +1
QVC	timeshiftNames	QVC Plus
UniMás	timeshiftNames	UniMás East
UniMás	timeshiftNames	UniMás West
W Network	timeshiftNames	W Network East
W Network	timeshiftNames	W Network West
UTV	timeshiftNames	UTV +1
Teletoon	timeshiftNames	Teletoon East
Teletoon	timeshiftNames	Teletoon West
Fox8	timeshiftNames	Fox8+2
TV3	timeshiftNames	TV3 plus 1
The Comedy Network	timeshiftNames	Comedy East
The Comedy Network	timeshiftNames	Comedy West
Flix	timeshiftNames	Flix East,
Flix	timeshiftNames	Flix West
The Movie Channel	timeshiftNames	The Movie Channel East,
The Movie Channel	timeshiftNames	The Movie Channel West,
The Movie Channel	timeshiftNames	The Movie Channel Xtra East,
The Movie Channel	timeshiftNames	The Movie Channel Xtra West
Ftn	timeshiftNames	Ftn+1
Boomerang	timeshiftNames	Boomerang +1
Eden	timeshiftNames	Eden +1
Dave	timeshiftNames	Dave ja vu
Yesterday	timeshiftNames	Yesterday +1
Good Food	timeshiftNames	Good Food +1
Alibi	timeshiftNames	Alibi +1
Home	timeshiftNames	Home +1
ITV3	timeshiftNames	ITV3 +1
Sky Living	timeshiftNames	Sky Living +1
Challenge	timeshiftNames	Challenge +1
Bravo	timeshiftNames	Bravo +1
Starz	timeshiftNames	* Starz East\n* Starz West\n* Starz Cinema East\n* Starz Cinema West\n* Starz Comedy East\n* Starz Comedy West\n* Starz Edge East\n* Starz Edge West\n* Starz Kids & Family East\n* Starz Kids & Family West\n* Starz In Black East\n* Starz In Black West
Family Channel	timeshiftNames	Family Channel East
Family Channel	timeshiftNames	Family Channel West
Sky Real Lives	timeshiftNames	Sky Real Lives +1
Showtime Movie Channels	timeshiftNames	showtime two
History	timeshiftNames	History East
History	timeshiftNames	History West
ITV4	timeshiftNames	ITV4 +1
Comedy Central	timeshiftNames	Comedy Central +1
Comedy Central Extra	timeshiftNames	Comedy Central Extra +1
Pop	timeshiftNames	Pop +1
Fox Classics	timeshiftNames	Fox Classics+2
Playhouse Disney	timeshiftNames	Playhouse Disney +1
Starz Encore	timeshiftNames	* Starz Encore East\n* Starz Encore West\n* Starz Encore Action East\n* Starz Encore Action West\n* Starz Encore Black East\n* Starz Encore Black West\n* Starz Encore Español East\n* Starz Encore Classic East\n* Starz Encore Classic West\n* Starz Encore Español West\n* Starz Encore Family East\n* Starz Encore Family West\n* Starz Encore Suspense East\n* Starz Encore Suspense West\n* Starz Encore Westerns East\n* Starz Encore Westerns West
Discovery Real Time	timeshiftNames	Discovery Real Time +1
Telelatino	timeshiftNames	Telelatino West
Super RTL	timeshiftNames	Toggo Plus
SoHo	timeshiftNames	SoHo+2
Fox	timeshiftNames	Fox+
More4	timeshiftNames	More4 +1
Quiz Call	timeshiftNames	Quiz Call+1
Nickelodeon	timeshiftNames	Nick +1
Pick	timeshiftNames	Pick +1
LifeStyle	timeshiftNames	LifeStyle +2
LifeStyle Food	timeshiftNames	LifeStyle Food + 2
Real Lives	timeshiftNames	Real Lives +1
TVNZ 1	timeshiftNames	TVNZ 1 +1
The WB 100+ Station Group	timeshiftNames	The WB 100+ East
The WB 100+ Station Group	timeshiftNames	The WB 100+ Mountain
The WB 100+ Station Group	timeshiftNames	The WB 100+ Pacific
Disney Channel	timeshiftNames	Disney Channel +1
Horror Channel	timeshiftNames	Horror Channel +1
Cartoon Network	timeshiftNames	Cartoon Network +1
Boomerang	timeshiftNames	Boomerang +1
TVNZ 2	timeshiftNames	TVNZ 2 +1
HBO	timeshiftNames	HBO East, HBO West,
HBO	timeshiftNames	HBO2 East, HBO2 West,
HBO	timeshiftNames	HBO Comedy East,
HBO	timeshiftNames	HBO Comedy West,
HBO	timeshiftNames	HBO Family East,
HBO	timeshiftNames	HBO Family West,
HBO	timeshiftNames	HBO Latino East,
HBO	timeshiftNames	HBO Latino West,
HBO	timeshiftNames	HBO Signature East,
HBO	timeshiftNames	HBO Signature West,
HBO	timeshiftNames	HBO Zone East,
HBO	timeshiftNames	HBO Zone West
HBO	timeshiftNames	HBO HD
The CW Plus	timeshiftNames	The CW Plus East
The CW Plus	timeshiftNames	The CW Plus Mountain
The CW Plus	timeshiftNames	The CW Plus Pacific
Universal Channel	timeshiftNames	Universal Channel +1
QVC	timeshiftNames	QVC +1 HD
Discovery Home & Health	timeshiftNames	Discovery Home & Health +1
Travel Channel	timeshiftNames	Travel Channel +1
5 USA	timeshiftNames	5
5Star	timeshiftNames	5
Nick Jr.	timeshiftNames	Nick Jr. +1
Turner Classic Movies	timeshiftNames	Turner Classic Movies +1
Discovery Channel	timeshiftNames	Discovery Channel +1
Movies4Men	timeshiftNames	Movies4Men +1
Channel Eye	timeshiftNames	Nethra TV
Crime & Investigation Network	timeshiftNames	CI +1
E4	timeshiftNames	E4 +1
Disney Junior	timeshiftNames	Disney Junior +
Movies 24	timeshiftNames	Movies 24 +
Movies4Men 2	timeshiftNames	Movies4Men 2 +1
V Hits	timeshiftNames	[V] Hits + 2
STV	timeshiftNames	STV +1
Discovery Channel	timeshiftNames	Discovery +2
MediaCorp Central	timeshiftNames	Kids Central – 8:00 am to 9:00 pm , 8:00 am to 2:00 pm , 8:00 am to 12:00 midday
MediaCorp Central	timeshiftNames	Vasantham Central – 2:00 pm to 9:00 pm , 12:00 midday to 9:00 pm
MediaCorp Central	timeshiftNames	Arts Central – 9:00 pm to 12:00 midnight
History	timeshiftNames	History +1
Disney Channel	timeshiftNames	Disney Channel +1
Disney Channel	timeshiftNames	Disney Channel +2
Telemundo	timeshiftNames	* East\n* West
Channel One	timeshiftNames	Channel One +1
VV Drama	timeshiftNames	VV Drama+3
VV Drama	timeshiftNames	娛家戲劇台+3
Lemar TV	timeshiftNames	Tolo TV
Lemar TV	timeshiftNames	TOLOnews
Lemar TV	timeshiftNames	FARSI1
Nuts TV	timeshiftNames	Nuts TV +1 - also shutdown
TLC	timeshiftNames	TLC+2
Discovery History	timeshiftNames	Discovery History +1
DMAX	timeshiftNames	DMAX +1
Univision	timeshiftNames	* Univision East\n* Univision West
Kix	timeshiftNames	Kix +1
Cartoon Network Arabic	timeshiftNames	Cartoon Network Arabic +2
National Geographic Channel	timeshiftNames	National Geographic +2
Disney Channel	timeshiftNames	Disney Channel
W	timeshiftNames	W +1
Nickelodeon	timeshiftNames	Nickelodeon +1
Fox	timeshiftNames	Fox +1, Fox +2
Animal Planet	timeshiftNames	Animal Planet +1
Channel 3	timeshiftNames	--01-03
Joi	timeshiftNames	Joi +1
Mya	timeshiftNames	Mya +1
HBO Canada	timeshiftNames	HBO Canada 1
HBO Canada	timeshiftNames	HBO Canada 2
Channel South	timeshiftNames	Not known
111	timeshiftNames	111
Okto	timeshiftNames	9
Okto	timeshiftNames	7
Quest	timeshiftNames	Quest +1
Discovery Home & Health	timeshiftNames	Discovery Home & Health +1
DD Metro	timeshiftNames	Metro Gold
TRT GAP	timeshiftNames	TRT 3
GXT	timeshiftNames	GXT +1
E City	timeshiftNames	E City +2
E City	timeshiftNames	都会台 +2
Fox Crime	timeshiftNames	Fox Crime +1
Fox Crime	timeshiftNames	Fox Crime +2
Fox Life	timeshiftNames	Fox Life +1; Fox Life +2
TLC	timeshiftNames	TLC +1
TLC	timeshiftNames	TLC +2
Investigation Discovery Europe	timeshiftNames	Investigation Discovery +1
Discovery Channel Italy	timeshiftNames	Discovery Channel +1
LifeStyle You	timeshiftNames	LifeStyle YOU +2
13th Street	timeshiftNames	13
Nick Jr.	timeshiftNames	Nick Jr. +1
Disney Cinemagic	timeshiftNames	Disney Cinemagic +1
Ada TV	timeshiftNames	24.0
MTV	timeshiftNames	MTV +1
Disney Junior	timeshiftNames	Disney Junior +1
Channel 5	timeshiftNames	Channel 5 +1
Sky Atlantic	timeshiftNames	Sky Atlantic +1
Al Aoula	timeshiftNames	Aloula Europe +1
Four	timeshiftNames	Four Plus 1
MTV Music	timeshiftNames	MTV Music +1
Movie Network Channels	timeshiftNames	Movie Two, Starpics 2
Sony Channel	timeshiftNames	Sony Channel +1
MTV Flanders	timeshiftNames	Nickelodeon
Showcase	timeshiftNames	Showcase Two
Disney Channel	timeshiftNames	Disney Channel +1
More Than Movies	timeshiftNames	More Than Movies +1
Real Time	timeshiftNames	Real Time +1
FX Australia	timeshiftNames	FX + 2
RTÉ One	timeshiftNames	RTÉ One +1
A&E Australia	timeshiftNames	A&E + 2
Extra	timeshiftNames	Extra 2
Gold	timeshiftNames	Gold 2
Zone Reality	timeshiftNames	Zone Reality +1
CBS Reality	timeshiftNames	CBS Reality +1
Disney XD	timeshiftNames	Disney XD +1
Disney XD	timeshiftNames	Disney XD +1, Disney XD +2
Discovery Science	timeshiftNames	Discovery Science +1
Foxtel Movies	timeshiftNames	Premiere +2
Foxtel Movies	timeshiftNames	Family +2
Foxtel Movies	timeshiftNames	Action +2
Foxtel Movies	timeshiftNames	Disney +2
Horn Cable Television	timeshiftNames	HCTV
Disney XD	timeshiftNames	Disney XD +1
Syfy	timeshiftNames	Syfy + 2
Lifetime	timeshiftNames	Lifetime +1
TVHits	timeshiftNames	TV Hits + 2
ITV Encore	timeshiftNames	ITV Encore +1
ITVBe	timeshiftNames	ITVBe +1
East Asia TV	timeshiftNames	EATV+1
YourTV	timeshiftNames	YourTV +1
DreamWorks Channel	timeshiftNames	DreamWorks Channel +1
Freeform	timeshiftNames	Freeform West
Bravo	timeshiftNames	Bravo Plus 1
Film Hits	timeshiftNames	Film Hits +1
